Agrupamiento,Imputación,Importe,fecha,DIPONIBILIDAD DE FONDOS,ORIGEN FONDOS
1.2.1.01.01,TASA SERVICIOS GENERALES MUNICIPALES - EJERCICIO-,25033877.42,2026-01-02 00:00:00,Libre Disponibilidad,Municipales
1.1.9.05.02,IMPUESTO AUTOMOTOR LEY 13.010 - ANTERIORES-,5660228.92,2026-01-02 00:00:00,Libre Disponibilidad,Municipales
1.2.1.01.02,TASA SERVICIOS GENERALES MUNICIPALES -ANTERIORES-,3792746.72,2026-01-02 00:00:00,Libre Disponibilidad,Municipales
1.2.1.05.02,INSPECCIÓN DE SEGURIDAD E HIGIENE -ANTERIORES-,2658822.31,2026-01-02 00:00:00,Libre Disponibilidad,Municipales
1.2.6.01.02,MULTAS POR CONTRAVENCIONES EJERCICIOS ANTERIORES,1384945,2026-01-02 00:00:00,Libre Disponibilidad,Municipales
1.2.6.02.02,INFRACCION A LAS OBLIGACIONES EJERCICIO ANTERIORES,1329715.84,2026-01-02 00:00:00,Libre Disponibilidad,Municipales
1.2.6.02.01,INFRACCION A LAS OBLIGACIONES EJERCICIO,699490.59,2026-01-02 00:00:00,Libre Disponibilidad,Municipales
1.2.2.14.01,DERECHOS DE OFICINA DEL EJERCICIO,575600,2026-01-02 00:00:00,Libre Disponibilidad,Municipales
1.2.2.14.04,ALTAS Y/O BAJAS IMPOSIT.DE AUTOMOTORES,319160,2026-01-02 00:00:00,Libre Disponibilidad,Municipales
1.2.6.08.02,MULTAS POR CONTRAVENCIONES (EJERC.ANTERIORES,256650,2026-01-02 00:00:00,Libre Disponibilidad,Municipales
1.1.9.08.01,PATENTE DE MOTOVEHICULOS DEL EJERCICIO,168066.5,2026-01-02 00:00:00,Libre Disponibilidad,Municipales
1.2.2.14.05,ALTAS Y/O BAJAS IMPOSIT.DE MOTOVEHICULOS,144000,2026-01-02 00:00:00,Libre Disponibilidad,Municipales
1.2.2.05.02,OCUPACION Y USO DE ESPACIOS PUBLICOS DE EJERCICOS ANTERIORES,115747.99,2026-01-02 00:00:00,Libre Disponibilidad,Municipales
1.2.2.08.02,CEMENTERIO EJERCICIOS ANTERIORES,101280,2026-01-02 00:00:00,Libre Disponibilidad,Municipales
1.2.2.03.02,PUBLICIDAD Y PROPAGANDA -ANTERIORES-,77246.81,2026-01-02 00:00:00,Libre Disponibilidad,Municipales
1.2.2.14.02,DERECHOS DE OFICINA EJERCICIOS ANTERIORES,62622,2026-01-02 00:00:00,Libre Disponibilidad,Municipales
1.2.2.08.01,CEMENTERIO EJERCICIO,55000,2026-01-02 00:00:00,Libre Disponibilidad,Municipales
1.2.2.03.01,PUBLICIDAD Y PROPAGANDA -EJERCICIO-,33259.81,2026-01-02 00:00:00,Libre Disponibilidad,Municipales
1.2.2.05.01,OCUPACION Y USO DE ESPACIOS PUBLICOS DEL EJERCICIO,26455,2026-01-02 00:00:00,Libre Disponibilidad,Municipales
1.2.2.17.01,DERECHO POR OFICIO JUDICIAL DEL EJERCICIO,20000,2026-01-02 00:00:00,Libre Disponibilidad,Municipales
1.2.1.21,TASAS POR SERV.VARIOS EJERCICIO ANTERIOR,16317.22,2026-01-02 00:00:00,Libre Disponibilidad,Municipales
1.2.1.01.01,TASA SERVICIOS GENERALES MUNICIPALES - EJERCICIO-,58507953.32,2026-01-05 00:00:00,Libre Disponibilidad,Municipales
1.2.6.01.02,MULTAS POR CONTRAVENCIONES EJERCICIOS ANTERIORES,55864127.3,2026-01-05 00:00:00,Libre Disponibilidad,Municipales
1.2.1.05.02,INSPECCIÓN DE SEGURIDAD E HIGIENE -ANTERIORES-,29565548.54,2026-01-05 00:00:00,Libre Disponibilidad,Municipales
1.2.2.14.01,DERECHOS DE OFICINA DEL EJERCICIO,8298206.05,2026-01-05 00:00:00,Libre Disponibilidad,Municipales
1.2.6.02.02,INFRACCION A LAS OBLIGACIONES EJERCICIO ANTERIORES,6655128.9,2026-01-05 00:00:00,Libre Disponibilidad,Municipales
1.1.9.05.02,IMPUESTO AUTOMOTOR LEY 13.010 - ANTERIORES-,5327674.66,2026-01-05 00:00:00,Libre Disponibilidad,Municipales
1.2.1.01.02,TASA SERVICIOS GENERALES MUNICIPALES -ANTERIORES-,3246102.46,2026-01-05 00:00:00,Libre Disponibilidad,Municipales
1.2.6.02.01,INFRACCION A LAS OBLIGACIONES EJERCICIO,1541713.18,2026-01-05 00:00:00,Libre Disponibilidad,Municipales
1.2.6.08.02,MULTAS POR CONTRAVENCIONES (EJERC.ANTERIORES,513300,2026-01-05 00:00:00,Libre Disponibilidad,Municipales
1.2.2.05.01,OCUPACION Y USO DE ESPACIOS PUBLICOS DEL EJERCICIO,452960,2026-01-05 00:00:00,Libre Disponibilidad,Municipales
1.2.2.14.04,ALTAS Y/O BAJAS IMPOSIT.DE AUTOMOTORES,439160,2026-01-05 00:00:00,Libre Disponibilidad,Municipales
1.1.9.08.01,PATENTE DE MOTOVEHICULOS DEL EJERCICIO,405356.78,2026-01-05 00:00:00,Libre Disponibilidad,Municipales
1.2.1.14,TASA POR SERVICIOS VARIOS EJERCICIO,355320,2026-01-05 00:00:00,Libre Disponibilidad,Municipales
1.2.2.14.05,ALTAS Y/O BAJAS IMPOSIT.DE MOTOVEHICULOS,162000,2026-01-05 00:00:00,Libre Disponibilidad,Municipales
1.2.2.08.02,CEMENTERIO EJERCICIOS ANTERIORES,103735,2026-01-05 00:00:00,Libre Disponibilidad,Municipales
1.2.1.21,TASAS POR SERV.VARIOS EJERCICIO ANTERIOR,87205.46,2026-01-05 00:00:00,Libre Disponibilidad,Municipales
1.2.2.08.01,CEMENTERIO EJERCICIO,82000,2026-01-05 00:00:00,Libre Disponibilidad,Municipales
1.2.2.05.02,OCUPACION Y USO DE ESPACIOS PUBLICOS DE EJERCICOS ANTERIORES,52306,2026-01-05 00:00:00,Libre Disponibilidad,Municipales
1.2.2.03.02,PUBLICIDAD Y PROPAGANDA -ANTERIORES-,48760,2026-01-05 00:00:00,Libre Disponibilidad,Municipales
1.2.2.14.02,DERECHOS DE OFICINA EJERCICIOS ANTERIORES,26999.87,2026-01-05 00:00:00,Libre Disponibilidad,Municipales
1.2.2.03.01,PUBLICIDAD Y PROPAGANDA -EJERCICIO-,21136.07,2026-01-05 00:00:00,Libre Disponibilidad,Municipales
1.2.1.02,SERVICIOS ESPECIALES DE LIMPIEZA E HIGIENE,14000,2026-01-05 00:00:00,Libre Disponibilidad,Municipales
1.2.2.11.01,DERECHOS DE CONSTRUCCION,-21857.5,2026-01-05 00:00:00,Libre Disponibilidad,Municipales
1.2.1.01.01,TASA SERVICIOS GENERALES MUNICIPALES - EJERCICIO-,214369661.5,2026-01-06 00:00:00,Libre Disponibilidad,Municipales
1.2.6.01.02,MULTAS POR CONTRAVENCIONES EJERCICIOS ANTERIORES,38976856.33,2026-01-06 00:00:00,Libre Disponibilidad,Municipales
1.2.1.01.02,TASA SERVICIOS GENERALES MUNICIPALES -ANTERIORES-,36146874.46,2026-01-06 00:00:00,Libre Disponibilidad,Municipales
1.2.1.05.02,INSPECCIÓN DE SEGURIDAD E HIGIENE -ANTERIORES-,31499991.64,2026-01-06 00:00:00,Libre Disponibilidad,Municipales
1.2.2.14.01,DERECHOS DE OFICINA DEL EJERCICIO,11254647,2026-01-06 00:00:00,Libre Disponibilidad,Municipales
1.1.9.05.02,IMPUESTO AUTOMOTOR LEY 13.010 - ANTERIORES-,10896580.9,2026-01-06 00:00:00,Libre Disponibilidad,Municipales
1.2.6.02.02,INFRACCION A LAS OBLIGACIONES EJERCICIO ANTERIORES,9245520.76,2026-01-06 00:00:00,Libre Disponibilidad,Municipales
1.2.6.08.02,MULTAS POR CONTRAVENCIONES (EJERC.ANTERIORES,6793350,2026-01-06 00:00:00,Libre Disponibilidad,Municipales
1.2.6.02.01,INFRACCION A LAS OBLIGACIONES EJERCICIO,4596475.31,2026-01-06 00:00:00,Libre Disponibilidad,Municipales
1.2.2.11.01,DERECHOS DE CONSTRUCCION,2498771.66,2026-01-06 00:00:00,Libre Disponibilidad,Municipales
1.2.2.08.02,CEMENTERIO EJERCICIOS ANTERIORES,2432488,2026-01-06 00:00:00,Libre Disponibilidad,Municipales
1.2.1.21,TASAS POR SERV.VARIOS EJERCICIO ANTERIOR,1022069.29,2026-01-06 00:00:00,Libre Disponibilidad,Municipales
1.1.9.08.01,PATENTE DE MOTOVEHICULOS DEL EJERCICIO,789882.71,2026-01-06 00:00:00,Libre Disponibilidad,Municipales
1.2.2.14.04,ALTAS Y/O BAJAS IMPOSIT.DE AUTOMOTORES,460400.01,2026-01-06 00:00:00,Libre Disponibilidad,Municipales
1.2.2.03.02,PUBLICIDAD Y PROPAGANDA -ANTERIORES-,372437.63,2026-01-06 00:00:00,Libre Disponibilidad,Municipales
1.2.2.08.01,CEMENTERIO EJERCICIO,357685,2026-01-06 00:00:00,Libre Disponibilidad,Municipales
1.2.1.04,HABILITACIÓN DE COMERCIOS E INDUSTRIAS,264330,2026-01-06 00:00:00,Libre Disponibilidad,Municipales
1.2.2.14.05,ALTAS Y/O BAJAS IMPOSIT.DE MOTOVEHICULOS,263646,2026-01-06 00:00:00,Libre Disponibilidad,Municipales
1.2.2.05.02,OCUPACION Y USO DE ESPACIOS PUBLICOS DE EJERCICOS ANTERIORES,258659.82,2026-01-06 00:00:00,Libre Disponibilidad,Municipales
1.2.1.14,TASA POR SERVICIOS VARIOS EJERCICIO,238600,2026-01-06 00:00:00,Libre Disponibilidad,Municipales
1.2.2.03.01,PUBLICIDAD Y PROPAGANDA -EJERCICIO-,234273.19,2026-01-06 00:00:00,Libre Disponibilidad,Municipales
1.2.2.14.02,DERECHOS DE OFICINA EJERCICIOS ANTERIORES,140348.15,2026-01-06 00:00:00,Libre Disponibilidad,Municipales
1.2.2.05.01,OCUPACION Y USO DE ESPACIOS PUBLICOS DEL EJERCICIO,102880,2026-01-06 00:00:00,Libre Disponibilidad,Municipales
1.2.6.01.01,MULTAS POR CONTRAVENCIONES DEL EJERCICIO,-0.12,2026-01-06 00:00:00,Libre Disponibilidad,Municipales
1.2.1.01.01,TASA SERVICIOS GENERALES MUNICIPALES - EJERCICIO-,396323360.6,2026-01-07 00:00:00,Libre Disponibilidad,Municipales
1.2.1.01.02,TASA SERVICIOS GENERALES MUNICIPALES -ANTERIORES-,50848365.92,2026-01-07 00:00:00,Libre Disponibilidad,Municipales
1.2.6.01.02,MULTAS POR CONTRAVENCIONES EJERCICIOS ANTERIORES,43956039.63,2026-01-07 00:00:00,Libre Disponibilidad,Municipales
1.2.1.05.02,INSPECCIÓN DE SEGURIDAD E HIGIENE -ANTERIORES-,43547066.53,2026-01-07 00:00:00,Libre Disponibilidad,Municipales
1.2.2.14.01,DERECHOS DE OFICINA DEL EJERCICIO,18573558,2026-01-07 00:00:00,Libre Disponibilidad,Municipales
1.1.9.05.02,IMPUESTO AUTOMOTOR LEY 13.010 - ANTERIORES-,16866018.73,2026-01-07 00:00:00,Libre Disponibilidad,Municipales
1.2.6.02.02,INFRACCION A LAS OBLIGACIONES EJERCICIO ANTERIORES,12451935.77,2026-01-07 00:00:00,Libre Disponibilidad,Municipales
1.2.6.02.01,INFRACCION A LAS OBLIGACIONES EJERCICIO,9697567.43,2026-01-07 00:00:00,Libre Disponibilidad,Municipales
1.2.6.08.02,MULTAS POR CONTRAVENCIONES (EJERC.ANTERIORES,7712325,2026-01-07 00:00:00,Libre Disponibilidad,Municipales
1.2.2.08.02,CEMENTERIO EJERCICIOS ANTERIORES,5582764,2026-01-07 00:00:00,Libre Disponibilidad,Municipales
1.2.2.08.01,CEMENTERIO EJERCICIO,2040566,2026-01-07 00:00:00,Libre Disponibilidad,Municipales
1.2.2.03.02,PUBLICIDAD Y PROPAGANDA -ANTERIORES-,1620942.96,2026-01-07 00:00:00,Libre Disponibilidad,Municipales
1.2.1.14,TASA POR SERVICIOS VARIOS EJERCICIO,1210720,2026-01-07 00:00:00,Libre Disponibilidad,Municipales
1.2.1.21,TASAS POR SERV.VARIOS EJERCICIO ANTERIOR,800465.03,2026-01-07 00:00:00,Libre Disponibilidad,Municipales
1.2.2.14.04,ALTAS Y/O BAJAS IMPOSIT.DE AUTOMOTORES,789540,2026-01-07 00:00:00,Libre Disponibilidad,Municipales
1.1.9.08.01,PATENTE DE MOTOVEHICULOS DEL EJERCICIO,677616.9,2026-01-07 00:00:00,Libre Disponibilidad,Municipales
1.2.2.03.01,PUBLICIDAD Y PROPAGANDA -EJERCICIO-,607100.99,2026-01-07 00:00:00,Libre Disponibilidad,Municipales
1.2.2.05.01,OCUPACION Y USO DE ESPACIOS PUBLICOS DEL EJERCICIO,487300,2026-01-07 00:00:00,Libre Disponibilidad,Municipales
1.2.2.05.02,OCUPACION Y USO DE ESPACIOS PUBLICOS DE EJERCICOS ANTERIORES,455056.29,2026-01-07 00:00:00,Libre Disponibilidad,Municipales
1.2.2.14.05,ALTAS Y/O BAJAS IMPOSIT.DE MOTOVEHICULOS,441684,2026-01-07 00:00:00,Libre Disponibilidad,Municipales
1.2.2.11.01,DERECHOS DE CONSTRUCCION,259593.07,2026-01-07 00:00:00,Libre Disponibilidad,Municipales
1.2.1.05.01,INSPECCIÓN DE SEGURIDAD E HIGIENE -EJERCICIO-,196451.17,2026-01-07 00:00:00,Libre Disponibilidad,Municipales
1.2.2.14.02,DERECHOS DE OFICINA EJERCICIOS ANTERIORES,176596.58,2026-01-07 00:00:00,Libre Disponibilidad,Municipales
1.2.1.02,SERVICIOS ESPECIALES DE LIMPIEZA E HIGIENE,14000,2026-01-07 00:00:00,Libre Disponibilidad,Municipales
1.2.6.01.01,MULTAS POR CONTRAVENCIONES DEL EJERCICIO,0.31,2026-01-07 00:00:00,Libre Disponibilidad,Municipales
1.2.1.01.01,TASA SERVICIOS GENERALES MUNICIPALES - EJERCICIO-,107463749.8,2026-01-08 00:00:00,Libre Disponibilidad,Municipales
1.2.6.01.02,MULTAS POR CONTRAVENCIONES EJERCICIOS ANTERIORES,27745364.65,2026-01-08 00:00:00,Libre Disponibilidad,Municipales
1.2.1.01.02,TASA SERVICIOS GENERALES MUNICIPALES -ANTERIORES-,13828382.91,2026-01-08 00:00:00,Libre Disponibilidad,Municipales
1.2.1.05.02,INSPECCIÓN DE SEGURIDAD E HIGIENE -ANTERIORES-,11036596.38,2026-01-08 00:00:00,Libre Disponibilidad,Municipales
1.1.9.05.02,IMPUESTO AUTOMOTOR LEY 13.010 - ANTERIORES-,6194896.45,2026-01-08 00:00:00,Libre Disponibilidad,Municipales
1.2.6.02.02,INFRACCION A LAS OBLIGACIONES EJERCICIO ANTERIORES,4783846.22,2026-01-08 00:00:00,Libre Disponibilidad,Municipales
1.2.2.14.01,DERECHOS DE OFICINA DEL EJERCICIO,4693288,2026-01-08 00:00:00,Libre Disponibilidad,Municipales
1.2.6.02.01,INFRACCION A LAS OBLIGACIONES EJERCICIO,2523222.92,2026-01-08 00:00:00,Libre Disponibilidad,Municipales
1.2.6.08.02,MULTAS POR CONTRAVENCIONES (EJERC.ANTERIORES,754200,2026-01-08 00:00:00,Libre Disponibilidad,Municipales
1.2.1.04,HABILITACIÓN DE COMERCIOS E INDUSTRIAS,605000,2026-01-08 00:00:00,Libre Disponibilidad,Municipales
1.2.2.14.04,ALTAS Y/O BAJAS IMPOSIT.DE AUTOMOTORES,588939.99,2026-01-08 00:00:00,Libre Disponibilidad,Municipales
1.1.9.08.01,PATENTE DE MOTOVEHICULOS DEL EJERCICIO,315193.35,2026-01-08 00:00:00,Libre Disponibilidad,Municipales
1.2.1.14,TASA POR SERVICIOS VARIOS EJERCICIO,296880,2026-01-08 00:00:00,Libre Disponibilidad,Municipales
1.2.2.05.01,OCUPACION Y USO DE ESPACIOS PUBLICOS DEL EJERCICIO,196160,2026-01-08 00:00:00,Libre Disponibilidad,Municipales
1.2.1.21,TASAS POR SERV.VARIOS EJERCICIO ANTERIOR,164843.1,2026-01-08 00:00:00,Libre Disponibilidad,Municipales
1.2.2.14.05,ALTAS Y/O BAJAS IMPOSIT.DE MOTOVEHICULOS,144000,2026-01-08 00:00:00,Libre Disponibilidad,Municipales
1.2.2.08.01,CEMENTERIO EJERCICIO,87000,2026-01-08 00:00:00,Libre Disponibilidad,Municipales
1.2.2.14.02,DERECHOS DE OFICINA EJERCICIOS ANTERIORES,81001.06,2026-01-08 00:00:00,Libre Disponibilidad,Municipales
1.2.2.08.02,CEMENTERIO EJERCICIOS ANTERIORES,78520,2026-01-08 00:00:00,Libre Disponibilidad,Municipales
1.2.2.03.02,PUBLICIDAD Y PROPAGANDA -ANTERIORES-,64319.34,2026-01-08 00:00:00,Libre Disponibilidad,Municipales
1.2.2.03.01,PUBLICIDAD Y PROPAGANDA -EJERCICIO-,60664.29,2026-01-08 00:00:00,Libre Disponibilidad,Municipales
1.2.2.05.02,OCUPACION Y USO DE ESPACIOS PUBLICOS DE EJERCICOS ANTERIORES,46057.55,2026-01-08 00:00:00,Libre Disponibilidad,Municipales
1.2.1.01.01,TASA SERVICIOS GENERALES MUNICIPALES - EJERCICIO-,556115867,2026-01-09 00:00:00,Libre Disponibilidad,Municipales
1.2.1.05.02,INSPECCIÓN DE SEGURIDAD E HIGIENE -ANTERIORES-,145444217.1,2026-01-09 00:00:00,Libre Disponibilidad,Municipales
1.2.6.01.02,MULTAS POR CONTRAVENCIONES EJERCICIOS ANTERIORES,48090174.92,2026-01-09 00:00:00,Libre Disponibilidad,Municipales
1.2.1.01.02,TASA SERVICIOS GENERALES MUNICIPALES -ANTERIORES-,39048439.45,2026-01-09 00:00:00,Libre Disponibilidad,Municipales
1.2.2.14.01,DERECHOS DE OFICINA DEL EJERCICIO,21612847,2026-01-09 00:00:00,Libre Disponibilidad,Municipales
1.1.9.05.02,IMPUESTO AUTOMOTOR LEY 13.010 - ANTERIORES-,13214245.54,2026-01-09 00:00:00,Libre Disponibilidad,Municipales
1.2.6.02.01,INFRACCION A LAS OBLIGACIONES EJERCICIO,11760477.23,2026-01-09 00:00:00,Libre Disponibilidad,Municipales
1.2.6.02.02,INFRACCION A LAS OBLIGACIONES EJERCICIO ANTERIORES,8465858.2,2026-01-09 00:00:00,Libre Disponibilidad,Municipales
1.2.6.08.02,MULTAS POR CONTRAVENCIONES (EJERC.ANTERIORES,7721275,2026-01-09 00:00:00,Libre Disponibilidad,Municipales
1.2.1.24,RECUPERO ART,6067795.01,2026-01-09 00:00:00,Libre Disponibilidad,Municipales
1.2.2.08.01,CEMENTERIO EJERCICIO,3968030,2026-01-09 00:00:00,Libre Disponibilidad,Municipales
1.2.2.03.01,PUBLICIDAD Y PROPAGANDA -EJERCICIO-,3080218.8,2026-01-09 00:00:00,Libre Disponibilidad,Municipales
1.2.2.08.02,CEMENTERIO EJERCICIOS ANTERIORES,2746674,2026-01-09 00:00:00,Libre Disponibilidad,Municipales
1.2.2.11.01,DERECHOS DE CONSTRUCCION,2241824.05,2026-01-09 00:00:00,Libre Disponibilidad,Municipales
1.2.2.03.02,PUBLICIDAD Y PROPAGANDA -ANTERIORES-,1420863.96,2026-01-09 00:00:00,Libre Disponibilidad,Municipales
1.2.1.21,TASAS POR SERV.VARIOS EJERCICIO ANTERIOR,1027065.02,2026-01-09 00:00:00,Libre Disponibilidad,Municipales
1.2.2.05.01,OCUPACION Y USO DE ESPACIOS PUBLICOS DEL EJERCICIO,754760,2026-01-09 00:00:00,Libre Disponibilidad,Municipales
1.1.9.08.01,PATENTE DE MOTOVEHICULOS DEL EJERCICIO,561172.01,2026-01-09 00:00:00,Libre Disponibilidad,Municipales
1.2.2.14.04,ALTAS Y/O BAJAS IMPOSIT.DE AUTOMOTORES,554140,2026-01-09 00:00:00,Libre Disponibilidad,Municipales
1.2.1.05.01,INSPECCIÓN DE SEGURIDAD E HIGIENE -EJERCICIO-,256068.18,2026-01-09 00:00:00,Libre Disponibilidad,Municipales
1.2.2.14.02,DERECHOS DE OFICINA EJERCICIOS ANTERIORES,245888.41,2026-01-09 00:00:00,Libre Disponibilidad,Municipales
1.2.2.14.05,ALTAS Y/O BAJAS IMPOSIT.DE MOTOVEHICULOS,180000,2026-01-09 00:00:00,Libre Disponibilidad,Municipales
1.2.2.05.02,OCUPACION Y USO DE ESPACIOS PUBLICOS DE EJERCICOS ANTERIORES,168108.5,2026-01-09 00:00:00,Libre Disponibilidad,Municipales
1.2.1.14,TASA POR SERVICIOS VARIOS EJERCICIO,90240,2026-01-09 00:00:00,Libre Disponibilidad,Municipales
1.1.9.05.01,IMPUESTO AUTOMOTOR LEY 13.010 -EJERCICIO-,38190.3,2026-01-09 00:00:00,Libre Disponibilidad,Municipales
1.2.6.01.01,MULTAS POR CONTRAVENCIONES DEL EJERCICIO,0.51,2026-01-09 00:00:00,Libre Disponibilidad,Municipales
1.2.1.01.01,TASA SERVICIOS GENERALES MUNICIPALES - EJERCICIO-,576233515,2026-01-12 00:00:00,Libre Disponibilidad,Municipales
1.2.1.05.02,INSPECCIÓN DE SEGURIDAD E HIGIENE -ANTERIORES-,85792597.87,2026-01-12 00:00:00,Libre Disponibilidad,Municipales
1.2.6.01.02,MULTAS POR CONTRAVENCIONES EJERCICIOS ANTERIORES,38445783.05,2026-01-12 00:00:00,Libre Disponibilidad,Municipales
1.2.1.01.02,TASA SERVICIOS GENERALES MUNICIPALES -ANTERIORES-,17624325.13,2026-01-12 00:00:00,Libre Disponibilidad,Municipales
1.2.6.02.01,INFRACCION A LAS OBLIGACIONES EJERCICIO,13224041.4,2026-01-12 00:00:00,Libre Disponibilidad,Municipales
1.1.9.05.02,IMPUESTO AUTOMOTOR LEY 13.010 - ANTERIORES-,9678237.61,2026-01-12 00:00:00,Libre Disponibilidad,Municipales
1.2.6.02.02,INFRACCION A LAS OBLIGACIONES EJERCICIO ANTERIORES,5430916.91,2026-01-12 00:00:00,Libre Disponibilidad,Municipales
1.2.2.14.01,DERECHOS DE OFICINA DEL EJERCICIO,4785280,2026-01-12 00:00:00,Libre Disponibilidad,Municipales
1.2.6.08.02,MULTAS POR CONTRAVENCIONES (EJERC.ANTERIORES,3667700,2026-01-12 00:00:00,Libre Disponibilidad,Municipales
1.2.2.11.01,DERECHOS DE CONSTRUCCION,2672650.85,2026-01-12 00:00:00,Libre Disponibilidad,Municipales
1.6.2.01.02,INTERESES POR COLOCACIONES FINANCIERAS,2460044.27,2026-01-12 00:00:00,Libre Disponibilidad,Municipales
1.2.1.14,TASA POR SERVICIOS VARIOS EJERCICIO,1327200,2026-01-12 00:00:00,Libre Disponibilidad,Municipales
1.2.2.03.02,PUBLICIDAD Y PROPAGANDA -ANTERIORES-,830339.17,2026-01-12 00:00:00,Libre Disponibilidad,Municipales
1.2.1.04,HABILITACIÓN DE COMERCIOS E INDUSTRIAS,565000,2026-01-12 00:00:00,Libre Disponibilidad,Municipales
1.2.1.21,TASAS POR SERV.VARIOS EJERCICIO ANTERIOR,541982.36,2026-01-12 00:00:00,Libre Disponibilidad,Municipales
1.2.2.14.04,ALTAS Y/O BAJAS IMPOSIT.DE AUTOMOTORES,440000,2026-01-12 00:00:00,Libre Disponibilidad,Municipales
1.2.6.01.01,MULTAS POR CONTRAVENCIONES DEL EJERCICIO,342199.9,2026-01-12 00:00:00,Libre Disponibilidad,Municipales
1.2.2.05.01,OCUPACION Y USO DE ESPACIOS PUBLICOS DEL EJERCICIO,298440,2026-01-12 00:00:00,Libre Disponibilidad,Municipales
1.2.2.03.01,PUBLICIDAD Y PROPAGANDA -EJERCICIO-,202032.16,2026-01-12 00:00:00,Libre Disponibilidad,Municipales
1.1.9.08.01,PATENTE DE MOTOVEHICULOS DEL EJERCICIO,172883.32,2026-01-12 00:00:00,Libre Disponibilidad,Municipales
1.2.2.14.05,ALTAS Y/O BAJAS IMPOSIT.DE MOTOVEHICULOS,126000,2026-01-12 00:00:00,Libre Disponibilidad,Municipales
1.2.2.14.02,DERECHOS DE OFICINA EJERCICIOS ANTERIORES,99000.67,2026-01-12 00:00:00,Libre Disponibilidad,Municipales
1.2.2.08.02,CEMENTERIO EJERCICIOS ANTERIORES,93834,2026-01-12 00:00:00,Libre Disponibilidad,Municipales
1.2.2.05.02,OCUPACION Y USO DE ESPACIOS PUBLICOS DE EJERCICOS ANTERIORES,91322.22,2026-01-12 00:00:00,Libre Disponibilidad,Municipales
1.2.2.08.01,CEMENTERIO EJERCICIO,35000,2026-01-12 00:00:00,Libre Disponibilidad,Municipales
1.1.9.05.01,IMPUESTO AUTOMOTOR LEY 13.010 -EJERCICIO-,15765,2026-01-12 00:00:00,Libre Disponibilidad,Municipales
1.2.1.01.01,TASA SERVICIOS GENERALES MUNICIPALES - EJERCICIO-,270213938.1,2026-01-13 00:00:00,Libre Disponibilidad,Municipales
1.2.6.01.02,MULTAS POR CONTRAVENCIONES EJERCICIOS ANTERIORES,59366386.13,2026-01-13 00:00:00,Libre Disponibilidad,Municipales
1.2.1.05.02,INSPECCIÓN DE SEGURIDAD E HIGIENE -ANTERIORES-,42267344.22,2026-01-13 00:00:00,Libre Disponibilidad,Municipales
1.2.1.01.02,TASA SERVICIOS GENERALES MUNICIPALES -ANTERIORES-,14486773.38,2026-01-13 00:00:00,Libre Disponibilidad,Municipales
1.2.2.11.01,DERECHOS DE CONSTRUCCION,13150903.79,2026-01-13 00:00:00,Libre Disponibilidad,Municipales
1.2.2.14.01,DERECHOS DE OFICINA DEL EJERCICIO,7595343.54,2026-01-13 00:00:00,Libre Disponibilidad,Municipales
1.1.9.05.02,IMPUESTO AUTOMOTOR LEY 13.010 - ANTERIORES-,5255536.32,2026-01-13 00:00:00,Libre Disponibilidad,Municipales
1.2.6.02.02,INFRACCION A LAS OBLIGACIONES EJERCICIO ANTERIORES,4274116.91,2026-01-13 00:00:00,Libre Disponibilidad,Municipales
1.2.6.02.01,INFRACCION A LAS OBLIGACIONES EJERCICIO,3335050.94,2026-01-13 00:00:00,Libre Disponibilidad,Municipales
1.6.2.01.02,INTERESES POR COLOCACIONES FINANCIERAS,3248746.35,2026-01-13 00:00:00,Libre Disponibilidad,Municipales
1.2.6.08.02,MULTAS POR CONTRAVENCIONES (EJERC.ANTERIORES,2350400,2026-01-13 00:00:00,Libre Disponibilidad,Municipales
1.2.1.21,TASAS POR SERV.VARIOS EJERCICIO ANTERIOR,1879121.34,2026-01-13 00:00:00,Libre Disponibilidad,Municipales
1.2.2.08.01,CEMENTERIO EJERCICIO,1309000,2026-01-13 00:00:00,Libre Disponibilidad,Municipales
1.2.2.03.02,PUBLICIDAD Y PROPAGANDA -ANTERIORES-,799407.82,2026-01-13 00:00:00,Libre Disponibilidad,Municipales
1.2.1.14,TASA POR SERVICIOS VARIOS EJERCICIO,792000,2026-01-13 00:00:00,Libre Disponibilidad,Municipales
1.2.2.08.02,CEMENTERIO EJERCICIOS ANTERIORES,463864,2026-01-13 00:00:00,Libre Disponibilidad,Municipales
1.2.2.03.01,PUBLICIDAD Y PROPAGANDA -EJERCICIO-,394287.57,2026-01-13 00:00:00,Libre Disponibilidad,Municipales
1.2.2.14.04,ALTAS Y/O BAJAS IMPOSIT.DE AUTOMOTORES,319599.99,2026-01-13 00:00:00,Libre Disponibilidad,Municipales
1.2.6.01.01,MULTAS POR CONTRAVENCIONES DEL EJERCICIO,271050.09,2026-01-13 00:00:00,Libre Disponibilidad,Municipales
1.1.9.08.01,PATENTE DE MOTOVEHICULOS DEL EJERCICIO,260060.18,2026-01-13 00:00:00,Libre Disponibilidad,Municipales
1.2.2.14.05,ALTAS Y/O BAJAS IMPOSIT.DE MOTOVEHICULOS,162000,2026-01-13 00:00:00,Libre Disponibilidad,Municipales
1.2.2.05.01,OCUPACION Y USO DE ESPACIOS PUBLICOS DEL EJERCICIO,68868,2026-01-13 00:00:00,Libre Disponibilidad,Municipales
1.1.9.05.01,IMPUESTO AUTOMOTOR LEY 13.010 -EJERCICIO-,54064.54,2026-01-13 00:00:00,Libre Disponibilidad,Municipales
1.2.2.14.02,DERECHOS DE OFICINA EJERCICIOS ANTERIORES,53999.74,2026-01-13 00:00:00,Libre Disponibilidad,Municipales
1.2.2.05.02,OCUPACION Y USO DE ESPACIOS PUBLICOS DE EJERCICOS ANTERIORES,19585.5,2026-01-13 00:00:00,Libre Disponibilidad,Municipales
1.2.1.01.01,TASA SERVICIOS GENERALES MUNICIPALES - EJERCICIO-,426967926.4,2026-01-14 00:00:00,Libre Disponibilidad,Municipales
1.2.1.05.02,INSPECCIÓN DE SEGURIDAD E HIGIENE -ANTERIORES-,78310272.05,2026-01-14 00:00:00,Libre Disponibilidad,Municipales
1.2.6.01.02,MULTAS POR CONTRAVENCIONES EJERCICIOS ANTERIORES,34214417.35,2026-01-14 00:00:00,Libre Disponibilidad,Municipales
1.2.1.01.02,TASA SERVICIOS GENERALES MUNICIPALES -ANTERIORES-,33734426.05,2026-01-14 00:00:00,Libre Disponibilidad,Municipales
1.2.2.14.01,DERECHOS DE OFICINA DEL EJERCICIO,12003312,2026-01-14 00:00:00,Libre Disponibilidad,Municipales
1.2.6.02.02,INFRACCION A LAS OBLIGACIONES EJERCICIO ANTERIORES,5948223.41,2026-01-14 00:00:00,Libre Disponibilidad,Municipales
1.2.6.08.02,MULTAS POR CONTRAVENCIONES (EJERC.ANTERIORES,5622200,2026-01-14 00:00:00,Libre Disponibilidad,Municipales
1.1.9.05.02,IMPUESTO AUTOMOTOR LEY 13.010 - ANTERIORES-,5359183.1,2026-01-14 00:00:00,Libre Disponibilidad,Municipales
1.2.6.02.01,INFRACCION A LAS OBLIGACIONES EJERCICIO,3342158.23,2026-01-14 00:00:00,Libre Disponibilidad,Municipales
1.2.1.14,TASA POR SERVICIOS VARIOS EJERCICIO,1538000,2026-01-14 00:00:00,Libre Disponibilidad,Municipales
1.2.2.11.01,DERECHOS DE CONSTRUCCION,1002048.34,2026-01-14 00:00:00,Libre Disponibilidad,Municipales
1.2.1.21,TASAS POR SERV.VARIOS EJERCICIO ANTERIOR,992159.51,2026-01-14 00:00:00,Libre Disponibilidad,Municipales
1.2.2.08.01,CEMENTERIO EJERCICIO,872000,2026-01-14 00:00:00,Libre Disponibilidad,Municipales
1.1.9.08.01,PATENTE DE MOTOVEHICULOS DEL EJERCICIO,523631.47,2026-01-14 00:00:00,Libre Disponibilidad,Municipales
1.2.2.08.02,CEMENTERIO EJERCICIOS ANTERIORES,521201,2026-01-14 00:00:00,Libre Disponibilidad,Municipales
1.2.2.14.04,ALTAS Y/O BAJAS IMPOSIT.DE AUTOMOTORES,500000,2026-01-14 00:00:00,Libre Disponibilidad,Municipales
1.2.2.03.02,PUBLICIDAD Y PROPAGANDA -ANTERIORES-,432735.85,2026-01-14 00:00:00,Libre Disponibilidad,Municipales
1.2.2.14.05,ALTAS Y/O BAJAS IMPOSIT.DE MOTOVEHICULOS,252000,2026-01-14 00:00:00,Libre Disponibilidad,Municipales
1.2.2.03.01,PUBLICIDAD Y PROPAGANDA -EJERCICIO-,214109.73,2026-01-14 00:00:00,Libre Disponibilidad,Municipales
1.2.1.04,HABILITACIÓN DE COMERCIOS E INDUSTRIAS,135000,2026-01-14 00:00:00,Libre Disponibilidad,Municipales
1.2.2.05.01,OCUPACION Y USO DE ESPACIOS PUBLICOS DEL EJERCICIO,108320,2026-01-14 00:00:00,Libre Disponibilidad,Municipales
1.2.2.14.02,DERECHOS DE OFICINA EJERCICIOS ANTERIORES,69741.01,2026-01-14 00:00:00,Libre Disponibilidad,Municipales
1.2.1.05.01,INSPECCIÓN DE SEGURIDAD E HIGIENE -EJERCICIO-,69460.59,2026-01-14 00:00:00,Libre Disponibilidad,Municipales
1.2.2.05.02,OCUPACION Y USO DE ESPACIOS PUBLICOS DE EJERCICOS ANTERIORES,13635.42,2026-01-14 00:00:00,Libre Disponibilidad,Municipales
1.2.6.01.01,MULTAS POR CONTRAVENCIONES DEL EJERCICIO,0.34,2026-01-14 00:00:00,Libre Disponibilidad,Municipales
1.2.1.05.02,INSPECCIÓN DE SEGURIDAD E HIGIENE -ANTERIORES-,131291063.2,2026-01-15 00:00:00,Libre Disponibilidad,Municipales
1.2.1.01.01,TASA SERVICIOS GENERALES MUNICIPALES - EJERCICIO-,114901179.7,2026-01-15 00:00:00,Libre Disponibilidad,Municipales
1.2.2.14.01,DERECHOS DE OFICINA DEL EJERCICIO,11160845,2026-01-15 00:00:00,Libre Disponibilidad,Municipales
1.2.6.08.02,MULTAS POR CONTRAVENCIONES (EJERC.ANTERIORES,6867900,2026-01-15 00:00:00,Libre Disponibilidad,Municipales
1.2.1.01.02,TASA SERVICIOS GENERALES MUNICIPALES -ANTERIORES-,5158694.63,2026-01-15 00:00:00,Libre Disponibilidad,Municipales
1.2.6.01.02,MULTAS POR CONTRAVENCIONES EJERCICIOS ANTERIORES,2606065.49,2026-01-15 00:00:00,Libre Disponibilidad,Municipales
1.1.9.05.02,IMPUESTO AUTOMOTOR LEY 13.010 - ANTERIORES-,2342756.09,2026-01-15 00:00:00,Libre Disponibilidad,Municipales
1.2.6.02.02,INFRACCION A LAS OBLIGACIONES EJERCICIO ANTERIORES,1875024.53,2026-01-15 00:00:00,Libre Disponibilidad,Municipales
1.2.2.08.01,CEMENTERIO EJERCICIO,1376000,2026-01-15 00:00:00,Libre Disponibilidad,Municipales
1.2.6.02.01,INFRACCION A LAS OBLIGACIONES EJERCICIO,1257365.53,2026-01-15 00:00:00,Libre Disponibilidad,Municipales
1.2.2.08.02,CEMENTERIO EJERCICIOS ANTERIORES,867151,2026-01-15 00:00:00,Libre Disponibilidad,Municipales
1.2.2.03.02,PUBLICIDAD Y PROPAGANDA -ANTERIORES-,743256.06,2026-01-15 00:00:00,Libre Disponibilidad,Municipales
1.2.1.21,TASAS POR SERV.VARIOS EJERCICIO ANTERIOR,740576.68,2026-01-15 00:00:00,Libre Disponibilidad,Municipales
1.2.2.03.01,PUBLICIDAD Y PROPAGANDA -EJERCICIO-,382648.61,2026-01-15 00:00:00,Libre Disponibilidad,Municipales
1.2.1.05.01,INSPECCIÓN DE SEGURIDAD E HIGIENE -EJERCICIO-,173125,2026-01-15 00:00:00,Libre Disponibilidad,Municipales
1.6.2.01.02,INTERESES POR COLOCACIONES FINANCIERAS,146945.32,2026-01-15 00:00:00,Libre Disponibilidad,Municipales
1.2.1.14,TASA POR SERVICIOS VARIOS EJERCICIO,90000,2026-01-15 00:00:00,Libre Disponibilidad,Municipales
1.2.2.14.02,DERECHOS DE OFICINA EJERCICIOS ANTERIORES,62622.02,2026-01-15 00:00:00,Libre Disponibilidad,Municipales
1.2.2.14.05,ALTAS Y/O BAJAS IMPOSIT.DE MOTOVEHICULOS,34920,2026-01-15 00:00:00,Libre Disponibilidad,Municipales
1.1.9.08.01,PATENTE DE MOTOVEHICULOS DEL EJERCICIO,34198.66,2026-01-15 00:00:00,Libre Disponibilidad,Municipales
1.2.2.11.01,DERECHOS DE CONSTRUCCION,30000,2026-01-15 00:00:00,Libre Disponibilidad,Municipales
1.1.9.05.01,IMPUESTO AUTOMOTOR LEY 13.010 -EJERCICIO-,27939,2026-01-15 00:00:00,Libre Disponibilidad,Municipales
1.2.2.14.04,ALTAS Y/O BAJAS IMPOSIT.DE AUTOMOTORES,20000,2026-01-15 00:00:00,Libre Disponibilidad,Municipales
1.2.2.05.02,OCUPACION Y USO DE ESPACIOS PUBLICOS DE EJERCICOS ANTERIORES,817.43,2026-01-15 00:00:00,Libre Disponibilidad,Municipales
1.2.6.01.01,MULTAS POR CONTRAVENCIONES DEL EJERCICIO,0.01,2026-01-15 00:00:00,Libre Disponibilidad,Municipales
1.2.1.05.02,INSPECCIÓN DE SEGURIDAD E HIGIENE -ANTERIORES-,534716746.6,2026-01-16 00:00:00,Libre Disponibilidad,Municipales
1.2.1.01.01,TASA SERVICIOS GENERALES MUNICIPALES - EJERCICIO-,268541529.6,2026-01-16 00:00:00,Libre Disponibilidad,Municipales
1.2.6.01.02,MULTAS POR CONTRAVENCIONES EJERCICIOS ANTERIORES,62888637.55,2026-01-16 00:00:00,Libre Disponibilidad,Municipales
1.2.1.01.02,TASA SERVICIOS GENERALES MUNICIPALES -ANTERIORES-,29215446.24,2026-01-16 00:00:00,Libre Disponibilidad,Municipales
1.2.2.14.01,DERECHOS DE OFICINA DEL EJERCICIO,14613089,2026-01-16 00:00:00,Libre Disponibilidad,Municipales
1.1.9.05.02,IMPUESTO AUTOMOTOR LEY 13.010 - ANTERIORES-,8293320.67,2026-01-16 00:00:00,Libre Disponibilidad,Municipales
1.2.6.02.02,INFRACCION A LAS OBLIGACIONES EJERCICIO ANTERIORES,6950805.12,2026-01-16 00:00:00,Libre Disponibilidad,Municipales
1.2.6.08.02,MULTAS POR CONTRAVENCIONES (EJERC.ANTERIORES,5105400,2026-01-16 00:00:00,Libre Disponibilidad,Municipales
1.2.1.21,TASAS POR SERV.VARIOS EJERCICIO ANTERIOR,5082012.07,2026-01-16 00:00:00,Libre Disponibilidad,Municipales
1.2.2.03.02,PUBLICIDAD Y PROPAGANDA -ANTERIORES-,2420704.73,2026-01-16 00:00:00,Libre Disponibilidad,Municipales
1.2.2.03.01,PUBLICIDAD Y PROPAGANDA -EJERCICIO-,1277289.3,2026-01-16 00:00:00,Libre Disponibilidad,Municipales
1.2.1.14,TASA POR SERVICIOS VARIOS EJERCICIO,1241120,2026-01-16 00:00:00,Libre Disponibilidad,Municipales
1.2.2.08.01,CEMENTERIO EJERCICIO,1119685,2026-01-16 00:00:00,Libre Disponibilidad,Municipales
1.2.2.11.01,DERECHOS DE CONSTRUCCION,934338.21,2026-01-16 00:00:00,Libre Disponibilidad,Municipales
1.2.2.14.04,ALTAS Y/O BAJAS IMPOSIT.DE AUTOMOTORES,860000,2026-01-16 00:00:00,Libre Disponibilidad,Municipales
1.2.6.02.01,INFRACCION A LAS OBLIGACIONES EJERCICIO,801361.67,2026-01-16 00:00:00,Libre Disponibilidad,Municipales
1.2.6.01.01,MULTAS POR CONTRAVENCIONES DEL EJERCICIO,748411.88,2026-01-16 00:00:00,Libre Disponibilidad,Municipales
1.1.9.08.01,PATENTE DE MOTOVEHICULOS DEL EJERCICIO,550803.45,2026-01-16 00:00:00,Libre Disponibilidad,Municipales
1.2.2.08.02,CEMENTERIO EJERCICIOS ANTERIORES,522732,2026-01-16 00:00:00,Libre Disponibilidad,Municipales
1.2.2.14.05,ALTAS Y/O BAJAS IMPOSIT.DE MOTOVEHICULOS,306000,2026-01-16 00:00:00,Libre Disponibilidad,Municipales
1.2.2.05.01,OCUPACION Y USO DE ESPACIOS PUBLICOS DEL EJERCICIO,195280,2026-01-16 00:00:00,Libre Disponibilidad,Municipales
1.2.2.14.02,DERECHOS DE OFICINA EJERCICIOS ANTERIORES,135837.08,2026-01-16 00:00:00,Libre Disponibilidad,Municipales
1.2.1.04,HABILITACIÓN DE COMERCIOS E INDUSTRIAS,126000,2026-01-16 00:00:00,Libre Disponibilidad,Municipales
1.1.9.05.01,IMPUESTO AUTOMOTOR LEY 13.010 -EJERCICIO-,22705.42,2026-01-16 00:00:00,Libre Disponibilidad,Municipales
1.2.2.05.02,OCUPACION Y USO DE ESPACIOS PUBLICOS DE EJERCICOS ANTERIORES,21941.18,2026-01-16 00:00:00,Libre Disponibilidad,Municipales
1.2.1.05.01,INSPECCIÓN DE SEGURIDAD E HIGIENE -EJERCICIO-,19373.3,2026-01-16 00:00:00,Libre Disponibilidad,Municipales
1.2.1.01.01,TASA SERVICIOS GENERALES MUNICIPALES - EJERCICIO-,235871846.6,2026-01-19 00:00:00,Libre Disponibilidad,Municipales
1.2.1.05.02,INSPECCIÓN DE SEGURIDAD E HIGIENE -ANTERIORES-,213551409.6,2026-01-19 00:00:00,Libre Disponibilidad,Municipales
1.2.6.01.02,MULTAS POR CONTRAVENCIONES EJERCICIOS ANTERIORES,44153844.57,2026-01-19 00:00:00,Libre Disponibilidad,Municipales
1.6.2.01.02,INTERESES POR COLOCACIONES FINANCIERAS,23931736.04,2026-01-19 00:00:00,Libre Disponibilidad,Municipales
1.2.1.01.02,TASA SERVICIOS GENERALES MUNICIPALES -ANTERIORES-,22009473.77,2026-01-19 00:00:00,Libre Disponibilidad,Municipales
1.2.2.14.01,DERECHOS DE OFICINA DEL EJERCICIO,12323165,2026-01-19 00:00:00,Libre Disponibilidad,Municipales
1.2.6.02.02,INFRACCION A LAS OBLIGACIONES EJERCICIO ANTERIORES,9397359.81,2026-01-19 00:00:00,Libre Disponibilidad,Municipales
1.1.9.05.02,IMPUESTO AUTOMOTOR LEY 13.010 - ANTERIORES-,8905583.78,2026-01-19 00:00:00,Libre Disponibilidad,Municipales
1.2.1.21,TASAS POR SERV.VARIOS EJERCICIO ANTERIOR,7876447.28,2026-01-19 00:00:00,Libre Disponibilidad,Municipales
1.2.6.08.02,MULTAS POR CONTRAVENCIONES (EJERC.ANTERIORES,4750050,2026-01-19 00:00:00,Libre Disponibilidad,Municipales
1.2.2.08.01,CEMENTERIO EJERCICIO,2453000,2026-01-19 00:00:00,Libre Disponibilidad,Municipales
1.2.2.03.02,PUBLICIDAD Y PROPAGANDA -ANTERIORES-,2351806.7,2026-01-19 00:00:00,Libre Disponibilidad,Municipales
1.2.2.08.02,CEMENTERIO EJERCICIOS ANTERIORES,1558682,2026-01-19 00:00:00,Libre Disponibilidad,Municipales
1.2.2.03.01,PUBLICIDAD Y PROPAGANDA -EJERCICIO-,1246932.13,2026-01-19 00:00:00,Libre Disponibilidad,Municipales
1.2.6.02.01,INFRACCION A LAS OBLIGACIONES EJERCICIO,1056413.05,2026-01-19 00:00:00,Libre Disponibilidad,Municipales
1.2.1.04,HABILITACIÓN DE COMERCIOS E INDUSTRIAS,860000,2026-01-19 00:00:00,Libre Disponibilidad,Municipales
1.1.9.08.01,PATENTE DE MOTOVEHICULOS DEL EJERCICIO,729173.91,2026-01-19 00:00:00,Libre Disponibilidad,Municipales
1.2.2.11.01,DERECHOS DE CONSTRUCCION,681856.96,2026-01-19 00:00:00,Libre Disponibilidad,Municipales
1.2.2.05.01,OCUPACION Y USO DE ESPACIOS PUBLICOS DEL EJERCICIO,612160,2026-01-19 00:00:00,Libre Disponibilidad,Municipales
1.2.2.14.04,ALTAS Y/O BAJAS IMPOSIT.DE AUTOMOTORES,593780,2026-01-19 00:00:00,Libre Disponibilidad,Municipales
1.2.1.14,TASA POR SERVICIOS VARIOS EJERCICIO,516000,2026-01-19 00:00:00,Libre Disponibilidad,Municipales
1.2.1.05.01,INSPECCIÓN DE SEGURIDAD E HIGIENE -EJERCICIO-,439776.84,2026-01-19 00:00:00,Libre Disponibilidad,Municipales
1.2.2.14.05,ALTAS Y/O BAJAS IMPOSIT.DE MOTOVEHICULOS,428580,2026-01-19 00:00:00,Libre Disponibilidad,Municipales
1.2.6.01.01,MULTAS POR CONTRAVENCIONES DEL EJERCICIO,406575.29,2026-01-19 00:00:00,Libre Disponibilidad,Municipales
1.2.2.14.02,DERECHOS DE OFICINA EJERCICIOS ANTERIORES,160325.54,2026-01-19 00:00:00,Libre Disponibilidad,Municipales
1.2.2.05.02,OCUPACION Y USO DE ESPACIOS PUBLICOS DE EJERCICOS ANTERIORES,75137.35,2026-01-19 00:00:00,Libre Disponibilidad,Municipales
1.2.1.02,SERVICIOS ESPECIALES DE LIMPIEZA E HIGIENE,14000,2026-01-19 00:00:00,Libre Disponibilidad,Municipales
1.1.9.05.01,IMPUESTO AUTOMOTOR LEY 13.010 -EJERCICIO-,12611.76,2026-01-19 00:00:00,Libre Disponibilidad,Municipales
1.2.1.05.02,INSPECCIÓN DE SEGURIDAD E HIGIENE -ANTERIORES-,359001148.3,2026-01-20 00:00:00,Libre Disponibilidad,Municipales
1.2.1.22,INGRESOS VARIOS,336800991,2026-01-20 00:00:00,Libre Disponibilidad,Municipales
1.2.1.01.01,TASA SERVICIOS GENERALES MUNICIPALES - EJERCICIO-,249461016.5,2026-01-20 00:00:00,Libre Disponibilidad,Municipales
1.2.6.01.02,MULTAS POR CONTRAVENCIONES EJERCICIOS ANTERIORES,38028106.04,2026-01-20 00:00:00,Libre Disponibilidad,Municipales
1.2.1.01.02,TASA SERVICIOS GENERALES MUNICIPALES -ANTERIORES-,17835812.07,2026-01-20 00:00:00,Libre Disponibilidad,Municipales
1.2.2.14.01,DERECHOS DE OFICINA DEL EJERCICIO,14169900,2026-01-20 00:00:00,Libre Disponibilidad,Municipales
1.1.9.05.02,IMPUESTO AUTOMOTOR LEY 13.010 - ANTERIORES-,7452490.35,2026-01-20 00:00:00,Libre Disponibilidad,Municipales
1.2.6.02.02,INFRACCION A LAS OBLIGACIONES EJERCICIO ANTERIORES,5853410.79,2026-01-20 00:00:00,Libre Disponibilidad,Municipales
1.2.6.08.02,MULTAS POR CONTRAVENCIONES (EJERC.ANTERIORES,5149050,2026-01-20 00:00:00,Libre Disponibilidad,Municipales
1.2.2.11.01,DERECHOS DE CONSTRUCCION,3775833.6,2026-01-20 00:00:00,Libre Disponibilidad,Municipales
1.2.2.03.02,PUBLICIDAD Y PROPAGANDA -ANTERIORES-,3032937.34,2026-01-20 00:00:00,Libre Disponibilidad,Municipales
1.2.1.21,TASAS POR SERV.VARIOS EJERCICIO ANTERIOR,1384250.41,2026-01-20 00:00:00,Libre Disponibilidad,Municipales
1.2.2.08.01,CEMENTERIO EJERCICIO,1377000,2026-01-20 00:00:00,Libre Disponibilidad,Municipales
1.2.1.14,TASA POR SERVICIOS VARIOS EJERCICIO,1043000,2026-01-20 00:00:00,Libre Disponibilidad,Municipales
1.2.2.03.01,PUBLICIDAD Y PROPAGANDA -EJERCICIO-,980434.85,2026-01-20 00:00:00,Libre Disponibilidad,Municipales
1.2.6.02.01,INFRACCION A LAS OBLIGACIONES EJERCICIO,829357.99,2026-01-20 00:00:00,Libre Disponibilidad,Municipales
1.2.2.08.02,CEMENTERIO EJERCICIOS ANTERIORES,643597,2026-01-20 00:00:00,Libre Disponibilidad,Municipales
1.2.1.04,HABILITACIÓN DE COMERCIOS E INDUSTRIAS,565000,2026-01-20 00:00:00,Libre Disponibilidad,Municipales
1.2.2.14.04,ALTAS Y/O BAJAS IMPOSIT.DE AUTOMOTORES,519160,2026-01-20 00:00:00,Libre Disponibilidad,Municipales
1.1.9.08.01,PATENTE DE MOTOVEHICULOS DEL EJERCICIO,418864.69,2026-01-20 00:00:00,Libre Disponibilidad,Municipales
1.2.1.05.01,INSPECCIÓN DE SEGURIDAD E HIGIENE -EJERCICIO-,373409.47,2026-01-20 00:00:00,Libre Disponibilidad,Municipales
1.2.2.14.05,ALTAS Y/O BAJAS IMPOSIT.DE MOTOVEHICULOS,196920,2026-01-20 00:00:00,Libre Disponibilidad,Municipales
1.2.2.05.01,OCUPACION Y USO DE ESPACIOS PUBLICOS DEL EJERCICIO,143140,2026-01-20 00:00:00,Libre Disponibilidad,Municipales
1.2.2.14.02,DERECHOS DE OFICINA EJERCICIOS ANTERIORES,125999.85,2026-01-20 00:00:00,Libre Disponibilidad,Municipales
1.2.2.05.02,OCUPACION Y USO DE ESPACIOS PUBLICOS DE EJERCICOS ANTERIORES,83173.56,2026-01-20 00:00:00,Libre Disponibilidad,Municipales
1.2.1.02,SERVICIOS ESPECIALES DE LIMPIEZA E HIGIENE,14000,2026-01-20 00:00:00,Libre Disponibilidad,Municipales
1.1.9.05.01,IMPUESTO AUTOMOTOR LEY 13.010 -EJERCICIO-,13532,2026-01-20 00:00:00,Libre Disponibilidad,Municipales
1.2.6.01.01,MULTAS POR CONTRAVENCIONES DEL EJERCICIO,-0.05,2026-01-20 00:00:00,Libre Disponibilidad,Municipales
1.2.1.05.02,INSPECCIÓN DE SEGURIDAD E HIGIENE -ANTERIORES-,876214693.9,2026-01-21 00:00:00,Libre Disponibilidad,Municipales
1.2.6.06,CONVENIO A.C.A.R.A.,187517295.5,2026-01-21 00:00:00,Libre Disponibilidad,Municipales
1.2.1.01.01,TASA SERVICIOS GENERALES MUNICIPALES - EJERCICIO-,153209453.3,2026-01-21 00:00:00,Libre Disponibilidad,Municipales
1.2.6.01.02,MULTAS POR CONTRAVENCIONES EJERCICIOS ANTERIORES,30310448.68,2026-01-21 00:00:00,Libre Disponibilidad,Municipales
1.2.1.21,TASAS POR SERV.VARIOS EJERCICIO ANTERIOR,23354189.11,2026-01-21 00:00:00,Libre Disponibilidad,Municipales
1.2.1.01.02,TASA SERVICIOS GENERALES MUNICIPALES -ANTERIORES-,18123377.64,2026-01-21 00:00:00,Libre Disponibilidad,Municipales
1.2.2.14.01,DERECHOS DE OFICINA DEL EJERCICIO,13291171,2026-01-21 00:00:00,Libre Disponibilidad,Municipales
1.2.6.02.02,INFRACCION A LAS OBLIGACIONES EJERCICIO ANTERIORES,5778194.73,2026-01-21 00:00:00,Libre Disponibilidad,Municipales
1.2.6.08.02,MULTAS POR CONTRAVENCIONES (EJERC.ANTERIORES,5169500,2026-01-21 00:00:00,Libre Disponibilidad,Municipales
1.1.9.05.02,IMPUESTO AUTOMOTOR LEY 13.010 - ANTERIORES-,4681122.68,2026-01-21 00:00:00,Libre Disponibilidad,Municipales
1.2.2.03.02,PUBLICIDAD Y PROPAGANDA -ANTERIORES-,4061069.91,2026-01-21 00:00:00,Libre Disponibilidad,Municipales
1.2.2.03.01,PUBLICIDAD Y PROPAGANDA -EJERCICIO-,2559623.56,2026-01-21 00:00:00,Libre Disponibilidad,Municipales
1.2.6.01.01,MULTAS POR CONTRAVENCIONES DEL EJERCICIO,2316072.03,2026-01-21 00:00:00,Libre Disponibilidad,Municipales
1.2.2.08.01,CEMENTERIO EJERCICIO,1370000,2026-01-21 00:00:00,Libre Disponibilidad,Municipales
1.2.6.02.01,INFRACCION A LAS OBLIGACIONES EJERCICIO,877399.6,2026-01-21 00:00:00,Libre Disponibilidad,Municipales
1.2.2.08.02,CEMENTERIO EJERCICIOS ANTERIORES,869378,2026-01-21 00:00:00,Libre Disponibilidad,Municipales
1.2.2.14.04,ALTAS Y/O BAJAS IMPOSIT.DE AUTOMOTORES,643905.97,2026-01-21 00:00:00,Libre Disponibilidad,Municipales
1.2.2.11.01,DERECHOS DE CONSTRUCCION,417985,2026-01-21 00:00:00,Libre Disponibilidad,Municipales
1.2.1.04,HABILITACIÓN DE COMERCIOS E INDUSTRIAS,375000,2026-01-21 00:00:00,Libre Disponibilidad,Municipales
1.1.9.08.01,PATENTE DE MOTOVEHICULOS DEL EJERCICIO,309396.09,2026-01-21 00:00:00,Libre Disponibilidad,Municipales
1.2.2.14.05,ALTAS Y/O BAJAS IMPOSIT.DE MOTOVEHICULOS,288000,2026-01-21 00:00:00,Libre Disponibilidad,Municipales
1.2.2.14.02,DERECHOS DE OFICINA EJERCICIOS ANTERIORES,206380.34,2026-01-21 00:00:00,Libre Disponibilidad,Municipales
1.2.2.05.01,OCUPACION Y USO DE ESPACIOS PUBLICOS DEL EJERCICIO,95975,2026-01-21 00:00:00,Libre Disponibilidad,Municipales
1.1.9.05.01,IMPUESTO AUTOMOTOR LEY 13.010 -EJERCICIO-,64330.48,2026-01-21 00:00:00,Libre Disponibilidad,Municipales
1.2.1.14,TASA POR SERVICIOS VARIOS EJERCICIO,61000,2026-01-21 00:00:00,Libre Disponibilidad,Municipales
1.2.2.05.02,OCUPACION Y USO DE ESPACIOS PUBLICOS DE EJERCICOS ANTERIORES,47812.37,2026-01-21 00:00:00,Libre Disponibilidad,Municipales
1.2.1.05.01,INSPECCIÓN DE SEGURIDAD E HIGIENE -EJERCICIO-,7500.5,2026-01-21 00:00:00,Libre Disponibilidad,Municipales
1.2.1.22,INGRESOS VARIOS,-336800991,2026-01-21 00:00:00,Libre Disponibilidad,Municipales
1.2.1.05.02,INSPECCIÓN DE SEGURIDAD E HIGIENE -ANTERIORES-,916365519.3,2026-01-22 00:00:00,Libre Disponibilidad,Municipales
1.2.1.01.01,TASA SERVICIOS GENERALES MUNICIPALES - EJERCICIO-,97527543.63,2026-01-22 00:00:00,Libre Disponibilidad,Municipales
1.2.6.01.02,MULTAS POR CONTRAVENCIONES EJERCICIOS ANTERIORES,21252493.71,2026-01-22 00:00:00,Libre Disponibilidad,Municipales
1.2.2.14.01,DERECHOS DE OFICINA DEL EJERCICIO,14470573,2026-01-22 00:00:00,Libre Disponibilidad,Municipales
1.2.2.11.01,DERECHOS DE CONSTRUCCION,14120492,2026-01-22 00:00:00,Libre Disponibilidad,Municipales
1.2.1.01.02,TASA SERVICIOS GENERALES MUNICIPALES -ANTERIORES-,13849249.32,2026-01-22 00:00:00,Libre Disponibilidad,Municipales
1.2.1.21,TASAS POR SERV.VARIOS EJERCICIO ANTERIOR,10213603.27,2026-01-22 00:00:00,Libre Disponibilidad,Municipales
1.2.6.08.02,MULTAS POR CONTRAVENCIONES (EJERC.ANTERIORES,8423850,2026-01-22 00:00:00,Libre Disponibilidad,Municipales
1.1.9.05.02,IMPUESTO AUTOMOTOR LEY 13.010 - ANTERIORES-,5885318.93,2026-01-22 00:00:00,Libre Disponibilidad,Municipales
1.2.6.02.02,INFRACCION A LAS OBLIGACIONES EJERCICIO ANTERIORES,5799045.92,2026-01-22 00:00:00,Libre Disponibilidad,Municipales
1.2.2.03.02,PUBLICIDAD Y PROPAGANDA -ANTERIORES-,5469359,2026-01-22 00:00:00,Libre Disponibilidad,Municipales
1.2.2.03.01,PUBLICIDAD Y PROPAGANDA -EJERCICIO-,4820162.34,2026-01-22 00:00:00,Libre Disponibilidad,Municipales
1.2.2.05.01,OCUPACION Y USO DE ESPACIOS PUBLICOS DEL EJERCICIO,1924100,2026-01-22 00:00:00,Libre Disponibilidad,Municipales
1.2.2.08.01,CEMENTERIO EJERCICIO,1468000,2026-01-22 00:00:00,Libre Disponibilidad,Municipales
1.2.2.08.02,CEMENTERIO EJERCICIOS ANTERIORES,736563,2026-01-22 00:00:00,Libre Disponibilidad,Municipales
1.2.6.02.01,INFRACCION A LAS OBLIGACIONES EJERCICIO,723075.56,2026-01-22 00:00:00,Libre Disponibilidad,Municipales
1.2.2.14.04,ALTAS Y/O BAJAS IMPOSIT.DE AUTOMOTORES,557120,2026-01-22 00:00:00,Libre Disponibilidad,Municipales
1.1.9.08.01,PATENTE DE MOTOVEHICULOS DEL EJERCICIO,462495.87,2026-01-22 00:00:00,Libre Disponibilidad,Municipales
1.2.2.14.05,ALTAS Y/O BAJAS IMPOSIT.DE MOTOVEHICULOS,358920,2026-01-22 00:00:00,Libre Disponibilidad,Municipales
1.2.1.05.01,INSPECCIÓN DE SEGURIDAD E HIGIENE -EJERCICIO-,157871.88,2026-01-22 00:00:00,Libre Disponibilidad,Municipales
1.2.1.04,HABILITACIÓN DE COMERCIOS E INDUSTRIAS,135000,2026-01-22 00:00:00,Libre Disponibilidad,Municipales
1.2.2.14.02,DERECHOS DE OFICINA EJERCICIOS ANTERIORES,99000.05,2026-01-22 00:00:00,Libre Disponibilidad,Municipales
1.2.1.14,TASA POR SERVICIOS VARIOS EJERCICIO,63000,2026-01-22 00:00:00,Libre Disponibilidad,Municipales
1.2.2.05.02,OCUPACION Y USO DE ESPACIOS PUBLICOS DE EJERCICOS ANTERIORES,32996.21,2026-01-22 00:00:00,Libre Disponibilidad,Municipales
1.1.9.05.01,IMPUESTO AUTOMOTOR LEY 13.010 -EJERCICIO-,31016,2026-01-22 00:00:00,Libre Disponibilidad,Municipales
1.2.1.05.02,INSPECCIÓN DE SEGURIDAD E HIGIENE -ANTERIORES-,2041371794,2026-01-23 00:00:00,Libre Disponibilidad,Municipales
1.2.1.01.01,TASA SERVICIOS GENERALES MUNICIPALES - EJERCICIO-,205145010.3,2026-01-23 00:00:00,Libre Disponibilidad,Municipales
1.2.2.05.01,OCUPACION Y USO DE ESPACIOS PUBLICOS DEL EJERCICIO,65827210,2026-01-23 00:00:00,Libre Disponibilidad,Municipales
1.2.2.11.01,DERECHOS DE CONSTRUCCION,51096490.2,2026-01-23 00:00:00,Libre Disponibilidad,Municipales
1.2.6.01.02,MULTAS POR CONTRAVENCIONES EJERCICIOS ANTERIORES,33847719.95,2026-01-23 00:00:00,Libre Disponibilidad,Municipales
1.2.1.21,TASAS POR SERV.VARIOS EJERCICIO ANTERIOR,23129962.94,2026-01-23 00:00:00,Libre Disponibilidad,Municipales
1.2.2.14.01,DERECHOS DE OFICINA DEL EJERCICIO,12066820,2026-01-23 00:00:00,Libre Disponibilidad,Municipales
1.2.1.01.02,TASA SERVICIOS GENERALES MUNICIPALES -ANTERIORES-,11674061.42,2026-01-23 00:00:00,Libre Disponibilidad,Municipales
1.2.6.08.02,MULTAS POR CONTRAVENCIONES (EJERC.ANTERIORES,7695450,2026-01-23 00:00:00,Libre Disponibilidad,Municipales
1.2.2.03.01,PUBLICIDAD Y PROPAGANDA -EJERCICIO-,7212157.59,2026-01-23 00:00:00,Libre Disponibilidad,Municipales
1.2.2.03.02,PUBLICIDAD Y PROPAGANDA -ANTERIORES-,6665047.14,2026-01-23 00:00:00,Libre Disponibilidad,Municipales
1.1.9.05.02,IMPUESTO AUTOMOTOR LEY 13.010 - ANTERIORES-,5744677.04,2026-01-23 00:00:00,Libre Disponibilidad,Municipales
1.2.6.02.02,INFRACCION A LAS OBLIGACIONES EJERCICIO ANTERIORES,5112958.52,2026-01-23 00:00:00,Libre Disponibilidad,Municipales
1.2.6.02.01,INFRACCION A LAS OBLIGACIONES EJERCICIO,3292770.52,2026-01-23 00:00:00,Libre Disponibilidad,Municipales
1.2.2.08.01,CEMENTERIO EJERCICIO,1153000,2026-01-23 00:00:00,Libre Disponibilidad,Municipales
1.1.9.08.01,PATENTE DE MOTOVEHICULOS DEL EJERCICIO,667657.06,2026-01-23 00:00:00,Libre Disponibilidad,Municipales
1.2.2.14.04,ALTAS Y/O BAJAS IMPOSIT.DE AUTOMOTORES,618800,2026-01-23 00:00:00,Libre Disponibilidad,Municipales
1.2.2.14.05,ALTAS Y/O BAJAS IMPOSIT.DE MOTOVEHICULOS,396000,2026-01-23 00:00:00,Libre Disponibilidad,Municipales
1.2.2.08.02,CEMENTERIO EJERCICIOS ANTERIORES,344257,2026-01-23 00:00:00,Libre Disponibilidad,Municipales
1.2.6.01.01,MULTAS POR CONTRAVENCIONES DEL EJERCICIO,292499.98,2026-01-23 00:00:00,Libre Disponibilidad,Municipales
1.2.1.14,TASA POR SERVICIOS VARIOS EJERCICIO,260000,2026-01-23 00:00:00,Libre Disponibilidad,Municipales
1.2.2.05.02,OCUPACION Y USO DE ESPACIOS PUBLICOS DE EJERCICOS ANTERIORES,80807.79,2026-01-23 00:00:00,Libre Disponibilidad,Municipales
1.2.2.14.02,DERECHOS DE OFICINA EJERCICIOS ANTERIORES,80622.04,2026-01-23 00:00:00,Libre Disponibilidad,Municipales
1.2.1.05.01,INSPECCIÓN DE SEGURIDAD E HIGIENE -EJERCICIO-,79695.96,2026-01-23 00:00:00,Libre Disponibilidad,Municipales
1.2.1.04,HABILITACIÓN DE COMERCIOS E INDUSTRIAS,40000,2026-01-23 00:00:00,Libre Disponibilidad,Municipales
1.1.9.05.01,IMPUESTO AUTOMOTOR LEY 13.010 -EJERCICIO-,31820,2026-01-23 00:00:00,Libre Disponibilidad,Municipales
1.2.1.05.02,INSPECCIÓN DE SEGURIDAD E HIGIENE -ANTERIORES-,612429427.7,2026-01-26 00:00:00,Libre Disponibilidad,Municipales
1.2.1.01.01,TASA SERVICIOS GENERALES MUNICIPALES - EJERCICIO-,92709051.41,2026-01-26 00:00:00,Libre Disponibilidad,Municipales
1.2.6.01.02,MULTAS POR CONTRAVENCIONES EJERCICIOS ANTERIORES,38146021.09,2026-01-26 00:00:00,Libre Disponibilidad,Municipales
1.2.1.21,TASAS POR SERV.VARIOS EJERCICIO ANTERIOR,24728412.16,2026-01-26 00:00:00,Libre Disponibilidad,Municipales
1.2.1.01.02,TASA SERVICIOS GENERALES MUNICIPALES -ANTERIORES-,15792545.33,2026-01-26 00:00:00,Libre Disponibilidad,Municipales
1.2.2.14.01,DERECHOS DE OFICINA DEL EJERCICIO,12161286,2026-01-26 00:00:00,Libre Disponibilidad,Municipales
1.2.6.02.02,INFRACCION A LAS OBLIGACIONES EJERCICIO ANTERIORES,11081790.14,2026-01-26 00:00:00,Libre Disponibilidad,Municipales
1.1.9.05.02,IMPUESTO AUTOMOTOR LEY 13.010 - ANTERIORES-,5102625.43,2026-01-26 00:00:00,Libre Disponibilidad,Municipales
1.2.6.08.02,MULTAS POR CONTRAVENCIONES (EJERC.ANTERIORES,4471175,2026-01-26 00:00:00,Libre Disponibilidad,Municipales
1.2.2.03.01,PUBLICIDAD Y PROPAGANDA -EJERCICIO-,4123471.04,2026-01-26 00:00:00,Libre Disponibilidad,Municipales
1.2.2.03.02,PUBLICIDAD Y PROPAGANDA -ANTERIORES-,3763326.23,2026-01-26 00:00:00,Libre Disponibilidad,Municipales
1.2.2.08.01,CEMENTERIO EJERCICIO,2397000,2026-01-26 00:00:00,Libre Disponibilidad,Municipales
1.2.6.02.01,INFRACCION A LAS OBLIGACIONES EJERCICIO,1543719.67,2026-01-26 00:00:00,Libre Disponibilidad,Municipales
1.2.2.08.02,CEMENTERIO EJERCICIOS ANTERIORES,953622,2026-01-26 00:00:00,Libre Disponibilidad,Municipales
1.1.9.08.01,PATENTE DE MOTOVEHICULOS DEL EJERCICIO,847509.07,2026-01-26 00:00:00,Libre Disponibilidad,Municipales
1.2.2.14.04,ALTAS Y/O BAJAS IMPOSIT.DE AUTOMOTORES,519160,2026-01-26 00:00:00,Libre Disponibilidad,Municipales
1.2.2.14.05,ALTAS Y/O BAJAS IMPOSIT.DE MOTOVEHICULOS,270000,2026-01-26 00:00:00,Libre Disponibilidad,Municipales
1.2.1.14,TASA POR SERVICIOS VARIOS EJERCICIO,214000,2026-01-26 00:00:00,Libre Disponibilidad,Municipales
1.2.2.05.02,OCUPACION Y USO DE ESPACIOS PUBLICOS DE EJERCICOS ANTERIORES,154096.12,2026-01-26 00:00:00,Libre Disponibilidad,Municipales
1.2.2.05.01,OCUPACION Y USO DE ESPACIOS PUBLICOS DEL EJERCICIO,135040,2026-01-26 00:00:00,Libre Disponibilidad,Municipales
1.2.2.14.02,DERECHOS DE OFICINA EJERCICIOS ANTERIORES,125461.28,2026-01-26 00:00:00,Libre Disponibilidad,Municipales
1.2.2.11.01,DERECHOS DE CONSTRUCCION,100000,2026-01-26 00:00:00,Libre Disponibilidad,Municipales
1.2.1.05.01,INSPECCIÓN DE SEGURIDAD E HIGIENE -EJERCICIO-,28388.45,2026-01-26 00:00:00,Libre Disponibilidad,Municipales
1.1.9.05.01,IMPUESTO AUTOMOTOR LEY 13.010 -EJERCICIO-,12213,2026-01-26 00:00:00,Libre Disponibilidad,Municipales
1.2.6.01.01,MULTAS POR CONTRAVENCIONES DEL EJERCICIO,0.18,2026-01-26 00:00:00,Libre Disponibilidad,Municipales
1.2.1.01.03,TASA DE ALUMBRADO GENERALES FACTURADO POR EDESUR,1454910782,2026-01-27 00:00:00,Libre Disponibilidad,Municipales
1.2.1.05.02,INSPECCIÓN DE SEGURIDAD E HIGIENE -ANTERIORES-,1077949760,2026-01-27 00:00:00,Libre Disponibilidad,Municipales
1.2.1.01.01,TASA SERVICIOS GENERALES MUNICIPALES - EJERCICIO-,130866412.2,2026-01-27 00:00:00,Libre Disponibilidad,Municipales
1.6.2.01.02,INTERESES POR COLOCACIONES FINANCIERAS,79151975.04,2026-01-27 00:00:00,Libre Disponibilidad,Municipales
1.2.1.21,TASAS POR SERV.VARIOS EJERCICIO ANTERIOR,40962443.21,2026-01-27 00:00:00,Libre Disponibilidad,Municipales
1.2.6.01.02,MULTAS POR CONTRAVENCIONES EJERCICIOS ANTERIORES,40522360.97,2026-01-27 00:00:00,Libre Disponibilidad,Municipales
1.2.1.01.02,TASA SERVICIOS GENERALES MUNICIPALES -ANTERIORES-,27351830.27,2026-01-27 00:00:00,Libre Disponibilidad,Municipales
1.2.2.14.01,DERECHOS DE OFICINA DEL EJERCICIO,26451848,2026-01-27 00:00:00,Libre Disponibilidad,Municipales
1.2.6.08.02,MULTAS POR CONTRAVENCIONES (EJERC.ANTERIORES,13589950,2026-01-27 00:00:00,Libre Disponibilidad,Municipales
1.2.6.02.02,INFRACCION A LAS OBLIGACIONES EJERCICIO ANTERIORES,12388533.5,2026-01-27 00:00:00,Libre Disponibilidad,Municipales
1.2.2.03.02,PUBLICIDAD Y PROPAGANDA -ANTERIORES-,11116377.34,2026-01-27 00:00:00,Libre Disponibilidad,Municipales
1.1.9.05.02,IMPUESTO AUTOMOTOR LEY 13.010 - ANTERIORES-,10491915.91,2026-01-27 00:00:00,Libre Disponibilidad,Municipales
1.2.2.08.01,CEMENTERIO EJERCICIO,5869566,2026-01-27 00:00:00,Libre Disponibilidad,Municipales
1.2.2.03.01,PUBLICIDAD Y PROPAGANDA -EJERCICIO-,4023737.83,2026-01-27 00:00:00,Libre Disponibilidad,Municipales
1.2.2.08.02,CEMENTERIO EJERCICIOS ANTERIORES,2864671.82,2026-01-27 00:00:00,Libre Disponibilidad,Municipales
1.2.1.05.01,INSPECCIÓN DE SEGURIDAD E HIGIENE -EJERCICIO-,1722160.95,2026-01-27 00:00:00,Libre Disponibilidad,Municipales
1.2.6.02.01,INFRACCION A LAS OBLIGACIONES EJERCICIO,1699224.2,2026-01-27 00:00:00,Libre Disponibilidad,Municipales
1.2.2.14.04,ALTAS Y/O BAJAS IMPOSIT.DE AUTOMOTORES,979160.02,2026-01-27 00:00:00,Libre Disponibilidad,Municipales
1.2.1.04,HABILITACIÓN DE COMERCIOS E INDUSTRIAS,860000,2026-01-27 00:00:00,Libre Disponibilidad,Municipales
1.1.9.08.01,PATENTE DE MOTOVEHICULOS DEL EJERCICIO,856971.3,2026-01-27 00:00:00,Libre Disponibilidad,Municipales
1.2.2.14.05,ALTAS Y/O BAJAS IMPOSIT.DE MOTOVEHICULOS,502650.02,2026-01-27 00:00:00,Libre Disponibilidad,Municipales
1.2.2.11.01,DERECHOS DE CONSTRUCCION,339670,2026-01-27 00:00:00,Libre Disponibilidad,Municipales
1.2.1.14,TASA POR SERVICIOS VARIOS EJERCICIO,335000,2026-01-27 00:00:00,Libre Disponibilidad,Municipales
1.2.6.01.01,MULTAS POR CONTRAVENCIONES DEL EJERCICIO,302000.36,2026-01-27 00:00:00,Libre Disponibilidad,Municipales
1.2.2.14.02,DERECHOS DE OFICINA EJERCICIOS ANTERIORES,188345.25,2026-01-27 00:00:00,Libre Disponibilidad,Municipales
1.2.2.05.01,OCUPACION Y USO DE ESPACIOS PUBLICOS DEL EJERCICIO,141520,2026-01-27 00:00:00,Libre Disponibilidad,Municipales
1.1.9.05.01,IMPUESTO AUTOMOTOR LEY 13.010 -EJERCICIO-,141241.46,2026-01-27 00:00:00,Libre Disponibilidad,Municipales
1.2.2.05.02,OCUPACION Y USO DE ESPACIOS PUBLICOS DE EJERCICOS ANTERIORES,113520.42,2026-01-27 00:00:00,Libre Disponibilidad,Municipales
1.2.2.17.01,DERECHO POR OFICIO JUDICIAL DEL EJERCICIO,40000,2026-01-27 00:00:00,Libre Disponibilidad,Municipales
1.2.1.02,SERVICIOS ESPECIALES DE LIMPIEZA E HIGIENE,14000,2026-01-27 00:00:00,Libre Disponibilidad,Municipales
1.2.1.05.02,INSPECCIÓN DE SEGURIDAD E HIGIENE -ANTERIORES-,41802422.37,2026-01-28 00:00:00,Libre Disponibilidad,Municipales
1.2.1.01.01,TASA SERVICIOS GENERALES MUNICIPALES - EJERCICIO-,35933487.04,2026-01-28 00:00:00,Libre Disponibilidad,Municipales
1.2.6.01.02,MULTAS POR CONTRAVENCIONES EJERCICIOS ANTERIORES,29955546.98,2026-01-28 00:00:00,Libre Disponibilidad,Municipales
1.2.1.01.02,TASA SERVICIOS GENERALES MUNICIPALES -ANTERIORES-,12943457.27,2026-01-28 00:00:00,Libre Disponibilidad,Municipales
1.2.2.14.01,DERECHOS DE OFICINA DEL EJERCICIO,11597920,2026-01-28 00:00:00,Libre Disponibilidad,Municipales
1.1.9.05.02,IMPUESTO AUTOMOTOR LEY 13.010 - ANTERIORES-,6079596.18,2026-01-28 00:00:00,Libre Disponibilidad,Municipales
1.2.6.02.02,INFRACCION A LAS OBLIGACIONES EJERCICIO ANTERIORES,4928035.31,2026-01-28 00:00:00,Libre Disponibilidad,Municipales
1.2.6.08.02,MULTAS POR CONTRAVENCIONES (EJERC.ANTERIORES,4561025,2026-01-28 00:00:00,Libre Disponibilidad,Municipales
1.2.9.02,COMISIONES BAPRO PAGO,3088405,2026-01-28 00:00:00,Libre Disponibilidad,Municipales
1.2.2.08.01,CEMENTERIO EJERCICIO,1783566,2026-01-28 00:00:00,Libre Disponibilidad,Municipales
1.2.2.03.01,PUBLICIDAD Y PROPAGANDA -EJERCICIO-,983288.2,2026-01-28 00:00:00,Libre Disponibilidad,Municipales
1.2.2.03.02,PUBLICIDAD Y PROPAGANDA -ANTERIORES-,884564.86,2026-01-28 00:00:00,Libre Disponibilidad,Municipales
1.2.2.08.02,CEMENTERIO EJERCICIOS ANTERIORES,852259,2026-01-28 00:00:00,Libre Disponibilidad,Municipales
1.2.1.21,TASAS POR SERV.VARIOS EJERCICIO ANTERIOR,802590.45,2026-01-28 00:00:00,Libre Disponibilidad,Municipales
1.2.6.02.01,INFRACCION A LAS OBLIGACIONES EJERCICIO,571895.26,2026-01-28 00:00:00,Libre Disponibilidad,Municipales
1.1.9.08.01,PATENTE DE MOTOVEHICULOS DEL EJERCICIO,547249.92,2026-01-28 00:00:00,Libre Disponibilidad,Municipales
1.2.2.14.04,ALTAS Y/O BAJAS IMPOSIT.DE AUTOMOTORES,400000,2026-01-28 00:00:00,Libre Disponibilidad,Municipales
1.2.2.14.05,ALTAS Y/O BAJAS IMPOSIT.DE MOTOVEHICULOS,320742,2026-01-28 00:00:00,Libre Disponibilidad,Municipales
1.2.1.14,TASA POR SERVICIOS VARIOS EJERCICIO,238000,2026-01-28 00:00:00,Libre Disponibilidad,Municipales
1.2.1.04,HABILITACIÓN DE COMERCIOS E INDUSTRIAS,86000,2026-01-28 00:00:00,Libre Disponibilidad,Municipales
1.2.2.14.02,DERECHOS DE OFICINA EJERCICIOS ANTERIORES,80244.16,2026-01-28 00:00:00,Libre Disponibilidad,Municipales
1.2.2.11.01,DERECHOS DE CONSTRUCCION,50000,2026-01-28 00:00:00,Libre Disponibilidad,Municipales
1.2.1.05.01,INSPECCIÓN DE SEGURIDAD E HIGIENE -EJERCICIO-,47000,2026-01-28 00:00:00,Libre Disponibilidad,Municipales
1.2.2.05.01,OCUPACION Y USO DE ESPACIOS PUBLICOS DEL EJERCICIO,29360,2026-01-28 00:00:00,Libre Disponibilidad,Municipales
1.1.9.05.01,IMPUESTO AUTOMOTOR LEY 13.010 -EJERCICIO-,21602,2026-01-28 00:00:00,Libre Disponibilidad,Municipales
1.2.2.05.02,OCUPACION Y USO DE ESPACIOS PUBLICOS DE EJERCICOS ANTERIORES,15898.53,2026-01-28 00:00:00,Libre Disponibilidad,Municipales
1.2.1.02,SERVICIOS ESPECIALES DE LIMPIEZA E HIGIENE,14000,2026-01-28 00:00:00,Libre Disponibilidad,Municipales
1.2.6.01.01,MULTAS POR CONTRAVENCIONES DEL EJERCICIO,-0.1,2026-01-28 00:00:00,Libre Disponibilidad,Municipales
1.6.2.01.02,INTERESES POR COLOCACIONES FINANCIERAS,249331317.8,2026-01-29 00:00:00,Libre Disponibilidad,Municipales
1.2.1.01.01,TASA SERVICIOS GENERALES MUNICIPALES - EJERCICIO-,29507909.66,2026-01-29 00:00:00,Libre Disponibilidad,Municipales
1.2.6.01.02,MULTAS POR CONTRAVENCIONES EJERCICIOS ANTERIORES,27648222.02,2026-01-29 00:00:00,Libre Disponibilidad,Municipales
1.2.1.05.02,INSPECCIÓN DE SEGURIDAD E HIGIENE -ANTERIORES-,17394318.07,2026-01-29 00:00:00,Libre Disponibilidad,Municipales
1.2.1.01.02,TASA SERVICIOS GENERALES MUNICIPALES -ANTERIORES-,14797999.65,2026-01-29 00:00:00,Libre Disponibilidad,Municipales
1.2.2.14.01,DERECHOS DE OFICINA DEL EJERCICIO,12771653,2026-01-29 00:00:00,Libre Disponibilidad,Municipales
1.1.9.05.02,IMPUESTO AUTOMOTOR LEY 13.010 - ANTERIORES-,5124359.83,2026-01-29 00:00:00,Libre Disponibilidad,Municipales
1.2.6.02.02,INFRACCION A LAS OBLIGACIONES EJERCICIO ANTERIORES,4883875.7,2026-01-29 00:00:00,Libre Disponibilidad,Municipales
1.2.6.08.02,MULTAS POR CONTRAVENCIONES (EJERC.ANTERIORES,2680350,2026-01-29 00:00:00,Libre Disponibilidad,Municipales
1.2.1.20.01,ANTENAS TASAS Y DERECHOS,1398096,2026-01-29 00:00:00,Libre Disponibilidad,Municipales
1.2.2.11.01,DERECHOS DE CONSTRUCCION,756602.21,2026-01-29 00:00:00,Libre Disponibilidad,Municipales
1.2.2.08.01,CEMENTERIO EJERCICIO,617000,2026-01-29 00:00:00,Libre Disponibilidad,Municipales
1.2.1.05.01,INSPECCIÓN DE SEGURIDAD E HIGIENE -EJERCICIO-,589483.7,2026-01-29 00:00:00,Libre Disponibilidad,Municipales
1.2.6.02.01,INFRACCION A LAS OBLIGACIONES EJERCICIO,584439.04,2026-01-29 00:00:00,Libre Disponibilidad,Municipales
1.2.2.14.04,ALTAS Y/O BAJAS IMPOSIT.DE AUTOMOTORES,546540.01,2026-01-29 00:00:00,Libre Disponibilidad,Municipales
1.2.2.03.01,PUBLICIDAD Y PROPAGANDA -EJERCICIO-,463861.16,2026-01-29 00:00:00,Libre Disponibilidad,Municipales
1.1.9.08.01,PATENTE DE MOTOVEHICULOS DEL EJERCICIO,437478.84,2026-01-29 00:00:00,Libre Disponibilidad,Municipales
1.2.1.21,TASAS POR SERV.VARIOS EJERCICIO ANTERIOR,361350.62,2026-01-29 00:00:00,Libre Disponibilidad,Municipales
1.2.1.14,TASA POR SERVICIOS VARIOS EJERCICIO,358000,2026-01-29 00:00:00,Libre Disponibilidad,Municipales
1.2.2.03.02,PUBLICIDAD Y PROPAGANDA -ANTERIORES-,309499.09,2026-01-29 00:00:00,Libre Disponibilidad,Municipales
1.2.1.18,FONDO DE OBRAS DE INFRAESTRUCTURA ORD.7751,255942.59,2026-01-29 00:00:00,Libre Disponibilidad,Municipales
1.2.2.14.05,ALTAS Y/O BAJAS IMPOSIT.DE MOTOVEHICULOS,252000,2026-01-29 00:00:00,Libre Disponibilidad,Municipales
1.2.2.08.02,CEMENTERIO EJERCICIOS ANTERIORES,197036,2026-01-29 00:00:00,Libre Disponibilidad,Municipales
1.2.1.04,HABILITACIÓN DE COMERCIOS E INDUSTRIAS,86000,2026-01-29 00:00:00,Libre Disponibilidad,Municipales
1.2.6.01.01,MULTAS POR CONTRAVENCIONES DEL EJERCICIO,70183.99,2026-01-29 00:00:00,Libre Disponibilidad,Municipales
1.2.2.14.02,DERECHOS DE OFICINA EJERCICIOS ANTERIORES,62389,2026-01-29 00:00:00,Libre Disponibilidad,Municipales
1.2.2.05.02,OCUPACION Y USO DE ESPACIOS PUBLICOS DE EJERCICOS ANTERIORES,58479.53,2026-01-29 00:00:00,Libre Disponibilidad,Municipales
1.1.9.05.01,IMPUESTO AUTOMOTOR LEY 13.010 -EJERCICIO-,56085.68,2026-01-29 00:00:00,Libre Disponibilidad,Municipales
1.2.2.05.01,OCUPACION Y USO DE ESPACIOS PUBLICOS DEL EJERCICIO,51360,2026-01-29 00:00:00,Libre Disponibilidad,Municipales
1.2.1.02,SERVICIOS ESPECIALES DE LIMPIEZA E HIGIENE,14000,2026-01-29 00:00:00,Libre Disponibilidad,Municipales
1.2.1.01.01,TASA SERVICIOS GENERALES MUNICIPALES - EJERCICIO-,101938082.5,2026-01-30 00:00:00,Libre Disponibilidad,Municipales
1.6.2.01.02,INTERESES POR COLOCACIONES FINANCIERAS,79617863.98,2026-01-30 00:00:00,Libre Disponibilidad,Municipales
1.2.6.01.02,MULTAS POR CONTRAVENCIONES EJERCICIOS ANTERIORES,36345447.98,2026-01-30 00:00:00,Libre Disponibilidad,Municipales
1.2.1.05.02,INSPECCIÓN DE SEGURIDAD E HIGIENE -ANTERIORES-,25796940.65,2026-01-30 00:00:00,Libre Disponibilidad,Municipales
1.2.2.14.01,DERECHOS DE OFICINA DEL EJERCICIO,12554172,2026-01-30 00:00:00,Libre Disponibilidad,Municipales
1.2.1.01.02,TASA SERVICIOS GENERALES MUNICIPALES -ANTERIORES-,11945320.31,2026-01-30 00:00:00,Libre Disponibilidad,Municipales
1.1.9.05.02,IMPUESTO AUTOMOTOR LEY 13.010 - ANTERIORES-,10864046.39,2026-01-30 00:00:00,Libre Disponibilidad,Municipales
1.2.6.08.02,MULTAS POR CONTRAVENCIONES (EJERC.ANTERIORES,7236725,2026-01-30 00:00:00,Libre Disponibilidad,Municipales
1.2.6.02.02,INFRACCION A LAS OBLIGACIONES EJERCICIO ANTERIORES,6522068.38,2026-01-30 00:00:00,Libre Disponibilidad,Municipales
1.2.2.08.01,CEMENTERIO EJERCICIO,2518000,2026-01-30 00:00:00,Libre Disponibilidad,Municipales
1.2.2.08.02,CEMENTERIO EJERCICIOS ANTERIORES,836735,2026-01-30 00:00:00,Libre Disponibilidad,Municipales
1.2.2.14.04,ALTAS Y/O BAJAS IMPOSIT.DE AUTOMOTORES,820000,2026-01-30 00:00:00,Libre Disponibilidad,Municipales
1.2.6.02.01,INFRACCION A LAS OBLIGACIONES EJERCICIO,707047.13,2026-01-30 00:00:00,Libre Disponibilidad,Municipales
1.2.1.21,TASAS POR SERV.VARIOS EJERCICIO ANTERIOR,553828.93,2026-01-30 00:00:00,Libre Disponibilidad,Municipales
1.2.2.03.02,PUBLICIDAD Y PROPAGANDA -ANTERIORES-,481966.55,2026-01-30 00:00:00,Libre Disponibilidad,Municipales
1.1.9.08.01,PATENTE DE MOTOVEHICULOS DEL EJERCICIO,431634.97,2026-01-30 00:00:00,Libre Disponibilidad,Municipales
1.2.6.01.01,MULTAS POR CONTRAVENCIONES DEL EJERCICIO,396095.07,2026-01-30 00:00:00,Libre Disponibilidad,Municipales
1.2.2.14.05,ALTAS Y/O BAJAS IMPOSIT.DE MOTOVEHICULOS,342000,2026-01-30 00:00:00,Libre Disponibilidad,Municipales
1.2.1.04,HABILITACIÓN DE COMERCIOS E INDUSTRIAS,270000,2026-01-30 00:00:00,Libre Disponibilidad,Municipales
1.2.2.11.01,DERECHOS DE CONSTRUCCION,200000,2026-01-30 00:00:00,Libre Disponibilidad,Municipales
1.2.1.14,TASA POR SERVICIOS VARIOS EJERCICIO,151000,2026-01-30 00:00:00,Libre Disponibilidad,Municipales
1.2.2.14.02,DERECHOS DE OFICINA EJERCICIOS ANTERIORES,129698.86,2026-01-30 00:00:00,Libre Disponibilidad,Municipales
1.2.2.03.01,PUBLICIDAD Y PROPAGANDA -EJERCICIO-,108413.01,2026-01-30 00:00:00,Libre Disponibilidad,Municipales
1.2.1.05.01,INSPECCIÓN DE SEGURIDAD E HIGIENE -EJERCICIO-,105615.57,2026-01-30 00:00:00,Libre Disponibilidad,Municipales
1.2.2.05.01,OCUPACION Y USO DE ESPACIOS PUBLICOS DEL EJERCICIO,104480,2026-01-30 00:00:00,Libre Disponibilidad,Municipales
1.1.9.05.01,IMPUESTO AUTOMOTOR LEY 13.010 -EJERCICIO-,66183.15,2026-01-30 00:00:00,Libre Disponibilidad,Municipales
1.2.2.05.02,OCUPACION Y USO DE ESPACIOS PUBLICOS DE EJERCICOS ANTERIORES,37370.71,2026-01-30 00:00:00,Libre Disponibilidad,Municipales
1.6.2.01.02,INTERESES POR COLOCACIONES FINANCIERAS,146939216.2,2026-02-02 00:00:00,Libre Disponibilidad,Municipales
1.2.1.05.02,INSPECCIÓN DE SEGURIDAD E HIGIENE -ANTERIORES-,40959838.92,2026-02-02 00:00:00,Libre Disponibilidad,Municipales
1.2.6.01.02,MULTAS POR CONTRAVENCIONES EJERCICIOS ANTERIORES,31895491.56,2026-02-02 00:00:00,Libre Disponibilidad,Municipales
1.2.1.01.01,TASA SERVICIOS GENERALES MUNICIPALES - EJERCICIO-,27890808.92,2026-02-02 00:00:00,Libre Disponibilidad,Municipales
1.2.1.01.02,TASA SERVICIOS GENERALES MUNICIPALES -ANTERIORES-,8568324.09,2026-02-02 00:00:00,Libre Disponibilidad,Municipales
1.2.6.02.02,INFRACCION A LAS OBLIGACIONES EJERCICIO ANTERIORES,7098586.86,2026-02-02 00:00:00,Libre Disponibilidad,Municipales
1.2.2.14.01,DERECHOS DE OFICINA DEL EJERCICIO,6541768,2026-02-02 00:00:00,Libre Disponibilidad,Municipales
1.1.9.05.02,IMPUESTO AUTOMOTOR LEY 13.010 - ANTERIORES-,4678355.95,2026-02-02 00:00:00,Libre Disponibilidad,Municipales
1.2.6.08.02,MULTAS POR CONTRAVENCIONES (EJERC.ANTERIORES,3885050,2026-02-02 00:00:00,Libre Disponibilidad,Municipales
1.2.2.11.01,DERECHOS DE CONSTRUCCION,1686277.11,2026-02-02 00:00:00,Libre Disponibilidad,Municipales
1.2.2.03.02,PUBLICIDAD Y PROPAGANDA -ANTERIORES-,696941.41,2026-02-02 00:00:00,Libre Disponibilidad,Municipales
1.1.9.08.01,PATENTE DE MOTOVEHICULOS DEL EJERCICIO,452060.58,2026-02-02 00:00:00,Libre Disponibilidad,Municipales
1.2.1.21,TASAS POR SERV.VARIOS EJERCICIO ANTERIOR,380348.85,2026-02-02 00:00:00,Libre Disponibilidad,Municipales
1.2.6.02.01,INFRACCION A LAS OBLIGACIONES EJERCICIO,286566.75,2026-02-02 00:00:00,Libre Disponibilidad,Municipales
1.2.2.14.04,ALTAS Y/O BAJAS IMPOSIT.DE AUTOMOTORES,280000,2026-02-02 00:00:00,Libre Disponibilidad,Municipales
1.2.1.04,HABILITACIÓN DE COMERCIOS E INDUSTRIAS,240000,2026-02-02 00:00:00,Libre Disponibilidad,Municipales
1.2.2.14.05,ALTAS Y/O BAJAS IMPOSIT.DE MOTOVEHICULOS,234000,2026-02-02 00:00:00,Libre Disponibilidad,Municipales
1.2.2.03.01,PUBLICIDAD Y PROPAGANDA -EJERCICIO-,148600.41,2026-02-02 00:00:00,Libre Disponibilidad,Municipales
1.2.1.14,TASA POR SERVICIOS VARIOS EJERCICIO,146000,2026-02-02 00:00:00,Libre Disponibilidad,Municipales
1.2.2.08.01,CEMENTERIO EJERCICIO,107566,2026-02-02 00:00:00,Libre Disponibilidad,Municipales
1.2.2.05.01,OCUPACION Y USO DE ESPACIOS PUBLICOS DEL EJERCICIO,99040,2026-02-02 00:00:00,Libre Disponibilidad,Municipales
1.2.2.14.02,DERECHOS DE OFICINA EJERCICIOS ANTERIORES,99000.36,2026-02-02 00:00:00,Libre Disponibilidad,Municipales
1.2.1.05.01,INSPECCIÓN DE SEGURIDAD E HIGIENE -EJERCICIO-,92000,2026-02-02 00:00:00,Libre Disponibilidad,Municipales
1.2.2.05.02,OCUPACION Y USO DE ESPACIOS PUBLICOS DE EJERCICOS ANTERIORES,65691.36,2026-02-02 00:00:00,Libre Disponibilidad,Municipales
1.1.9.05.01,IMPUESTO AUTOMOTOR LEY 13.010 -EJERCICIO-,34081,2026-02-02 00:00:00,Libre Disponibilidad,Municipales
1.2.2.08.02,CEMENTERIO EJERCICIOS ANTERIORES,22802,2026-02-02 00:00:00,Libre Disponibilidad,Municipales
1.2.1.02,SERVICIOS ESPECIALES DE LIMPIEZA E HIGIENE,14000,2026-02-02 00:00:00,Libre Disponibilidad,Municipales
1.2.6.01.01,MULTAS POR CONTRAVENCIONES DEL EJERCICIO,0.38,2026-02-02 00:00:00,Libre Disponibilidad,Municipales
1.2.1.01.01,TASA SERVICIOS GENERALES MUNICIPALES - EJERCICIO-,45414764.27,2026-02-03 00:00:00,Libre Disponibilidad,Municipales
1.2.6.01.02,MULTAS POR CONTRAVENCIONES EJERCICIOS ANTERIORES,27578971.8,2026-02-03 00:00:00,Libre Disponibilidad,Municipales
1.2.1.05.02,INSPECCIÓN DE SEGURIDAD E HIGIENE -ANTERIORES-,24125117.34,2026-02-03 00:00:00,Libre Disponibilidad,Municipales
1.2.2.14.01,DERECHOS DE OFICINA DEL EJERCICIO,9245195,2026-02-03 00:00:00,Libre Disponibilidad,Municipales
1.2.1.01.02,TASA SERVICIOS GENERALES MUNICIPALES -ANTERIORES-,8551139.55,2026-02-03 00:00:00,Libre Disponibilidad,Municipales
1.2.2.11.01,DERECHOS DE CONSTRUCCION,6009469.73,2026-02-03 00:00:00,Libre Disponibilidad,Municipales
1.2.6.02.02,INFRACCION A LAS OBLIGACIONES EJERCICIO ANTERIORES,4434924.2,2026-02-03 00:00:00,Libre Disponibilidad,Municipales
1.2.6.08.02,MULTAS POR CONTRAVENCIONES (EJERC.ANTERIORES,4156050,2026-02-03 00:00:00,Libre Disponibilidad,Municipales
1.1.9.05.02,IMPUESTO AUTOMOTOR LEY 13.010 - ANTERIORES-,3503513.24,2026-02-03 00:00:00,Libre Disponibilidad,Municipales
1.2.2.08.01,CEMENTERIO EJERCICIO,1052000,2026-02-03 00:00:00,Libre Disponibilidad,Municipales
1.2.2.05.01,OCUPACION Y USO DE ESPACIOS PUBLICOS DEL EJERCICIO,616970.32,2026-02-03 00:00:00,Libre Disponibilidad,Municipales
1.2.2.08.02,CEMENTERIO EJERCICIOS ANTERIORES,547568,2026-02-03 00:00:00,Libre Disponibilidad,Municipales
1.1.9.08.01,PATENTE DE MOTOVEHICULOS DEL EJERCICIO,529331.67,2026-02-03 00:00:00,Libre Disponibilidad,Municipales
1.2.6.01.01,MULTAS POR CONTRAVENCIONES DEL EJERCICIO,451750.13,2026-02-03 00:00:00,Libre Disponibilidad,Municipales
1.2.6.02.01,INFRACCION A LAS OBLIGACIONES EJERCICIO,404776.5,2026-02-03 00:00:00,Libre Disponibilidad,Municipales
1.2.1.05.01,INSPECCIÓN DE SEGURIDAD E HIGIENE -EJERCICIO-,362762.05,2026-02-03 00:00:00,Libre Disponibilidad,Municipales
1.2.1.14,TASA POR SERVICIOS VARIOS EJERCICIO,355000,2026-02-03 00:00:00,Libre Disponibilidad,Municipales
1.2.1.21,TASAS POR SERV.VARIOS EJERCICIO ANTERIOR,310676.82,2026-02-03 00:00:00,Libre Disponibilidad,Municipales
1.2.2.14.04,ALTAS Y/O BAJAS IMPOSIT.DE AUTOMOTORES,280000,2026-02-03 00:00:00,Libre Disponibilidad,Municipales
1.2.2.14.05,ALTAS Y/O BAJAS IMPOSIT.DE MOTOVEHICULOS,216000,2026-02-03 00:00:00,Libre Disponibilidad,Municipales
1.2.2.03.02,PUBLICIDAD Y PROPAGANDA -ANTERIORES-,126217.67,2026-02-03 00:00:00,Libre Disponibilidad,Municipales
1.2.2.05.02,OCUPACION Y USO DE ESPACIOS PUBLICOS DE EJERCICOS ANTERIORES,70562.72,2026-02-03 00:00:00,Libre Disponibilidad,Municipales
1.2.2.03.01,PUBLICIDAD Y PROPAGANDA -EJERCICIO-,64943.09,2026-02-03 00:00:00,Libre Disponibilidad,Municipales
1.2.2.14.02,DERECHOS DE OFICINA EJERCICIOS ANTERIORES,63000.29,2026-02-03 00:00:00,Libre Disponibilidad,Municipales
1.1.9.05.01,IMPUESTO AUTOMOTOR LEY 13.010 -EJERCICIO-,22063,2026-02-03 00:00:00,Libre Disponibilidad,Municipales
1.2.1.02,SERVICIOS ESPECIALES DE LIMPIEZA E HIGIENE,14000,2026-02-03 00:00:00,Libre Disponibilidad,Municipales
1.6.2.01.02,INTERESES POR COLOCACIONES FINANCIERAS,47671232.88,2026-02-04 00:00:00,Libre Disponibilidad,Municipales
1.2.1.01.01,TASA SERVICIOS GENERALES MUNICIPALES - EJERCICIO-,38443338.25,2026-02-04 00:00:00,Libre Disponibilidad,Municipales
1.2.6.01.02,MULTAS POR CONTRAVENCIONES EJERCICIOS ANTERIORES,27339111.55,2026-02-04 00:00:00,Libre Disponibilidad,Municipales
1.2.2.14.01,DERECHOS DE OFICINA DEL EJERCICIO,10937496,2026-02-04 00:00:00,Libre Disponibilidad,Municipales
1.2.1.01.02,TASA SERVICIOS GENERALES MUNICIPALES -ANTERIORES-,9197258.2,2026-02-04 00:00:00,Libre Disponibilidad,Municipales
1.2.1.05.01,INSPECCIÓN DE SEGURIDAD E HIGIENE -EJERCICIO-,8321279.46,2026-02-04 00:00:00,Libre Disponibilidad,Municipales
1.2.1.05.02,INSPECCIÓN DE SEGURIDAD E HIGIENE -ANTERIORES-,7935290.33,2026-02-04 00:00:00,Libre Disponibilidad,Municipales
1.2.2.11.01,DERECHOS DE CONSTRUCCION,6306152.4,2026-02-04 00:00:00,Libre Disponibilidad,Municipales
1.1.9.05.02,IMPUESTO AUTOMOTOR LEY 13.010 - ANTERIORES-,4386625.23,2026-02-04 00:00:00,Libre Disponibilidad,Municipales
1.2.6.02.02,INFRACCION A LAS OBLIGACIONES EJERCICIO ANTERIORES,2489612.84,2026-02-04 00:00:00,Libre Disponibilidad,Municipales
1.2.6.08.02,MULTAS POR CONTRAVENCIONES (EJERC.ANTERIORES,1746750,2026-02-04 00:00:00,Libre Disponibilidad,Municipales
1.2.6.01.01,MULTAS POR CONTRAVENCIONES DEL EJERCICIO,1170250.01,2026-02-04 00:00:00,Libre Disponibilidad,Municipales
1.2.2.08.01,CEMENTERIO EJERCICIO,839000,2026-02-04 00:00:00,Libre Disponibilidad,Municipales
1.2.2.05.01,OCUPACION Y USO DE ESPACIOS PUBLICOS DEL EJERCICIO,745006,2026-02-04 00:00:00,Libre Disponibilidad,Municipales
1.2.2.03.01,PUBLICIDAD Y PROPAGANDA -EJERCICIO-,734318.98,2026-02-04 00:00:00,Libre Disponibilidad,Municipales
1.2.2.14.04,ALTAS Y/O BAJAS IMPOSIT.DE AUTOMOTORES,560000,2026-02-04 00:00:00,Libre Disponibilidad,Municipales
1.2.6.02.01,INFRACCION A LAS OBLIGACIONES EJERCICIO,438199.05,2026-02-04 00:00:00,Libre Disponibilidad,Municipales
1.2.2.08.02,CEMENTERIO EJERCICIOS ANTERIORES,434787,2026-02-04 00:00:00,Libre Disponibilidad,Municipales
1.2.1.21,TASAS POR SERV.VARIOS EJERCICIO ANTERIOR,284293.12,2026-02-04 00:00:00,Libre Disponibilidad,Municipales
1.2.1.14,TASA POR SERVICIOS VARIOS EJERCICIO,271000,2026-02-04 00:00:00,Libre Disponibilidad,Municipales
1.2.2.03.02,PUBLICIDAD Y PROPAGANDA -ANTERIORES-,191283.66,2026-02-04 00:00:00,Libre Disponibilidad,Municipales
1.1.9.08.01,PATENTE DE MOTOVEHICULOS DEL EJERCICIO,165492.4,2026-02-04 00:00:00,Libre Disponibilidad,Municipales
1.2.2.14.05,ALTAS Y/O BAJAS IMPOSIT.DE MOTOVEHICULOS,126000,2026-02-04 00:00:00,Libre Disponibilidad,Municipales
1.2.2.05.02,OCUPACION Y USO DE ESPACIOS PUBLICOS DE EJERCICOS ANTERIORES,59216.48,2026-02-04 00:00:00,Libre Disponibilidad,Municipales
1.2.2.14.02,DERECHOS DE OFICINA EJERCICIOS ANTERIORES,26460.04,2026-02-04 00:00:00,Libre Disponibilidad,Municipales
1.1.9.05.01,IMPUESTO AUTOMOTOR LEY 13.010 -EJERCICIO-,17001.85,2026-02-04 00:00:00,Libre Disponibilidad,Municipales
1.2.1.01.01,TASA SERVICIOS GENERALES MUNICIPALES - EJERCICIO-,55605898.08,2026-02-05 00:00:00,Libre Disponibilidad,Municipales
1.2.6.01.02,MULTAS POR CONTRAVENCIONES EJERCICIOS ANTERIORES,39615638.13,2026-02-05 00:00:00,Libre Disponibilidad,Municipales
1.2.2.11.01,DERECHOS DE CONSTRUCCION,22215469.13,2026-02-05 00:00:00,Libre Disponibilidad,Municipales
1.2.1.05.02,INSPECCIÓN DE SEGURIDAD E HIGIENE -ANTERIORES-,20293284.32,2026-02-05 00:00:00,Libre Disponibilidad,Municipales
1.2.2.14.01,DERECHOS DE OFICINA DEL EJERCICIO,19217641.5,2026-02-05 00:00:00,Libre Disponibilidad,Municipales
1.2.1.01.02,TASA SERVICIOS GENERALES MUNICIPALES -ANTERIORES-,9161879.75,2026-02-05 00:00:00,Libre Disponibilidad,Municipales
1.1.9.05.02,IMPUESTO AUTOMOTOR LEY 13.010 - ANTERIORES-,5770503.7,2026-02-05 00:00:00,Libre Disponibilidad,Municipales
1.2.1.05.01,INSPECCIÓN DE SEGURIDAD E HIGIENE -EJERCICIO-,4340947,2026-02-05 00:00:00,Libre Disponibilidad,Municipales
1.2.6.08.02,MULTAS POR CONTRAVENCIONES (EJERC.ANTERIORES,3552025,2026-02-05 00:00:00,Libre Disponibilidad,Municipales
1.2.6.02.02,INFRACCION A LAS OBLIGACIONES EJERCICIO ANTERIORES,3548590.79,2026-02-05 00:00:00,Libre Disponibilidad,Municipales
1.2.6.01.01,MULTAS POR CONTRAVENCIONES DEL EJERCICIO,3246010.05,2026-02-05 00:00:00,Libre Disponibilidad,Municipales
1.2.2.08.01,CEMENTERIO EJERCICIO,973000,2026-02-05 00:00:00,Libre Disponibilidad,Municipales
1.2.1.04,HABILITACIÓN DE COMERCIOS E INDUSTRIAS,930000,2026-02-05 00:00:00,Libre Disponibilidad,Municipales
1.2.6.02.01,INFRACCION A LAS OBLIGACIONES EJERCICIO,632503.34,2026-02-05 00:00:00,Libre Disponibilidad,Municipales
1.2.2.14.04,ALTAS Y/O BAJAS IMPOSIT.DE AUTOMOTORES,592580.02,2026-02-05 00:00:00,Libre Disponibilidad,Municipales
1.2.2.08.02,CEMENTERIO EJERCICIOS ANTERIORES,456400,2026-02-05 00:00:00,Libre Disponibilidad,Municipales
1.1.9.08.01,PATENTE DE MOTOVEHICULOS DEL EJERCICIO,411359.02,2026-02-05 00:00:00,Libre Disponibilidad,Municipales
1.2.1.21,TASAS POR SERV.VARIOS EJERCICIO ANTERIOR,336124.24,2026-02-05 00:00:00,Libre Disponibilidad,Municipales
1.2.2.14.05,ALTAS Y/O BAJAS IMPOSIT.DE MOTOVEHICULOS,252000,2026-02-05 00:00:00,Libre Disponibilidad,Municipales
1.2.2.03.02,PUBLICIDAD Y PROPAGANDA -ANTERIORES-,202308.69,2026-02-05 00:00:00,Libre Disponibilidad,Municipales
1.2.2.03.01,PUBLICIDAD Y PROPAGANDA -EJERCICIO-,200150.35,2026-02-05 00:00:00,Libre Disponibilidad,Municipales
1.2.2.05.02,OCUPACION Y USO DE ESPACIOS PUBLICOS DE EJERCICOS ANTERIORES,197951.67,2026-02-05 00:00:00,Libre Disponibilidad,Municipales
1.2.1.14,TASA POR SERVICIOS VARIOS EJERCICIO,135000,2026-02-05 00:00:00,Libre Disponibilidad,Municipales
1.1.9.05.01,IMPUESTO AUTOMOTOR LEY 13.010 -EJERCICIO-,115260.62,2026-02-05 00:00:00,Libre Disponibilidad,Municipales
1.2.2.14.02,DERECHOS DE OFICINA EJERCICIOS ANTERIORES,62998.39,2026-02-05 00:00:00,Libre Disponibilidad,Municipales
1.2.2.05.01,OCUPACION Y USO DE ESPACIOS PUBLICOS DEL EJERCICIO,40560,2026-02-05 00:00:00,Libre Disponibilidad,Municipales
1.2.1.01.01,TASA SERVICIOS GENERALES MUNICIPALES - EJERCICIO-,155585975.1,2026-02-06 00:00:00,Libre Disponibilidad,Municipales
1.6.2.01.02,INTERESES POR COLOCACIONES FINANCIERAS,63432617.03,2026-02-06 00:00:00,Libre Disponibilidad,Municipales
1.2.6.01.02,MULTAS POR CONTRAVENCIONES EJERCICIOS ANTERIORES,29641772.49,2026-02-06 00:00:00,Libre Disponibilidad,Municipales
1.2.2.14.01,DERECHOS DE OFICINA DEL EJERCICIO,14589797,2026-02-06 00:00:00,Libre Disponibilidad,Municipales
1.2.1.05.02,INSPECCIÓN DE SEGURIDAD E HIGIENE -ANTERIORES-,12082819.04,2026-02-06 00:00:00,Libre Disponibilidad,Municipales
1.2.1.01.02,TASA SERVICIOS GENERALES MUNICIPALES -ANTERIORES-,8200517.32,2026-02-06 00:00:00,Libre Disponibilidad,Municipales
1.2.1.05.01,INSPECCIÓN DE SEGURIDAD E HIGIENE -EJERCICIO-,6933822.3,2026-02-06 00:00:00,Libre Disponibilidad,Municipales
1.1.9.05.02,IMPUESTO AUTOMOTOR LEY 13.010 - ANTERIORES-,5277058.88,2026-02-06 00:00:00,Libre Disponibilidad,Municipales
1.2.6.02.02,INFRACCION A LAS OBLIGACIONES EJERCICIO ANTERIORES,3676250.06,2026-02-06 00:00:00,Libre Disponibilidad,Municipales
1.2.6.08.02,MULTAS POR CONTRAVENCIONES (EJERC.ANTERIORES,1716650,2026-02-06 00:00:00,Libre Disponibilidad,Municipales
1.2.2.08.01,CEMENTERIO EJERCICIO,1320000,2026-02-06 00:00:00,Libre Disponibilidad,Municipales
1.2.6.02.01,INFRACCION A LAS OBLIGACIONES EJERCICIO,725449.98,2026-02-06 00:00:00,Libre Disponibilidad,Municipales
1.1.9.08.01,PATENTE DE MOTOVEHICULOS DEL EJERCICIO,619189.95,2026-02-06 00:00:00,Libre Disponibilidad,Municipales
1.2.2.14.04,ALTAS Y/O BAJAS IMPOSIT.DE AUTOMOTORES,560000,2026-02-06 00:00:00,Libre Disponibilidad,Municipales
1.2.2.08.02,CEMENTERIO EJERCICIOS ANTERIORES,529422,2026-02-06 00:00:00,Libre Disponibilidad,Municipales
1.2.1.14,TASA POR SERVICIOS VARIOS EJERCICIO,494000,2026-02-06 00:00:00,Libre Disponibilidad,Municipales
1.2.2.11.01,DERECHOS DE CONSTRUCCION,422974.86,2026-02-06 00:00:00,Libre Disponibilidad,Municipales
1.2.6.01.01,MULTAS POR CONTRAVENCIONES DEL EJERCICIO,255727.09,2026-02-06 00:00:00,Libre Disponibilidad,Municipales
1.2.2.03.01,PUBLICIDAD Y PROPAGANDA -EJERCICIO-,211951,2026-02-06 00:00:00,Libre Disponibilidad,Municipales
1.2.2.05.02,OCUPACION Y USO DE ESPACIOS PUBLICOS DE EJERCICOS ANTERIORES,196640.96,2026-02-06 00:00:00,Libre Disponibilidad,Municipales
1.2.2.14.05,ALTAS Y/O BAJAS IMPOSIT.DE MOTOVEHICULOS,178920,2026-02-06 00:00:00,Libre Disponibilidad,Municipales
1.2.2.03.02,PUBLICIDAD Y PROPAGANDA -ANTERIORES-,172534.36,2026-02-06 00:00:00,Libre Disponibilidad,Municipales
1.2.1.04,HABILITACIÓN DE COMERCIOS E INDUSTRIAS,86000,2026-02-06 00:00:00,Libre Disponibilidad,Municipales
1.2.1.21,TASAS POR SERV.VARIOS EJERCICIO ANTERIOR,80629.76,2026-02-06 00:00:00,Libre Disponibilidad,Municipales
1.2.2.05.01,OCUPACION Y USO DE ESPACIOS PUBLICOS DEL EJERCICIO,74240,2026-02-06 00:00:00,Libre Disponibilidad,Municipales
1.2.2.14.02,DERECHOS DE OFICINA EJERCICIOS ANTERIORES,62999.84,2026-02-06 00:00:00,Libre Disponibilidad,Municipales
1.1.9.05.01,IMPUESTO AUTOMOTOR LEY 13.010 -EJERCICIO-,53001.43,2026-02-06 00:00:00,Libre Disponibilidad,Municipales
1.2.2.17.01,DERECHO POR OFICIO JUDICIAL DEL EJERCICIO,20000,2026-02-06 00:00:00,Libre Disponibilidad,Municipales
1.2.1.01.01,TASA SERVICIOS GENERALES MUNICIPALES - EJERCICIO-,97693022.85,2026-02-09 00:00:00,Libre Disponibilidad,Municipales
1.6.2.01.02,INTERESES POR COLOCACIONES FINANCIERAS,54356164.38,2026-02-09 00:00:00,Libre Disponibilidad,Municipales
1.2.6.01.02,MULTAS POR CONTRAVENCIONES EJERCICIOS ANTERIORES,37735006.7,2026-02-09 00:00:00,Libre Disponibilidad,Municipales
1.2.1.01.02,TASA SERVICIOS GENERALES MUNICIPALES -ANTERIORES-,22211461.71,2026-02-09 00:00:00,Libre Disponibilidad,Municipales
1.2.1.05.02,INSPECCIÓN DE SEGURIDAD E HIGIENE -ANTERIORES-,20972749.7,2026-02-09 00:00:00,Libre Disponibilidad,Municipales
1.2.1.05.01,INSPECCIÓN DE SEGURIDAD E HIGIENE -EJERCICIO-,17078854.8,2026-02-09 00:00:00,Libre Disponibilidad,Municipales
1.2.2.14.01,DERECHOS DE OFICINA DEL EJERCICIO,10689346,2026-02-09 00:00:00,Libre Disponibilidad,Municipales
1.2.6.02.02,INFRACCION A LAS OBLIGACIONES EJERCICIO ANTERIORES,6717867.62,2026-02-09 00:00:00,Libre Disponibilidad,Municipales
1.2.6.08.02,MULTAS POR CONTRAVENCIONES (EJERC.ANTERIORES,6272125,2026-02-09 00:00:00,Libre Disponibilidad,Municipales
1.1.9.05.02,IMPUESTO AUTOMOTOR LEY 13.010 - ANTERIORES-,5435209.9,2026-02-09 00:00:00,Libre Disponibilidad,Municipales
1.2.2.08.01,CEMENTERIO EJERCICIO,3212000,2026-02-09 00:00:00,Libre Disponibilidad,Municipales
1.2.6.01.01,MULTAS POR CONTRAVENCIONES DEL EJERCICIO,1535950.35,2026-02-09 00:00:00,Libre Disponibilidad,Municipales
1.2.2.11.01,DERECHOS DE CONSTRUCCION,1140283.46,2026-02-09 00:00:00,Libre Disponibilidad,Municipales
1.2.2.08.02,CEMENTERIO EJERCICIOS ANTERIORES,914164,2026-02-09 00:00:00,Libre Disponibilidad,Municipales
1.1.9.08.01,PATENTE DE MOTOVEHICULOS DEL EJERCICIO,893872.86,2026-02-09 00:00:00,Libre Disponibilidad,Municipales
1.2.1.14,TASA POR SERVICIOS VARIOS EJERCICIO,691000,2026-02-09 00:00:00,Libre Disponibilidad,Municipales
1.2.2.14.04,ALTAS Y/O BAJAS IMPOSIT.DE AUTOMOTORES,640000,2026-02-09 00:00:00,Libre Disponibilidad,Municipales
1.2.2.03.02,PUBLICIDAD Y PROPAGANDA -ANTERIORES-,639843.65,2026-02-09 00:00:00,Libre Disponibilidad,Municipales
1.2.6.02.01,INFRACCION A LAS OBLIGACIONES EJERCICIO,574222.28,2026-02-09 00:00:00,Libre Disponibilidad,Municipales
1.2.2.14.05,ALTAS Y/O BAJAS IMPOSIT.DE MOTOVEHICULOS,414000,2026-02-09 00:00:00,Libre Disponibilidad,Municipales
1.2.2.05.01,OCUPACION Y USO DE ESPACIOS PUBLICOS DEL EJERCICIO,386240,2026-02-09 00:00:00,Libre Disponibilidad,Municipales
1.2.2.03.01,PUBLICIDAD Y PROPAGANDA -EJERCICIO-,356169.12,2026-02-09 00:00:00,Libre Disponibilidad,Municipales
1.2.1.21,TASAS POR SERV.VARIOS EJERCICIO ANTERIOR,281839.06,2026-02-09 00:00:00,Libre Disponibilidad,Municipales
1.2.2.05.02,OCUPACION Y USO DE ESPACIOS PUBLICOS DE EJERCICOS ANTERIORES,224883.56,2026-02-09 00:00:00,Libre Disponibilidad,Municipales
1.2.1.04,HABILITACIÓN DE COMERCIOS E INDUSTRIAS,221000,2026-02-09 00:00:00,Libre Disponibilidad,Municipales
1.2.2.14.02,DERECHOS DE OFICINA EJERCICIOS ANTERIORES,126755.4,2026-02-09 00:00:00,Libre Disponibilidad,Municipales
1.1.9.05.01,IMPUESTO AUTOMOTOR LEY 13.010 -EJERCICIO-,53420.82,2026-02-09 00:00:00,Libre Disponibilidad,Municipales
1.2.6.06,CONVENIO A.C.A.R.A.,174740810.4,2026-02-10 00:00:00,Libre Disponibilidad,Municipales
1.2.1.01.01,TASA SERVICIOS GENERALES MUNICIPALES - EJERCICIO-,123258411.2,2026-02-10 00:00:00,Libre Disponibilidad,Municipales
1.2.6.01.02,MULTAS POR CONTRAVENCIONES EJERCICIOS ANTERIORES,30296711.82,2026-02-10 00:00:00,Libre Disponibilidad,Municipales
1.2.2.14.01,DERECHOS DE OFICINA DEL EJERCICIO,16361847,2026-02-10 00:00:00,Libre Disponibilidad,Municipales
1.2.1.05.01,INSPECCIÓN DE SEGURIDAD E HIGIENE -EJERCICIO-,16273182.39,2026-02-10 00:00:00,Libre Disponibilidad,Municipales
1.2.1.01.02,TASA SERVICIOS GENERALES MUNICIPALES -ANTERIORES-,15504775.59,2026-02-10 00:00:00,Libre Disponibilidad,Municipales
1.2.1.05.02,INSPECCIÓN DE SEGURIDAD E HIGIENE -ANTERIORES-,8865882.03,2026-02-10 00:00:00,Libre Disponibilidad,Municipales
1.2.6.08.02,MULTAS POR CONTRAVENCIONES (EJERC.ANTERIORES,6719075,2026-02-10 00:00:00,Libre Disponibilidad,Municipales
1.1.9.05.02,IMPUESTO AUTOMOTOR LEY 13.010 - ANTERIORES-,6328145.91,2026-02-10 00:00:00,Libre Disponibilidad,Municipales
1.2.6.02.02,INFRACCION A LAS OBLIGACIONES EJERCICIO ANTERIORES,5058190.79,2026-02-10 00:00:00,Libre Disponibilidad,Municipales
1.2.1.17,"LEY 11018 BINGOS, CASINOS E HIPODROMOS",4653120,2026-02-10 00:00:00,Libre Disponibilidad,Municipales
1.2.2.11.01,DERECHOS DE CONSTRUCCION,3939338.32,2026-02-10 00:00:00,Libre Disponibilidad,Municipales
1.2.2.03.01,PUBLICIDAD Y PROPAGANDA -EJERCICIO-,1655179.29,2026-02-10 00:00:00,Libre Disponibilidad,Municipales
1.2.2.08.01,CEMENTERIO EJERCICIO,1531000,2026-02-10 00:00:00,Libre Disponibilidad,Municipales
1.2.1.14,TASA POR SERVICIOS VARIOS EJERCICIO,1484000,2026-02-10 00:00:00,Libre Disponibilidad,Municipales
1.2.6.02.01,INFRACCION A LAS OBLIGACIONES EJERCICIO,615993.77,2026-02-10 00:00:00,Libre Disponibilidad,Municipales
1.2.2.14.04,ALTAS Y/O BAJAS IMPOSIT.DE AUTOMOTORES,500000,2026-02-10 00:00:00,Libre Disponibilidad,Municipales
1.2.6.01.01,MULTAS POR CONTRAVENCIONES DEL EJERCICIO,451750.03,2026-02-10 00:00:00,Libre Disponibilidad,Municipales
1.1.9.08.01,PATENTE DE MOTOVEHICULOS DEL EJERCICIO,448917.87,2026-02-10 00:00:00,Libre Disponibilidad,Municipales
1.2.2.08.02,CEMENTERIO EJERCICIOS ANTERIORES,441207,2026-02-10 00:00:00,Libre Disponibilidad,Municipales
1.2.2.14.05,ALTAS Y/O BAJAS IMPOSIT.DE MOTOVEHICULOS,341244,2026-02-10 00:00:00,Libre Disponibilidad,Municipales
1.2.2.05.01,OCUPACION Y USO DE ESPACIOS PUBLICOS DEL EJERCICIO,225480,2026-02-10 00:00:00,Libre Disponibilidad,Municipales
1.2.2.03.02,PUBLICIDAD Y PROPAGANDA -ANTERIORES-,211454.31,2026-02-10 00:00:00,Libre Disponibilidad,Municipales
1.2.1.21,TASAS POR SERV.VARIOS EJERCICIO ANTERIOR,196074.17,2026-02-10 00:00:00,Libre Disponibilidad,Municipales
1.2.1.04,HABILITACIÓN DE COMERCIOS E INDUSTRIAS,172000,2026-02-10 00:00:00,Libre Disponibilidad,Municipales
1.2.2.14.02,DERECHOS DE OFICINA EJERCICIOS ANTERIORES,99003.33,2026-02-10 00:00:00,Libre Disponibilidad,Municipales
1.1.9.05.01,IMPUESTO AUTOMOTOR LEY 13.010 -EJERCICIO-,34648.25,2026-02-10 00:00:00,Libre Disponibilidad,Municipales
1.2.2.05.02,OCUPACION Y USO DE ESPACIOS PUBLICOS DE EJERCICOS ANTERIORES,34426.35,2026-02-10 00:00:00,Libre Disponibilidad,Municipales
1.2.1.02,SERVICIOS ESPECIALES DE LIMPIEZA E HIGIENE,28840,2026-02-10 00:00:00,Libre Disponibilidad,Municipales
1.2.1.01.01,TASA SERVICIOS GENERALES MUNICIPALES - EJERCICIO-,110102129.5,2026-02-11 00:00:00,Libre Disponibilidad,Municipales
1.2.6.01.02,MULTAS POR CONTRAVENCIONES EJERCICIOS ANTERIORES,36810667.03,2026-02-11 00:00:00,Libre Disponibilidad,Municipales
1.2.1.05.01,INSPECCIÓN DE SEGURIDAD E HIGIENE -EJERCICIO-,34302401.59,2026-02-11 00:00:00,Libre Disponibilidad,Municipales
1.2.1.01.02,TASA SERVICIOS GENERALES MUNICIPALES -ANTERIORES-,14338973.42,2026-02-11 00:00:00,Libre Disponibilidad,Municipales
1.2.1.05.02,INSPECCIÓN DE SEGURIDAD E HIGIENE -ANTERIORES-,12094578.29,2026-02-11 00:00:00,Libre Disponibilidad,Municipales
1.2.2.14.01,DERECHOS DE OFICINA DEL EJERCICIO,11182500,2026-02-11 00:00:00,Libre Disponibilidad,Municipales
1.2.2.11.01,DERECHOS DE CONSTRUCCION,7137688.2,2026-02-11 00:00:00,Libre Disponibilidad,Municipales
1.2.6.08.02,MULTAS POR CONTRAVENCIONES (EJERC.ANTERIORES,6476400,2026-02-11 00:00:00,Libre Disponibilidad,Municipales
1.2.6.02.02,INFRACCION A LAS OBLIGACIONES EJERCICIO ANTERIORES,3918390.89,2026-02-11 00:00:00,Libre Disponibilidad,Municipales
1.1.9.05.02,IMPUESTO AUTOMOTOR LEY 13.010 - ANTERIORES-,3323509.04,2026-02-11 00:00:00,Libre Disponibilidad,Municipales
1.2.6.01.01,MULTAS POR CONTRAVENCIONES DEL EJERCICIO,2249488.89,2026-02-11 00:00:00,Libre Disponibilidad,Municipales
1.2.2.08.01,CEMENTERIO EJERCICIO,1457000,2026-02-11 00:00:00,Libre Disponibilidad,Municipales
1.2.1.14,TASA POR SERVICIOS VARIOS EJERCICIO,765000,2026-02-11 00:00:00,Libre Disponibilidad,Municipales
1.2.2.03.01,PUBLICIDAD Y PROPAGANDA -EJERCICIO-,749724.95,2026-02-11 00:00:00,Libre Disponibilidad,Municipales
1.2.6.02.01,INFRACCION A LAS OBLIGACIONES EJERCICIO,691360.32,2026-02-11 00:00:00,Libre Disponibilidad,Municipales
1.2.2.14.04,ALTAS Y/O BAJAS IMPOSIT.DE AUTOMOTORES,620000,2026-02-11 00:00:00,Libre Disponibilidad,Municipales
1.2.2.03.02,PUBLICIDAD Y PROPAGANDA -ANTERIORES-,439371.52,2026-02-11 00:00:00,Libre Disponibilidad,Municipales
1.1.9.08.01,PATENTE DE MOTOVEHICULOS DEL EJERCICIO,416391.79,2026-02-11 00:00:00,Libre Disponibilidad,Municipales
1.2.2.14.05,ALTAS Y/O BAJAS IMPOSIT.DE MOTOVEHICULOS,394920.04,2026-02-11 00:00:00,Libre Disponibilidad,Municipales
1.2.2.08.02,CEMENTERIO EJERCICIOS ANTERIORES,392426,2026-02-11 00:00:00,Libre Disponibilidad,Municipales
1.2.1.21,TASAS POR SERV.VARIOS EJERCICIO ANTERIOR,210012.78,2026-02-11 00:00:00,Libre Disponibilidad,Municipales
1.2.2.05.01,OCUPACION Y USO DE ESPACIOS PUBLICOS DEL EJERCICIO,149080,2026-02-11 00:00:00,Libre Disponibilidad,Municipales
1.2.2.14.02,DERECHOS DE OFICINA EJERCICIOS ANTERIORES,56286.1,2026-02-11 00:00:00,Libre Disponibilidad,Municipales
1.2.1.02,SERVICIOS ESPECIALES DE LIMPIEZA E HIGIENE,56000,2026-02-11 00:00:00,Libre Disponibilidad,Municipales
1.2.2.05.02,OCUPACION Y USO DE ESPACIOS PUBLICOS DE EJERCICOS ANTERIORES,52277.32,2026-02-11 00:00:00,Libre Disponibilidad,Municipales
1.1.9.05.01,IMPUESTO AUTOMOTOR LEY 13.010 -EJERCICIO-,10693,2026-02-11 00:00:00,Libre Disponibilidad,Municipales
1.2.1.01.01,TASA SERVICIOS GENERALES MUNICIPALES - EJERCICIO-,253463907.3,2026-02-12 00:00:00,Libre Disponibilidad,Municipales
1.2.6.01.02,MULTAS POR CONTRAVENCIONES EJERCICIOS ANTERIORES,40379504.61,2026-02-12 00:00:00,Libre Disponibilidad,Municipales
1.6.2.01.02,INTERESES POR COLOCACIONES FINANCIERAS,25988843.62,2026-02-12 00:00:00,Libre Disponibilidad,Municipales
1.2.1.05.02,INSPECCIÓN DE SEGURIDAD E HIGIENE -ANTERIORES-,25264798.62,2026-02-12 00:00:00,Libre Disponibilidad,Municipales
1.2.1.05.01,INSPECCIÓN DE SEGURIDAD E HIGIENE -EJERCICIO-,25015038.15,2026-02-12 00:00:00,Libre Disponibilidad,Municipales
1.2.2.14.01,DERECHOS DE OFICINA DEL EJERCICIO,16120265.78,2026-02-12 00:00:00,Libre Disponibilidad,Municipales
1.2.1.01.02,TASA SERVICIOS GENERALES MUNICIPALES -ANTERIORES-,12538826.44,2026-02-12 00:00:00,Libre Disponibilidad,Municipales
1.2.6.02.02,INFRACCION A LAS OBLIGACIONES EJERCICIO ANTERIORES,7321787.79,2026-02-12 00:00:00,Libre Disponibilidad,Municipales
1.2.6.08.02,MULTAS POR CONTRAVENCIONES (EJERC.ANTERIORES,7132425,2026-02-12 00:00:00,Libre Disponibilidad,Municipales
1.1.9.05.02,IMPUESTO AUTOMOTOR LEY 13.010 - ANTERIORES-,6982177.02,2026-02-12 00:00:00,Libre Disponibilidad,Municipales
1.2.6.01.01,MULTAS POR CONTRAVENCIONES DEL EJERCICIO,2221064.52,2026-02-12 00:00:00,Libre Disponibilidad,Municipales
1.2.2.11.01,DERECHOS DE CONSTRUCCION,1926813.65,2026-02-12 00:00:00,Libre Disponibilidad,Municipales
1.2.1.14,TASA POR SERVICIOS VARIOS EJERCICIO,1536100,2026-02-12 00:00:00,Libre Disponibilidad,Municipales
1.2.2.08.01,CEMENTERIO EJERCICIO,1289000,2026-02-12 00:00:00,Libre Disponibilidad,Municipales
1.2.2.03.01,PUBLICIDAD Y PROPAGANDA -EJERCICIO-,1208774.38,2026-02-12 00:00:00,Libre Disponibilidad,Municipales
1.1.9.08.01,PATENTE DE MOTOVEHICULOS DEL EJERCICIO,563622.14,2026-02-12 00:00:00,Libre Disponibilidad,Municipales
1.2.6.02.01,INFRACCION A LAS OBLIGACIONES EJERCICIO,517644.21,2026-02-12 00:00:00,Libre Disponibilidad,Municipales
1.2.2.14.04,ALTAS Y/O BAJAS IMPOSIT.DE AUTOMOTORES,498800,2026-02-12 00:00:00,Libre Disponibilidad,Municipales
1.2.2.08.02,CEMENTERIO EJERCICIOS ANTERIORES,458672,2026-02-12 00:00:00,Libre Disponibilidad,Municipales
1.2.2.14.05,ALTAS Y/O BAJAS IMPOSIT.DE MOTOVEHICULOS,340920,2026-02-12 00:00:00,Libre Disponibilidad,Municipales
1.2.2.03.02,PUBLICIDAD Y PROPAGANDA -ANTERIORES-,235709.49,2026-02-12 00:00:00,Libre Disponibilidad,Municipales
1.2.2.05.02,OCUPACION Y USO DE ESPACIOS PUBLICOS DE EJERCICOS ANTERIORES,184640.55,2026-02-12 00:00:00,Libre Disponibilidad,Municipales
1.2.2.05.01,OCUPACION Y USO DE ESPACIOS PUBLICOS DEL EJERCICIO,139051.64,2026-02-12 00:00:00,Libre Disponibilidad,Municipales
1.2.1.21,TASAS POR SERV.VARIOS EJERCICIO ANTERIOR,115984.69,2026-02-12 00:00:00,Libre Disponibilidad,Municipales
1.2.2.14.02,DERECHOS DE OFICINA EJERCICIOS ANTERIORES,81010.32,2026-02-12 00:00:00,Libre Disponibilidad,Municipales
1.1.9.05.01,IMPUESTO AUTOMOTOR LEY 13.010 -EJERCICIO-,55601.16,2026-02-12 00:00:00,Libre Disponibilidad,Municipales
1.2.1.01.01,TASA SERVICIOS GENERALES MUNICIPALES - EJERCICIO-,307040141.9,2026-02-13 00:00:00,Libre Disponibilidad,Municipales
1.2.1.05.01,INSPECCIÓN DE SEGURIDAD E HIGIENE -EJERCICIO-,36602687,2026-02-13 00:00:00,Libre Disponibilidad,Municipales
1.2.6.01.02,MULTAS POR CONTRAVENCIONES EJERCICIOS ANTERIORES,34514033.67,2026-02-13 00:00:00,Libre Disponibilidad,Municipales
1.2.6.08.02,MULTAS POR CONTRAVENCIONES (EJERC.ANTERIORES,16138625,2026-02-13 00:00:00,Libre Disponibilidad,Municipales
1.2.1.01.02,TASA SERVICIOS GENERALES MUNICIPALES -ANTERIORES-,12511330.36,2026-02-13 00:00:00,Libre Disponibilidad,Municipales
1.2.2.14.01,DERECHOS DE OFICINA DEL EJERCICIO,12055571,2026-02-13 00:00:00,Libre Disponibilidad,Municipales
1.2.1.05.02,INSPECCIÓN DE SEGURIDAD E HIGIENE -ANTERIORES-,10261172.68,2026-02-13 00:00:00,Libre Disponibilidad,Municipales
1.1.9.05.02,IMPUESTO AUTOMOTOR LEY 13.010 - ANTERIORES-,5557447.58,2026-02-13 00:00:00,Libre Disponibilidad,Municipales
1.2.6.02.02,INFRACCION A LAS OBLIGACIONES EJERCICIO ANTERIORES,3988938.16,2026-02-13 00:00:00,Libre Disponibilidad,Municipales
1.2.6.01.01,MULTAS POR CONTRAVENCIONES DEL EJERCICIO,2197189.85,2026-02-13 00:00:00,Libre Disponibilidad,Municipales
1.2.2.08.01,CEMENTERIO EJERCICIO,1923000,2026-02-13 00:00:00,Libre Disponibilidad,Municipales
1.2.2.03.01,PUBLICIDAD Y PROPAGANDA -EJERCICIO-,1356538.17,2026-02-13 00:00:00,Libre Disponibilidad,Municipales
1.1.9.08.01,PATENTE DE MOTOVEHICULOS DEL EJERCICIO,739071.06,2026-02-13 00:00:00,Libre Disponibilidad,Municipales
1.2.6.02.01,INFRACCION A LAS OBLIGACIONES EJERCICIO,672364.55,2026-02-13 00:00:00,Libre Disponibilidad,Municipales
1.2.1.14,TASA POR SERVICIOS VARIOS EJERCICIO,670500,2026-02-13 00:00:00,Libre Disponibilidad,Municipales
1.2.2.14.04,ALTAS Y/O BAJAS IMPOSIT.DE AUTOMOTORES,640000,2026-02-13 00:00:00,Libre Disponibilidad,Municipales
1.2.2.08.02,CEMENTERIO EJERCICIOS ANTERIORES,441164,2026-02-13 00:00:00,Libre Disponibilidad,Municipales
1.2.2.14.05,ALTAS Y/O BAJAS IMPOSIT.DE MOTOVEHICULOS,342000,2026-02-13 00:00:00,Libre Disponibilidad,Municipales
1.2.1.21,TASAS POR SERV.VARIOS EJERCICIO ANTERIOR,314072.91,2026-02-13 00:00:00,Libre Disponibilidad,Municipales
1.2.2.05.01,OCUPACION Y USO DE ESPACIOS PUBLICOS DEL EJERCICIO,263040,2026-02-13 00:00:00,Libre Disponibilidad,Municipales
1.2.2.05.02,OCUPACION Y USO DE ESPACIOS PUBLICOS DE EJERCICOS ANTERIORES,112867.66,2026-02-13 00:00:00,Libre Disponibilidad,Municipales
1.2.2.03.02,PUBLICIDAD Y PROPAGANDA -ANTERIORES-,110238.62,2026-02-13 00:00:00,Libre Disponibilidad,Municipales
1.2.1.02,SERVICIOS ESPECIALES DE LIMPIEZA E HIGIENE,100940,2026-02-13 00:00:00,Libre Disponibilidad,Municipales
1.2.2.11.01,DERECHOS DE CONSTRUCCION,77660,2026-02-13 00:00:00,Libre Disponibilidad,Municipales
1.2.2.14.02,DERECHOS DE OFICINA EJERCICIOS ANTERIORES,72000.05,2026-02-13 00:00:00,Libre Disponibilidad,Municipales
1.1.9.05.01,IMPUESTO AUTOMOTOR LEY 13.010 -EJERCICIO-,24818.52,2026-02-13 00:00:00,Libre Disponibilidad,Municipales
1.2.2.17.01,DERECHO POR OFICIO JUDICIAL DEL EJERCICIO,20000,2026-02-13 00:00:00,Libre Disponibilidad,Municipales
1.2.1.01.01,TASA SERVICIOS GENERALES MUNICIPALES - EJERCICIO-,199904831.5,2026-02-18 00:00:00,Libre Disponibilidad,Municipales
1.2.1.05.01,INSPECCIÓN DE SEGURIDAD E HIGIENE -EJERCICIO-,126335649,2026-02-18 00:00:00,Libre Disponibilidad,Municipales
1.6.2.01.02,INTERESES POR COLOCACIONES FINANCIERAS,96287671.23,2026-02-18 00:00:00,Libre Disponibilidad,Municipales
1.2.6.01.02,MULTAS POR CONTRAVENCIONES EJERCICIOS ANTERIORES,54152898.47,2026-02-18 00:00:00,Libre Disponibilidad,Municipales
1.2.2.14.01,DERECHOS DE OFICINA DEL EJERCICIO,17132930,2026-02-18 00:00:00,Libre Disponibilidad,Municipales
1.2.1.05.02,INSPECCIÓN DE SEGURIDAD E HIGIENE -ANTERIORES-,14959685.2,2026-02-18 00:00:00,Libre Disponibilidad,Municipales
1.2.1.01.02,TASA SERVICIOS GENERALES MUNICIPALES -ANTERIORES-,11500813.47,2026-02-18 00:00:00,Libre Disponibilidad,Municipales
1.2.6.02.02,INFRACCION A LAS OBLIGACIONES EJERCICIO ANTERIORES,6605726.63,2026-02-18 00:00:00,Libre Disponibilidad,Municipales
1.1.9.05.02,IMPUESTO AUTOMOTOR LEY 13.010 - ANTERIORES-,6590167.05,2026-02-18 00:00:00,Libre Disponibilidad,Municipales
1.2.6.01.01,MULTAS POR CONTRAVENCIONES DEL EJERCICIO,3284736.43,2026-02-18 00:00:00,Libre Disponibilidad,Municipales
1.2.6.08.02,MULTAS POR CONTRAVENCIONES (EJERC.ANTERIORES,2886400,2026-02-18 00:00:00,Libre Disponibilidad,Municipales
1.2.2.03.01,PUBLICIDAD Y PROPAGANDA -EJERCICIO-,2716495.1,2026-02-18 00:00:00,Libre Disponibilidad,Municipales
1.2.1.14,TASA POR SERVICIOS VARIOS EJERCICIO,2074500,2026-02-18 00:00:00,Libre Disponibilidad,Municipales
1.2.2.11.01,DERECHOS DE CONSTRUCCION,1806336.77,2026-02-18 00:00:00,Libre Disponibilidad,Municipales
1.2.2.08.01,CEMENTERIO EJERCICIO,1542000,2026-02-18 00:00:00,Libre Disponibilidad,Municipales
1.2.6.02.01,INFRACCION A LAS OBLIGACIONES EJERCICIO,604957,2026-02-18 00:00:00,Libre Disponibilidad,Municipales
1.2.2.08.02,CEMENTERIO EJERCICIOS ANTERIORES,318293,2026-02-18 00:00:00,Libre Disponibilidad,Municipales
1.2.1.21,TASAS POR SERV.VARIOS EJERCICIO ANTERIOR,277701.09,2026-02-18 00:00:00,Libre Disponibilidad,Municipales
1.2.2.14.04,ALTAS Y/O BAJAS IMPOSIT.DE AUTOMOTORES,262160,2026-02-18 00:00:00,Libre Disponibilidad,Municipales
1.2.2.05.01,OCUPACION Y USO DE ESPACIOS PUBLICOS DEL EJERCICIO,254280,2026-02-18 00:00:00,Libre Disponibilidad,Municipales
1.1.9.08.01,PATENTE DE MOTOVEHICULOS DEL EJERCICIO,240257.02,2026-02-18 00:00:00,Libre Disponibilidad,Municipales
1.2.2.14.05,ALTAS Y/O BAJAS IMPOSIT.DE MOTOVEHICULOS,145620,2026-02-18 00:00:00,Libre Disponibilidad,Municipales
1.2.2.03.02,PUBLICIDAD Y PROPAGANDA -ANTERIORES-,95869.73,2026-02-18 00:00:00,Libre Disponibilidad,Municipales
1.2.2.14.02,DERECHOS DE OFICINA EJERCICIOS ANTERIORES,81458.58,2026-02-18 00:00:00,Libre Disponibilidad,Municipales
1.2.2.05.02,OCUPACION Y USO DE ESPACIOS PUBLICOS DE EJERCICOS ANTERIORES,38418.66,2026-02-18 00:00:00,Libre Disponibilidad,Municipales
1.1.9.05.01,IMPUESTO AUTOMOTOR LEY 13.010 -EJERCICIO-,7991,2026-02-18 00:00:00,Libre Disponibilidad,Municipales
1.2.1.05.01,INSPECCIÓN DE SEGURIDAD E HIGIENE -EJERCICIO-,827018815.8,2026-02-19 00:00:00,Libre Disponibilidad,Municipales
1.2.1.01.01,TASA SERVICIOS GENERALES MUNICIPALES - EJERCICIO-,188489863.8,2026-02-19 00:00:00,Libre Disponibilidad,Municipales
1.2.1.05.02,INSPECCIÓN DE SEGURIDAD E HIGIENE -ANTERIORES-,103046555.5,2026-02-19 00:00:00,Libre Disponibilidad,Municipales
1.2.6.01.02,MULTAS POR CONTRAVENCIONES EJERCICIOS ANTERIORES,31461092.59,2026-02-19 00:00:00,Libre Disponibilidad,Municipales
1.2.2.03.01,PUBLICIDAD Y PROPAGANDA -EJERCICIO-,13738305.91,2026-02-19 00:00:00,Libre Disponibilidad,Municipales
1.2.2.14.01,DERECHOS DE OFICINA DEL EJERCICIO,11847386,2026-02-19 00:00:00,Libre Disponibilidad,Municipales
1.2.1.14,TASA POR SERVICIOS VARIOS EJERCICIO,11824350,2026-02-19 00:00:00,Libre Disponibilidad,Municipales
1.2.1.01.02,TASA SERVICIOS GENERALES MUNICIPALES -ANTERIORES-,11627982.45,2026-02-19 00:00:00,Libre Disponibilidad,Municipales
1.2.6.08.02,MULTAS POR CONTRAVENCIONES (EJERC.ANTERIORES,6660625,2026-02-19 00:00:00,Libre Disponibilidad,Municipales
1.2.6.02.02,INFRACCION A LAS OBLIGACIONES EJERCICIO ANTERIORES,5529919.39,2026-02-19 00:00:00,Libre Disponibilidad,Municipales
1.1.9.05.02,IMPUESTO AUTOMOTOR LEY 13.010 - ANTERIORES-,5208597.15,2026-02-19 00:00:00,Libre Disponibilidad,Municipales
1.2.2.08.01,CEMENTERIO EJERCICIO,2926000,2026-02-19 00:00:00,Libre Disponibilidad,Municipales
1.2.1.21,TASAS POR SERV.VARIOS EJERCICIO ANTERIOR,2502827.27,2026-02-19 00:00:00,Libre Disponibilidad,Municipales
1.2.6.01.01,MULTAS POR CONTRAVENCIONES DEL EJERCICIO,2433912.55,2026-02-19 00:00:00,Libre Disponibilidad,Municipales
1.2.2.08.02,CEMENTERIO EJERCICIOS ANTERIORES,940304,2026-02-19 00:00:00,Libre Disponibilidad,Municipales
1.2.6.02.01,INFRACCION A LAS OBLIGACIONES EJERCICIO,912387.07,2026-02-19 00:00:00,Libre Disponibilidad,Municipales
1.2.2.05.01,OCUPACION Y USO DE ESPACIOS PUBLICOS DEL EJERCICIO,645960,2026-02-19 00:00:00,Libre Disponibilidad,Municipales
1.2.2.14.04,ALTAS Y/O BAJAS IMPOSIT.DE AUTOMOTORES,362400,2026-02-19 00:00:00,Libre Disponibilidad,Municipales
1.1.9.08.01,PATENTE DE MOTOVEHICULOS DEL EJERCICIO,309293.16,2026-02-19 00:00:00,Libre Disponibilidad,Municipales
1.2.2.14.05,ALTAS Y/O BAJAS IMPOSIT.DE MOTOVEHICULOS,272160,2026-02-19 00:00:00,Libre Disponibilidad,Municipales
1.2.2.05.02,OCUPACION Y USO DE ESPACIOS PUBLICOS DE EJERCICOS ANTERIORES,186661.44,2026-02-19 00:00:00,Libre Disponibilidad,Municipales
1.2.2.11.01,DERECHOS DE CONSTRUCCION,140000,2026-02-19 00:00:00,Libre Disponibilidad,Municipales
1.2.2.03.02,PUBLICIDAD Y PROPAGANDA -ANTERIORES-,129394.04,2026-02-19 00:00:00,Libre Disponibilidad,Municipales
1.2.2.14.02,DERECHOS DE OFICINA EJERCICIOS ANTERIORES,64233,2026-02-19 00:00:00,Libre Disponibilidad,Municipales
1.1.9.05.01,IMPUESTO AUTOMOTOR LEY 13.010 -EJERCICIO-,24436.9,2026-02-19 00:00:00,Libre Disponibilidad,Municipales
1.2.1.05.01,INSPECCIÓN DE SEGURIDAD E HIGIENE -EJERCICIO-,1392077276,2026-02-20 00:00:00,Libre Disponibilidad,Municipales
1.2.1.01.01,TASA SERVICIOS GENERALES MUNICIPALES - EJERCICIO-,170608668.5,2026-02-20 00:00:00,Libre Disponibilidad,Municipales
1.2.1.01.02,TASA SERVICIOS GENERALES MUNICIPALES -ANTERIORES-,35582492.78,2026-02-20 00:00:00,Libre Disponibilidad,Municipales
1.2.1.14,TASA POR SERVICIOS VARIOS EJERCICIO,15386912.5,2026-02-20 00:00:00,Libre Disponibilidad,Municipales
1.2.2.14.01,DERECHOS DE OFICINA DEL EJERCICIO,14840105,2026-02-20 00:00:00,Libre Disponibilidad,Municipales
1.2.6.01.02,MULTAS POR CONTRAVENCIONES EJERCICIOS ANTERIORES,12804358.26,2026-02-20 00:00:00,Libre Disponibilidad,Municipales
1.2.6.02.02,INFRACCION A LAS OBLIGACIONES EJERCICIO ANTERIORES,6154820.66,2026-02-20 00:00:00,Libre Disponibilidad,Municipales
1.2.1.05.02,INSPECCIÓN DE SEGURIDAD E HIGIENE -ANTERIORES-,5173899.04,2026-02-20 00:00:00,Libre Disponibilidad,Municipales
1.2.2.03.01,PUBLICIDAD Y PROPAGANDA -EJERCICIO-,5167124.05,2026-02-20 00:00:00,Libre Disponibilidad,Municipales
1.2.6.08.02,MULTAS POR CONTRAVENCIONES (EJERC.ANTERIORES,4169650,2026-02-20 00:00:00,Libre Disponibilidad,Municipales
1.1.9.05.02,IMPUESTO AUTOMOTOR LEY 13.010 - ANTERIORES-,3239312.57,2026-02-20 00:00:00,Libre Disponibilidad,Municipales
1.2.1.21,TASAS POR SERV.VARIOS EJERCICIO ANTERIOR,2279971.5,2026-02-20 00:00:00,Libre Disponibilidad,Municipales
1.2.2.08.01,CEMENTERIO EJERCICIO,2245780,2026-02-20 00:00:00,Libre Disponibilidad,Municipales
1.2.6.02.01,INFRACCION A LAS OBLIGACIONES EJERCICIO,1878478.5,2026-02-20 00:00:00,Libre Disponibilidad,Municipales
1.2.1.04,HABILITACIÓN DE COMERCIOS E INDUSTRIAS,860000,2026-02-20 00:00:00,Libre Disponibilidad,Municipales
1.2.2.14.04,ALTAS Y/O BAJAS IMPOSIT.DE AUTOMOTORES,621520.02,2026-02-20 00:00:00,Libre Disponibilidad,Municipales
1.2.2.08.02,CEMENTERIO EJERCICIOS ANTERIORES,465366,2026-02-20 00:00:00,Libre Disponibilidad,Municipales
1.2.2.05.01,OCUPACION Y USO DE ESPACIOS PUBLICOS DEL EJERCICIO,428064,2026-02-20 00:00:00,Libre Disponibilidad,Municipales
1.2.2.14.05,ALTAS Y/O BAJAS IMPOSIT.DE MOTOVEHICULOS,401940,2026-02-20 00:00:00,Libre Disponibilidad,Municipales
1.1.9.08.01,PATENTE DE MOTOVEHICULOS DEL EJERCICIO,396786.08,2026-02-20 00:00:00,Libre Disponibilidad,Municipales
1.2.2.14.02,DERECHOS DE OFICINA EJERCICIOS ANTERIORES,136097.39,2026-02-20 00:00:00,Libre Disponibilidad,Municipales
1.2.2.03.02,PUBLICIDAD Y PROPAGANDA -ANTERIORES-,119743.65,2026-02-20 00:00:00,Libre Disponibilidad,Municipales
1.2.2.11.01,DERECHOS DE CONSTRUCCION,90000,2026-02-20 00:00:00,Libre Disponibilidad,Municipales
1.2.2.05.02,OCUPACION Y USO DE ESPACIOS PUBLICOS DE EJERCICOS ANTERIORES,78035.18,2026-02-20 00:00:00,Libre Disponibilidad,Municipales
1.1.9.05.01,IMPUESTO AUTOMOTOR LEY 13.010 -EJERCICIO-,51674.98,2026-02-20 00:00:00,Libre Disponibilidad,Municipales
1.2.2.17.01,DERECHO POR OFICIO JUDICIAL DEL EJERCICIO,20000,2026-02-20 00:00:00,Libre Disponibilidad,Municipales
1.2.1.02,SERVICIOS ESPECIALES DE LIMPIEZA E HIGIENE,14420,2026-02-20 00:00:00,Libre Disponibilidad,Municipales
1.2.6.01.01,MULTAS POR CONTRAVENCIONES DEL EJERCICIO,0.13,2026-02-20 00:00:00,Libre Disponibilidad,Municipales
1.2.1.05.01,INSPECCIÓN DE SEGURIDAD E HIGIENE -EJERCICIO-,637618643.2,2026-02-23 00:00:00,Libre Disponibilidad,Municipales
1.2.1.01.01,TASA SERVICIOS GENERALES MUNICIPALES - EJERCICIO-,183211585.2,2026-02-23 00:00:00,Libre Disponibilidad,Municipales
1.2.6.01.02,MULTAS POR CONTRAVENCIONES EJERCICIOS ANTERIORES,44370024.7,2026-02-23 00:00:00,Libre Disponibilidad,Municipales
1.2.1.05.02,INSPECCIÓN DE SEGURIDAD E HIGIENE -ANTERIORES-,30774014.19,2026-02-23 00:00:00,Libre Disponibilidad,Municipales
1.2.2.14.01,DERECHOS DE OFICINA DEL EJERCICIO,18462941.44,2026-02-23 00:00:00,Libre Disponibilidad,Municipales
1.2.2.03.01,PUBLICIDAD Y PROPAGANDA -EJERCICIO-,15464928.78,2026-02-23 00:00:00,Libre Disponibilidad,Municipales
1.2.1.01.02,TASA SERVICIOS GENERALES MUNICIPALES -ANTERIORES-,13473394.53,2026-02-23 00:00:00,Libre Disponibilidad,Municipales
1.2.1.14,TASA POR SERVICIOS VARIOS EJERCICIO,13277650,2026-02-23 00:00:00,Libre Disponibilidad,Municipales
1.2.1.22,INGRESOS VARIOS,10058465.34,2026-02-23 00:00:00,Libre Disponibilidad,Municipales
1.2.6.02.02,INFRACCION A LAS OBLIGACIONES EJERCICIO ANTERIORES,7308446.37,2026-02-23 00:00:00,Libre Disponibilidad,Municipales
1.2.6.08.02,MULTAS POR CONTRAVENCIONES (EJERC.ANTERIORES,6570700,2026-02-23 00:00:00,Libre Disponibilidad,Municipales
1.1.9.05.02,IMPUESTO AUTOMOTOR LEY 13.010 - ANTERIORES-,6195447.97,2026-02-23 00:00:00,Libre Disponibilidad,Municipales
1.2.1.21,TASAS POR SERV.VARIOS EJERCICIO ANTERIOR,2239985.74,2026-02-23 00:00:00,Libre Disponibilidad,Municipales
1.2.2.08.01,CEMENTERIO EJERCICIO,1955680,2026-02-23 00:00:00,Libre Disponibilidad,Municipales
1.2.6.02.01,INFRACCION A LAS OBLIGACIONES EJERCICIO,1550473.09,2026-02-23 00:00:00,Libre Disponibilidad,Municipales
1.2.6.01.01,MULTAS POR CONTRAVENCIONES DEL EJERCICIO,1315725.03,2026-02-23 00:00:00,Libre Disponibilidad,Municipales
1.2.2.03.02,PUBLICIDAD Y PROPAGANDA -ANTERIORES-,1001040.25,2026-02-23 00:00:00,Libre Disponibilidad,Municipales
1.2.2.14.04,ALTAS Y/O BAJAS IMPOSIT.DE AUTOMOTORES,613200,2026-02-23 00:00:00,Libre Disponibilidad,Municipales
1.2.2.08.02,CEMENTERIO EJERCICIOS ANTERIORES,549082,2026-02-23 00:00:00,Libre Disponibilidad,Municipales
1.2.1.04,HABILITACIÓN DE COMERCIOS E INDUSTRIAS,430000,2026-02-23 00:00:00,Libre Disponibilidad,Municipales
1.1.9.08.01,PATENTE DE MOTOVEHICULOS DEL EJERCICIO,325478.34,2026-02-23 00:00:00,Libre Disponibilidad,Municipales
1.2.2.11.01,DERECHOS DE CONSTRUCCION,313984.52,2026-02-23 00:00:00,Libre Disponibilidad,Municipales
1.2.2.14.05,ALTAS Y/O BAJAS IMPOSIT.DE MOTOVEHICULOS,273780,2026-02-23 00:00:00,Libre Disponibilidad,Municipales
1.2.2.05.01,OCUPACION Y USO DE ESPACIOS PUBLICOS DEL EJERCICIO,115776,2026-02-23 00:00:00,Libre Disponibilidad,Municipales
1.2.2.14.02,DERECHOS DE OFICINA EJERCICIOS ANTERIORES,91620.37,2026-02-23 00:00:00,Libre Disponibilidad,Municipales
1.2.1.02,SERVICIOS ESPECIALES DE LIMPIEZA E HIGIENE,86520,2026-02-23 00:00:00,Libre Disponibilidad,Municipales
1.1.9.05.01,IMPUESTO AUTOMOTOR LEY 13.010 -EJERCICIO-,62941,2026-02-23 00:00:00,Libre Disponibilidad,Municipales
1.2.2.05.02,OCUPACION Y USO DE ESPACIOS PUBLICOS DE EJERCICOS ANTERIORES,40558.05,2026-02-23 00:00:00,Libre Disponibilidad,Municipales
1.2.1.05.01,INSPECCIÓN DE SEGURIDAD E HIGIENE -EJERCICIO-,1774669434,2026-02-24 00:00:00,Libre Disponibilidad,Municipales
1.2.1.01.01,TASA SERVICIOS GENERALES MUNICIPALES - EJERCICIO-,143491686.7,2026-02-24 00:00:00,Libre Disponibilidad,Municipales
1.2.2.05.01,OCUPACION Y USO DE ESPACIOS PUBLICOS DEL EJERCICIO,70843772.5,2026-02-24 00:00:00,Libre Disponibilidad,Municipales
1.2.6.01.02,MULTAS POR CONTRAVENCIONES EJERCICIOS ANTERIORES,35486978.27,2026-02-24 00:00:00,Libre Disponibilidad,Municipales
1.2.1.14,TASA POR SERVICIOS VARIOS EJERCICIO,26711239.68,2026-02-24 00:00:00,Libre Disponibilidad,Municipales
1.2.2.03.01,PUBLICIDAD Y PROPAGANDA -EJERCICIO-,26522743.87,2026-02-24 00:00:00,Libre Disponibilidad,Municipales
1.2.1.01.02,TASA SERVICIOS GENERALES MUNICIPALES -ANTERIORES-,26198808.91,2026-02-24 00:00:00,Libre Disponibilidad,Municipales
1.2.2.14.01,DERECHOS DE OFICINA DEL EJERCICIO,24425112,2026-02-24 00:00:00,Libre Disponibilidad,Municipales
1.2.1.05.02,INSPECCIÓN DE SEGURIDAD E HIGIENE -ANTERIORES-,14713446.43,2026-02-24 00:00:00,Libre Disponibilidad,Municipales
1.2.6.08.02,MULTAS POR CONTRAVENCIONES (EJERC.ANTERIORES,12876000,2026-02-24 00:00:00,Libre Disponibilidad,Municipales
1.2.6.02.02,INFRACCION A LAS OBLIGACIONES EJERCICIO ANTERIORES,8917883.73,2026-02-24 00:00:00,Libre Disponibilidad,Municipales
1.2.2.08.01,CEMENTERIO EJERCICIO,7568060,2026-02-24 00:00:00,Libre Disponibilidad,Municipales
1.2.2.11.01,DERECHOS DE CONSTRUCCION,7410939.48,2026-02-24 00:00:00,Libre Disponibilidad,Municipales
1.1.9.05.02,IMPUESTO AUTOMOTOR LEY 13.010 - ANTERIORES-,6420757.56,2026-02-24 00:00:00,Libre Disponibilidad,Municipales
1.2.6.02.01,INFRACCION A LAS OBLIGACIONES EJERCICIO,2698552.1,2026-02-24 00:00:00,Libre Disponibilidad,Municipales
1.2.1.21,TASAS POR SERV.VARIOS EJERCICIO ANTERIOR,2240817.77,2026-02-24 00:00:00,Libre Disponibilidad,Municipales
1.2.2.08.02,CEMENTERIO EJERCICIOS ANTERIORES,1366064,2026-02-24 00:00:00,Libre Disponibilidad,Municipales
1.2.6.01.01,MULTAS POR CONTRAVENCIONES DEL EJERCICIO,1093885.93,2026-02-24 00:00:00,Libre Disponibilidad,Municipales
1.2.2.14.04,ALTAS Y/O BAJAS IMPOSIT.DE AUTOMOTORES,738600,2026-02-24 00:00:00,Libre Disponibilidad,Municipales
1.2.2.03.02,PUBLICIDAD Y PROPAGANDA -ANTERIORES-,734969.32,2026-02-24 00:00:00,Libre Disponibilidad,Municipales
1.1.9.08.01,PATENTE DE MOTOVEHICULOS DEL EJERCICIO,492010.92,2026-02-24 00:00:00,Libre Disponibilidad,Municipales
1.2.1.04,HABILITACIÓN DE COMERCIOS E INDUSTRIAS,254400,2026-02-24 00:00:00,Libre Disponibilidad,Municipales
1.2.2.14.05,ALTAS Y/O BAJAS IMPOSIT.DE MOTOVEHICULOS,242082.01,2026-02-24 00:00:00,Libre Disponibilidad,Municipales
1.2.2.14.02,DERECHOS DE OFICINA EJERCICIOS ANTERIORES,229319.9,2026-02-24 00:00:00,Libre Disponibilidad,Municipales
1.2.2.05.02,OCUPACION Y USO DE ESPACIOS PUBLICOS DE EJERCICOS ANTERIORES,216230.45,2026-02-24 00:00:00,Libre Disponibilidad,Municipales
1.1.9.05.01,IMPUESTO AUTOMOTOR LEY 13.010 -EJERCICIO-,89263.91,2026-02-24 00:00:00,Libre Disponibilidad,Municipales
1.2.1.02,SERVICIOS ESPECIALES DE LIMPIEZA E HIGIENE,14420,2026-02-24 00:00:00,Libre Disponibilidad,Municipales
1.2.1.01.03,TASA DE ALUMBRADO GENERALES FACTURADO POR EDESUR,1924094352,2026-02-25 00:00:00,Libre Disponibilidad,Municipales
1.2.1.05.01,INSPECCIÓN DE SEGURIDAD E HIGIENE -EJERCICIO-,1337181803,2026-02-25 00:00:00,Libre Disponibilidad,Municipales
1.2.1.01.01,TASA SERVICIOS GENERALES MUNICIPALES - EJERCICIO-,158952967.7,2026-02-25 00:00:00,Libre Disponibilidad,Municipales
1.2.1.14,TASA POR SERVICIOS VARIOS EJERCICIO,56611213.5,2026-02-25 00:00:00,Libre Disponibilidad,Municipales
1.2.6.01.02,MULTAS POR CONTRAVENCIONES EJERCICIOS ANTERIORES,28635096.91,2026-02-25 00:00:00,Libre Disponibilidad,Municipales
1.2.2.03.01,PUBLICIDAD Y PROPAGANDA -EJERCICIO-,25172889.16,2026-02-25 00:00:00,Libre Disponibilidad,Municipales
1.2.1.05.02,INSPECCIÓN DE SEGURIDAD E HIGIENE -ANTERIORES-,19218880.09,2026-02-25 00:00:00,Libre Disponibilidad,Municipales
1.2.1.01.02,TASA SERVICIOS GENERALES MUNICIPALES -ANTERIORES-,17452612.64,2026-02-25 00:00:00,Libre Disponibilidad,Municipales
1.2.2.14.01,DERECHOS DE OFICINA DEL EJERCICIO,16171163,2026-02-25 00:00:00,Libre Disponibilidad,Municipales
1.2.2.11.01,DERECHOS DE CONSTRUCCION,14762829.09,2026-02-25 00:00:00,Libre Disponibilidad,Municipales
1.2.6.08.02,MULTAS POR CONTRAVENCIONES (EJERC.ANTERIORES,12690075,2026-02-25 00:00:00,Libre Disponibilidad,Municipales
1.2.6.02.02,INFRACCION A LAS OBLIGACIONES EJERCICIO ANTERIORES,8747640.54,2026-02-25 00:00:00,Libre Disponibilidad,Municipales
1.1.9.05.02,IMPUESTO AUTOMOTOR LEY 13.010 - ANTERIORES-,6235337.35,2026-02-25 00:00:00,Libre Disponibilidad,Municipales
1.2.1.21,TASAS POR SERV.VARIOS EJERCICIO ANTERIOR,5648459.92,2026-02-25 00:00:00,Libre Disponibilidad,Municipales
1.2.2.08.01,CEMENTERIO EJERCICIO,3624420,2026-02-25 00:00:00,Libre Disponibilidad,Municipales
1.2.6.02.01,INFRACCION A LAS OBLIGACIONES EJERCICIO,2261256.18,2026-02-25 00:00:00,Libre Disponibilidad,Municipales
1.2.2.03.02,PUBLICIDAD Y PROPAGANDA -ANTERIORES-,922622.66,2026-02-25 00:00:00,Libre Disponibilidad,Municipales
1.2.2.14.04,ALTAS Y/O BAJAS IMPOSIT.DE AUTOMOTORES,815960,2026-02-25 00:00:00,Libre Disponibilidad,Municipales
1.2.6.01.01,MULTAS POR CONTRAVENCIONES DEL EJERCICIO,758640.07,2026-02-25 00:00:00,Libre Disponibilidad,Municipales
1.2.2.08.02,CEMENTERIO EJERCICIOS ANTERIORES,660828,2026-02-25 00:00:00,Libre Disponibilidad,Municipales
1.1.9.08.01,PATENTE DE MOTOVEHICULOS DEL EJERCICIO,475685.21,2026-02-25 00:00:00,Libre Disponibilidad,Municipales
1.2.2.05.01,OCUPACION Y USO DE ESPACIOS PUBLICOS DEL EJERCICIO,404972,2026-02-25 00:00:00,Libre Disponibilidad,Municipales
1.2.2.14.05,ALTAS Y/O BAJAS IMPOSIT.DE MOTOVEHICULOS,378036,2026-02-25 00:00:00,Libre Disponibilidad,Municipales
1.2.2.05.02,OCUPACION Y USO DE ESPACIOS PUBLICOS DE EJERCICOS ANTERIORES,354815.96,2026-02-25 00:00:00,Libre Disponibilidad,Municipales
1.2.2.14.02,DERECHOS DE OFICINA EJERCICIOS ANTERIORES,229996.5,2026-02-25 00:00:00,Libre Disponibilidad,Municipales
1.1.9.05.01,IMPUESTO AUTOMOTOR LEY 13.010 -EJERCICIO-,124575.71,2026-02-25 00:00:00,Libre Disponibilidad,Municipales
1.2.2.17.01,DERECHO POR OFICIO JUDICIAL DEL EJERCICIO,40000,2026-02-25 00:00:00,Libre Disponibilidad,Municipales
1.2.1.05.01,INSPECCIÓN DE SEGURIDAD E HIGIENE -EJERCICIO-,246563501,2026-02-26 00:00:00,Libre Disponibilidad,Municipales
1.6.2.01.02,INTERESES POR COLOCACIONES FINANCIERAS,192753276.3,2026-02-26 00:00:00,Libre Disponibilidad,Municipales
1.2.1.01.01,TASA SERVICIOS GENERALES MUNICIPALES - EJERCICIO-,59046762.37,2026-02-26 00:00:00,Libre Disponibilidad,Municipales
1.2.1.05.02,INSPECCIÓN DE SEGURIDAD E HIGIENE -ANTERIORES-,52321185.1,2026-02-26 00:00:00,Libre Disponibilidad,Municipales
1.2.6.01.02,MULTAS POR CONTRAVENCIONES EJERCICIOS ANTERIORES,34157681.03,2026-02-26 00:00:00,Libre Disponibilidad,Municipales
1.2.2.14.01,DERECHOS DE OFICINA DEL EJERCICIO,14574140,2026-02-26 00:00:00,Libre Disponibilidad,Municipales
1.2.1.01.02,TASA SERVICIOS GENERALES MUNICIPALES -ANTERIORES-,12318577.49,2026-02-26 00:00:00,Libre Disponibilidad,Municipales
1.2.6.02.02,INFRACCION A LAS OBLIGACIONES EJERCICIO ANTERIORES,8014124.18,2026-02-26 00:00:00,Libre Disponibilidad,Municipales
1.2.6.08.02,MULTAS POR CONTRAVENCIONES (EJERC.ANTERIORES,5634025,2026-02-26 00:00:00,Libre Disponibilidad,Municipales
1.1.9.05.02,IMPUESTO AUTOMOTOR LEY 13.010 - ANTERIORES-,5253239.85,2026-02-26 00:00:00,Libre Disponibilidad,Municipales
1.2.2.11.01,DERECHOS DE CONSTRUCCION,4441760.96,2026-02-26 00:00:00,Libre Disponibilidad,Municipales
1.2.1.18,FONDO DE OBRAS DE INFRAESTRUCTURA ORD.7751,3933330.54,2026-02-26 00:00:00,Libre Disponibilidad,Municipales
1.2.6.01.01,MULTAS POR CONTRAVENCIONES DEL EJERCICIO,3165505.01,2026-02-26 00:00:00,Libre Disponibilidad,Municipales
1.2.2.03.01,PUBLICIDAD Y PROPAGANDA -EJERCICIO-,2652023.21,2026-02-26 00:00:00,Libre Disponibilidad,Municipales
1.2.1.21,TASAS POR SERV.VARIOS EJERCICIO ANTERIOR,2165803.7,2026-02-26 00:00:00,Libre Disponibilidad,Municipales
1.2.2.08.01,CEMENTERIO EJERCICIO,2113240,2026-02-26 00:00:00,Libre Disponibilidad,Municipales
1.2.6.02.01,INFRACCION A LAS OBLIGACIONES EJERCICIO,1636163.59,2026-02-26 00:00:00,Libre Disponibilidad,Municipales
1.2.1.14,TASA POR SERVICIOS VARIOS EJERCICIO,1431000,2026-02-26 00:00:00,Libre Disponibilidad,Municipales
1.2.2.14.04,ALTAS Y/O BAJAS IMPOSIT.DE AUTOMOTORES,595600,2026-02-26 00:00:00,Libre Disponibilidad,Municipales
1.2.2.08.02,CEMENTERIO EJERCICIOS ANTERIORES,532655,2026-02-26 00:00:00,Libre Disponibilidad,Municipales
1.1.9.08.01,PATENTE DE MOTOVEHICULOS DEL EJERCICIO,362576.84,2026-02-26 00:00:00,Libre Disponibilidad,Municipales
1.2.2.14.05,ALTAS Y/O BAJAS IMPOSIT.DE MOTOVEHICULOS,240480,2026-02-26 00:00:00,Libre Disponibilidad,Municipales
1.2.2.03.02,PUBLICIDAD Y PROPAGANDA -ANTERIORES-,201064.75,2026-02-26 00:00:00,Libre Disponibilidad,Municipales
1.2.1.04,HABILITACIÓN DE COMERCIOS E INDUSTRIAS,139050,2026-02-26 00:00:00,Libre Disponibilidad,Municipales
1.1.9.05.01,IMPUESTO AUTOMOTOR LEY 13.010 -EJERCICIO-,126264.34,2026-02-26 00:00:00,Libre Disponibilidad,Municipales
1.2.2.05.01,OCUPACION Y USO DE ESPACIOS PUBLICOS DEL EJERCICIO,115418.36,2026-02-26 00:00:00,Libre Disponibilidad,Municipales
1.2.2.14.02,DERECHOS DE OFICINA EJERCICIOS ANTERIORES,86265.41,2026-02-26 00:00:00,Libre Disponibilidad,Municipales
1.2.2.05.02,OCUPACION Y USO DE ESPACIOS PUBLICOS DE EJERCICOS ANTERIORES,21919.1,2026-02-26 00:00:00,Libre Disponibilidad,Municipales
1.2.1.02,SERVICIOS ESPECIALES DE LIMPIEZA E HIGIENE,14420,2026-02-26 00:00:00,Libre Disponibilidad,Municipales
1.2.1.05.01,INSPECCIÓN DE SEGURIDAD E HIGIENE -EJERCICIO-,89783081.73,2026-02-27 00:00:00,Libre Disponibilidad,Municipales
1.2.1.01.01,TASA SERVICIOS GENERALES MUNICIPALES - EJERCICIO-,86923835.08,2026-02-27 00:00:00,Libre Disponibilidad,Municipales
1.2.6.01.02,MULTAS POR CONTRAVENCIONES EJERCICIOS ANTERIORES,42800072.39,2026-02-27 00:00:00,Libre Disponibilidad,Municipales
1.2.2.14.01,DERECHOS DE OFICINA DEL EJERCICIO,15299270,2026-02-27 00:00:00,Libre Disponibilidad,Municipales
1.2.1.01.02,TASA SERVICIOS GENERALES MUNICIPALES -ANTERIORES-,10774144.29,2026-02-27 00:00:00,Libre Disponibilidad,Municipales
1.2.6.08.02,MULTAS POR CONTRAVENCIONES (EJERC.ANTERIORES,6980100,2026-02-27 00:00:00,Libre Disponibilidad,Municipales
1.2.1.05.02,INSPECCIÓN DE SEGURIDAD E HIGIENE -ANTERIORES-,5946716.15,2026-02-27 00:00:00,Libre Disponibilidad,Municipales
1.1.9.05.02,IMPUESTO AUTOMOTOR LEY 13.010 - ANTERIORES-,5771882.69,2026-02-27 00:00:00,Libre Disponibilidad,Municipales
1.2.1.20.01,ANTENAS TASAS Y DERECHOS,5303249.53,2026-02-27 00:00:00,Libre Disponibilidad,Municipales
1.2.6.02.02,INFRACCION A LAS OBLIGACIONES EJERCICIO ANTERIORES,4393546.81,2026-02-27 00:00:00,Libre Disponibilidad,Municipales
1.2.6.02.01,INFRACCION A LAS OBLIGACIONES EJERCICIO,2266217.04,2026-02-27 00:00:00,Libre Disponibilidad,Municipales
1.2.2.08.01,CEMENTERIO EJERCICIO,1999810,2026-02-27 00:00:00,Libre Disponibilidad,Municipales
1.2.1.14,TASA POR SERVICIOS VARIOS EJERCICIO,1217044.04,2026-02-27 00:00:00,Libre Disponibilidad,Municipales
1.2.6.01.01,MULTAS POR CONTRAVENCIONES DEL EJERCICIO,1084200.26,2026-02-27 00:00:00,Libre Disponibilidad,Municipales
1.2.2.03.01,PUBLICIDAD Y PROPAGANDA -EJERCICIO-,749155.07,2026-02-27 00:00:00,Libre Disponibilidad,Municipales
1.2.2.11.01,DERECHOS DE CONSTRUCCION,646835.23,2026-02-27 00:00:00,Libre Disponibilidad,Municipales
1.2.2.14.04,ALTAS Y/O BAJAS IMPOSIT.DE AUTOMOTORES,638600,2026-02-27 00:00:00,Libre Disponibilidad,Municipales
1.1.9.08.01,PATENTE DE MOTOVEHICULOS DEL EJERCICIO,496027.05,2026-02-27 00:00:00,Libre Disponibilidad,Municipales
1.2.2.08.02,CEMENTERIO EJERCICIOS ANTERIORES,381827,2026-02-27 00:00:00,Libre Disponibilidad,Municipales
1.2.1.04,HABILITACIÓN DE COMERCIOS E INDUSTRIAS,247200,2026-02-27 00:00:00,Libre Disponibilidad,Municipales
1.2.2.14.05,ALTAS Y/O BAJAS IMPOSIT.DE MOTOVEHICULOS,225071.99,2026-02-27 00:00:00,Libre Disponibilidad,Municipales
1.2.2.05.01,OCUPACION Y USO DE ESPACIOS PUBLICOS DEL EJERCICIO,211774.4,2026-02-27 00:00:00,Libre Disponibilidad,Municipales
1.1.9.05.01,IMPUESTO AUTOMOTOR LEY 13.010 -EJERCICIO-,174748.65,2026-02-27 00:00:00,Libre Disponibilidad,Municipales
1.2.1.21,TASAS POR SERV.VARIOS EJERCICIO ANTERIOR,156588.88,2026-02-27 00:00:00,Libre Disponibilidad,Municipales
1.2.2.14.02,DERECHOS DE OFICINA EJERCICIOS ANTERIORES,92052.17,2026-02-27 00:00:00,Libre Disponibilidad,Municipales
1.2.2.03.02,PUBLICIDAD Y PROPAGANDA -ANTERIORES-,42791.88,2026-02-27 00:00:00,Libre Disponibilidad,Municipales
1.2.2.05.02,OCUPACION Y USO DE ESPACIOS PUBLICOS DE EJERCICOS ANTERIORES,38865.64,2026-02-27 00:00:00,Libre Disponibilidad,Municipales
1.2.2.17.01,DERECHO POR OFICIO JUDICIAL DEL EJERCICIO,20000,2026-02-27 00:00:00,Libre Disponibilidad,Municipales
1.6.2.01.02,INTERESES POR COLOCACIONES FINANCIERAS,0.01,2026-02-27 00:00:00,Libre Disponibilidad,Municipales
1.2.1.01.01,TASA SERVICIOS GENERALES MUNICIPALES - EJERCICIO-,70445260.42,2026-03-02 00:00:00,Libre Disponibilidad,Municipales
1.2.1.05.01,INSPECCIÓN DE SEGURIDAD E HIGIENE -EJERCICIO-,61532406,2026-03-02 00:00:00,Libre Disponibilidad,Municipales
1.2.6.01.02,MULTAS POR CONTRAVENCIONES EJERCICIOS ANTERIORES,38369902.78,2026-03-02 00:00:00,Libre Disponibilidad,Municipales
1.6.2.01.02,INTERESES POR COLOCACIONES FINANCIERAS,17250883.7,2026-03-02 00:00:00,Libre Disponibilidad,Municipales
1.2.1.01.02,TASA SERVICIOS GENERALES MUNICIPALES -ANTERIORES-,12334183.26,2026-03-02 00:00:00,Libre Disponibilidad,Municipales
1.2.6.02.02,INFRACCION A LAS OBLIGACIONES EJERCICIO ANTERIORES,8527433.94,2026-03-02 00:00:00,Libre Disponibilidad,Municipales
1.2.1.05.02,INSPECCIÓN DE SEGURIDAD E HIGIENE -ANTERIORES-,8287991.96,2026-03-02 00:00:00,Libre Disponibilidad,Municipales
1.1.9.05.02,IMPUESTO AUTOMOTOR LEY 13.010 - ANTERIORES-,6852927.93,2026-03-02 00:00:00,Libre Disponibilidad,Municipales
1.2.2.14.01,DERECHOS DE OFICINA DEL EJERCICIO,6607650,2026-03-02 00:00:00,Libre Disponibilidad,Municipales
1.2.2.11.01,DERECHOS DE CONSTRUCCION,4890473.38,2026-03-02 00:00:00,Libre Disponibilidad,Municipales
1.2.6.08.02,MULTAS POR CONTRAVENCIONES (EJERC.ANTERIORES,3342950,2026-03-02 00:00:00,Libre Disponibilidad,Municipales
1.2.2.03.01,PUBLICIDAD Y PROPAGANDA -EJERCICIO-,2761979.94,2026-03-02 00:00:00,Libre Disponibilidad,Municipales
1.2.6.01.01,MULTAS POR CONTRAVENCIONES DEL EJERCICIO,2338600.96,2026-03-02 00:00:00,Libre Disponibilidad,Municipales
1.2.6.02.01,INFRACCION A LAS OBLIGACIONES EJERCICIO,1986407.52,2026-03-02 00:00:00,Libre Disponibilidad,Municipales
1.2.1.14,TASA POR SERVICIOS VARIOS EJERCICIO,1638360,2026-03-02 00:00:00,Libre Disponibilidad,Municipales
1.2.2.08.01,CEMENTERIO EJERCICIO,764130,2026-03-02 00:00:00,Libre Disponibilidad,Municipales
1.2.2.14.04,ALTAS Y/O BAJAS IMPOSIT.DE AUTOMOTORES,484600,2026-03-02 00:00:00,Libre Disponibilidad,Municipales
1.1.9.08.01,PATENTE DE MOTOVEHICULOS DEL EJERCICIO,375386.68,2026-03-02 00:00:00,Libre Disponibilidad,Municipales
1.2.1.21,TASAS POR SERV.VARIOS EJERCICIO ANTERIOR,184029.36,2026-03-02 00:00:00,Libre Disponibilidad,Municipales
1.2.2.05.01,OCUPACION Y USO DE ESPACIOS PUBLICOS DEL EJERCICIO,171915.2,2026-03-02 00:00:00,Libre Disponibilidad,Municipales
1.2.2.05.02,OCUPACION Y USO DE ESPACIOS PUBLICOS DE EJERCICOS ANTERIORES,152892.13,2026-03-02 00:00:00,Libre Disponibilidad,Municipales
1.2.2.14.05,ALTAS Y/O BAJAS IMPOSIT.DE MOTOVEHICULOS,152100,2026-03-02 00:00:00,Libre Disponibilidad,Municipales
1.2.2.14.02,DERECHOS DE OFICINA EJERCICIOS ANTERIORES,93239.87,2026-03-02 00:00:00,Libre Disponibilidad,Municipales
1.2.1.04,HABILITACIÓN DE COMERCIOS E INDUSTRIAS,91160,2026-03-02 00:00:00,Libre Disponibilidad,Municipales
1.1.9.05.01,IMPUESTO AUTOMOTOR LEY 13.010 -EJERCICIO-,69593.07,2026-03-02 00:00:00,Libre Disponibilidad,Municipales
1.2.2.08.02,CEMENTERIO EJERCICIOS ANTERIORES,67080,2026-03-02 00:00:00,Libre Disponibilidad,Municipales
1.2.2.03.02,PUBLICIDAD Y PROPAGANDA -ANTERIORES-,63627.6,2026-03-02 00:00:00,Libre Disponibilidad,Municipales
2.1.2.01,CONTRIBUCIONES POR MEJORAS DEL EJERCICIO,8000,2026-03-02 00:00:00,Libre Disponibilidad,Municipales
1.2.1.01.01,TASA SERVICIOS GENERALES MUNICIPALES - EJERCICIO-,106202201.4,2026-03-03 00:00:00,Libre Disponibilidad,Municipales
1.2.6.01.02,MULTAS POR CONTRAVENCIONES EJERCICIOS ANTERIORES,31135911,2026-03-03 00:00:00,Libre Disponibilidad,Municipales
1.2.1.01.02,TASA SERVICIOS GENERALES MUNICIPALES -ANTERIORES-,13500515.67,2026-03-03 00:00:00,Libre Disponibilidad,Municipales
1.2.1.05.02,INSPECCIÓN DE SEGURIDAD E HIGIENE -ANTERIORES-,9133406.23,2026-03-03 00:00:00,Libre Disponibilidad,Municipales
1.2.6.08.02,MULTAS POR CONTRAVENCIONES (EJERC.ANTERIORES,5805975,2026-03-03 00:00:00,Libre Disponibilidad,Municipales
1.2.1.05.01,INSPECCIÓN DE SEGURIDAD E HIGIENE -EJERCICIO-,5637411.3,2026-03-03 00:00:00,Libre Disponibilidad,Municipales
1.2.2.14.01,DERECHOS DE OFICINA DEL EJERCICIO,5009760,2026-03-03 00:00:00,Libre Disponibilidad,Municipales
1.2.6.01.01,MULTAS POR CONTRAVENCIONES DEL EJERCICIO,4623580.03,2026-03-03 00:00:00,Libre Disponibilidad,Municipales
1.2.6.02.02,INFRACCION A LAS OBLIGACIONES EJERCICIO ANTERIORES,3808451.17,2026-03-03 00:00:00,Libre Disponibilidad,Municipales
1.1.9.05.02,IMPUESTO AUTOMOTOR LEY 13.010 - ANTERIORES-,3026123.73,2026-03-03 00:00:00,Libre Disponibilidad,Municipales
1.2.2.14.04,ALTAS Y/O BAJAS IMPOSIT.DE AUTOMOTORES,480740,2026-03-03 00:00:00,Libre Disponibilidad,Municipales
1.2.2.03.01,PUBLICIDAD Y PROPAGANDA -EJERCICIO-,405695,2026-03-03 00:00:00,Libre Disponibilidad,Municipales
1.1.9.08.01,PATENTE DE MOTOVEHICULOS DEL EJERCICIO,362140.15,2026-03-03 00:00:00,Libre Disponibilidad,Municipales
1.2.1.04,HABILITACIÓN DE COMERCIOS E INDUSTRIAS,286200,2026-03-03 00:00:00,Libre Disponibilidad,Municipales
1.2.6.02.01,INFRACCION A LAS OBLIGACIONES EJERCICIO,274131.77,2026-03-03 00:00:00,Libre Disponibilidad,Municipales
1.2.2.05.01,OCUPACION Y USO DE ESPACIOS PUBLICOS DEL EJERCICIO,255672.4,2026-03-03 00:00:00,Libre Disponibilidad,Municipales
1.2.2.08.01,CEMENTERIO EJERCICIO,253710,2026-03-03 00:00:00,Libre Disponibilidad,Municipales
1.2.1.14,TASA POR SERVICIOS VARIOS EJERCICIO,198320,2026-03-03 00:00:00,Libre Disponibilidad,Municipales
1.2.2.14.05,ALTAS Y/O BAJAS IMPOSIT.DE MOTOVEHICULOS,171720,2026-03-03 00:00:00,Libre Disponibilidad,Municipales
1.2.2.03.02,PUBLICIDAD Y PROPAGANDA -ANTERIORES-,130432.42,2026-03-03 00:00:00,Libre Disponibilidad,Municipales
1.2.2.14.02,DERECHOS DE OFICINA EJERCICIOS ANTERIORES,103050.75,2026-03-03 00:00:00,Libre Disponibilidad,Municipales
1.1.9.05.01,IMPUESTO AUTOMOTOR LEY 13.010 -EJERCICIO-,91326.94,2026-03-03 00:00:00,Libre Disponibilidad,Municipales
1.2.1.21,TASAS POR SERV.VARIOS EJERCICIO ANTERIOR,78168.56,2026-03-03 00:00:00,Libre Disponibilidad,Municipales
1.2.2.08.02,CEMENTERIO EJERCICIOS ANTERIORES,76582,2026-03-03 00:00:00,Libre Disponibilidad,Municipales
1.2.2.05.02,OCUPACION Y USO DE ESPACIOS PUBLICOS DE EJERCICOS ANTERIORES,37122.24,2026-03-03 00:00:00,Libre Disponibilidad,Municipales
1.2.1.01.01,TASA SERVICIOS GENERALES MUNICIPALES - EJERCICIO-,47575897.77,2026-03-04 00:00:00,Libre Disponibilidad,Municipales
1.2.6.01.02,MULTAS POR CONTRAVENCIONES EJERCICIOS ANTERIORES,32186849.34,2026-03-04 00:00:00,Libre Disponibilidad,Municipales
1.2.6.06,CONVENIO A.C.A.R.A.,30836613.6,2026-03-04 00:00:00,Libre Disponibilidad,Municipales
1.2.1.01.02,TASA SERVICIOS GENERALES MUNICIPALES -ANTERIORES-,20421207.37,2026-03-04 00:00:00,Libre Disponibilidad,Municipales
1.2.1.05.02,INSPECCIÓN DE SEGURIDAD E HIGIENE -ANTERIORES-,15589978.24,2026-03-04 00:00:00,Libre Disponibilidad,Municipales
1.2.1.05.01,INSPECCIÓN DE SEGURIDAD E HIGIENE -EJERCICIO-,13547066,2026-03-04 00:00:00,Libre Disponibilidad,Municipales
1.2.2.14.01,DERECHOS DE OFICINA DEL EJERCICIO,12205365,2026-03-04 00:00:00,Libre Disponibilidad,Municipales
1.1.9.05.02,IMPUESTO AUTOMOTOR LEY 13.010 - ANTERIORES-,7690611.26,2026-03-04 00:00:00,Libre Disponibilidad,Municipales
1.2.6.08.02,MULTAS POR CONTRAVENCIONES (EJERC.ANTERIORES,7503425,2026-03-04 00:00:00,Libre Disponibilidad,Municipales
1.2.6.02.02,INFRACCION A LAS OBLIGACIONES EJERCICIO ANTERIORES,6374590.44,2026-03-04 00:00:00,Libre Disponibilidad,Municipales
1.2.2.11.01,DERECHOS DE CONSTRUCCION,2491920.2,2026-03-04 00:00:00,Libre Disponibilidad,Municipales
1.2.6.01.01,MULTAS POR CONTRAVENCIONES DEL EJERCICIO,2028058.24,2026-03-04 00:00:00,Libre Disponibilidad,Municipales
1.1.9.08.01,PATENTE DE MOTOVEHICULOS DEL EJERCICIO,853305.31,2026-03-04 00:00:00,Libre Disponibilidad,Municipales
1.2.6.02.01,INFRACCION A LAS OBLIGACIONES EJERCICIO,847496.08,2026-03-04 00:00:00,Libre Disponibilidad,Municipales
1.2.2.08.01,CEMENTERIO EJERCICIO,835470,2026-03-04 00:00:00,Libre Disponibilidad,Municipales
1.2.2.03.02,PUBLICIDAD Y PROPAGANDA -ANTERIORES-,754604.44,2026-03-04 00:00:00,Libre Disponibilidad,Municipales
1.2.1.14,TASA POR SERVICIOS VARIOS EJERCICIO,744850,2026-03-04 00:00:00,Libre Disponibilidad,Municipales
1.2.2.03.01,PUBLICIDAD Y PROPAGANDA -EJERCICIO-,721886.07,2026-03-04 00:00:00,Libre Disponibilidad,Municipales
1.2.2.14.04,ALTAS Y/O BAJAS IMPOSIT.DE AUTOMOTORES,656580.04,2026-03-04 00:00:00,Libre Disponibilidad,Municipales
1.2.1.21,TASAS POR SERV.VARIOS EJERCICIO ANTERIOR,363552.89,2026-03-04 00:00:00,Libre Disponibilidad,Municipales
1.2.2.14.05,ALTAS Y/O BAJAS IMPOSIT.DE MOTOVEHICULOS,266040,2026-03-04 00:00:00,Libre Disponibilidad,Municipales
1.1.9.05.01,IMPUESTO AUTOMOTOR LEY 13.010 -EJERCICIO-,164781.79,2026-03-04 00:00:00,Libre Disponibilidad,Municipales
1.2.2.08.02,CEMENTERIO EJERCICIOS ANTERIORES,80298,2026-03-04 00:00:00,Libre Disponibilidad,Municipales
1.2.2.05.01,OCUPACION Y USO DE ESPACIOS PUBLICOS DEL EJERCICIO,62229.8,2026-03-04 00:00:00,Libre Disponibilidad,Municipales
1.2.2.14.02,DERECHOS DE OFICINA EJERCICIOS ANTERIORES,54439.17,2026-03-04 00:00:00,Libre Disponibilidad,Municipales
1.2.2.17.01,DERECHO POR OFICIO JUDICIAL DEL EJERCICIO,21200,2026-03-04 00:00:00,Libre Disponibilidad,Municipales
1.2.2.05.02,OCUPACION Y USO DE ESPACIOS PUBLICOS DE EJERCICOS ANTERIORES,11086.8,2026-03-04 00:00:00,Libre Disponibilidad,Municipales
1.2.1.01.01,TASA SERVICIOS GENERALES MUNICIPALES - EJERCICIO-,118138327.4,2026-03-05 00:00:00,Libre Disponibilidad,Municipales
1.2.6.01.02,MULTAS POR CONTRAVENCIONES EJERCICIOS ANTERIORES,34963122.51,2026-03-05 00:00:00,Libre Disponibilidad,Municipales
1.2.2.14.01,DERECHOS DE OFICINA DEL EJERCICIO,16881920,2026-03-05 00:00:00,Libre Disponibilidad,Municipales
1.2.1.01.02,TASA SERVICIOS GENERALES MUNICIPALES -ANTERIORES-,11749930.05,2026-03-05 00:00:00,Libre Disponibilidad,Municipales
1.2.1.05.01,INSPECCIÓN DE SEGURIDAD E HIGIENE -EJERCICIO-,11699458.8,2026-03-05 00:00:00,Libre Disponibilidad,Municipales
1.1.9.05.02,IMPUESTO AUTOMOTOR LEY 13.010 - ANTERIORES-,8028650.91,2026-03-05 00:00:00,Libre Disponibilidad,Municipales
1.2.2.11.01,DERECHOS DE CONSTRUCCION,6420648.26,2026-03-05 00:00:00,Libre Disponibilidad,Municipales
1.2.1.05.02,INSPECCIÓN DE SEGURIDAD E HIGIENE -ANTERIORES-,6272017.73,2026-03-05 00:00:00,Libre Disponibilidad,Municipales
1.2.6.02.02,INFRACCION A LAS OBLIGACIONES EJERCICIO ANTERIORES,5886448.38,2026-03-05 00:00:00,Libre Disponibilidad,Municipales
1.2.6.08.02,MULTAS POR CONTRAVENCIONES (EJERC.ANTERIORES,3923025,2026-03-05 00:00:00,Libre Disponibilidad,Municipales
1.2.2.08.01,CEMENTERIO EJERCICIO,1218510,2026-03-05 00:00:00,Libre Disponibilidad,Municipales
1.2.1.22,INGRESOS VARIOS,1021899.3,2026-03-05 00:00:00,Libre Disponibilidad,Municipales
1.2.1.14,TASA POR SERVICIOS VARIOS EJERCICIO,1003090,2026-03-05 00:00:00,Libre Disponibilidad,Municipales
1.2.6.01.01,MULTAS POR CONTRAVENCIONES DEL EJERCICIO,983370.03,2026-03-05 00:00:00,Libre Disponibilidad,Municipales
1.2.1.04,HABILITACIÓN DE COMERCIOS E INDUSTRIAS,911600,2026-03-05 00:00:00,Libre Disponibilidad,Municipales
1.2.6.02.01,INFRACCION A LAS OBLIGACIONES EJERCICIO,691285.5,2026-03-05 00:00:00,Libre Disponibilidad,Municipales
1.2.2.14.04,ALTAS Y/O BAJAS IMPOSIT.DE AUTOMOTORES,506440,2026-03-05 00:00:00,Libre Disponibilidad,Municipales
1.1.9.08.01,PATENTE DE MOTOVEHICULOS DEL EJERCICIO,388792.05,2026-03-05 00:00:00,Libre Disponibilidad,Municipales
1.2.2.03.01,PUBLICIDAD Y PROPAGANDA -EJERCICIO-,367668.86,2026-03-05 00:00:00,Libre Disponibilidad,Municipales
1.1.9.05.01,IMPUESTO AUTOMOTOR LEY 13.010 -EJERCICIO-,231084.48,2026-03-05 00:00:00,Libre Disponibilidad,Municipales
1.2.2.14.05,ALTAS Y/O BAJAS IMPOSIT.DE MOTOVEHICULOS,200610,2026-03-05 00:00:00,Libre Disponibilidad,Municipales
1.2.2.14.02,DERECHOS DE OFICINA EJERCICIOS ANTERIORES,175320.47,2026-03-05 00:00:00,Libre Disponibilidad,Municipales
1.2.2.08.02,CEMENTERIO EJERCICIOS ANTERIORES,155274,2026-03-05 00:00:00,Libre Disponibilidad,Municipales
1.2.2.05.01,OCUPACION Y USO DE ESPACIOS PUBLICOS DEL EJERCICIO,139464,2026-03-05 00:00:00,Libre Disponibilidad,Municipales
1.2.2.05.02,OCUPACION Y USO DE ESPACIOS PUBLICOS DE EJERCICOS ANTERIORES,69135.44,2026-03-05 00:00:00,Libre Disponibilidad,Municipales
1.2.1.21,TASAS POR SERV.VARIOS EJERCICIO ANTERIOR,66696.75,2026-03-05 00:00:00,Libre Disponibilidad,Municipales
1.2.2.03.02,PUBLICIDAD Y PROPAGANDA -ANTERIORES-,59468.45,2026-03-05 00:00:00,Libre Disponibilidad,Municipales
1.2.1.02,SERVICIOS ESPECIALES DE LIMPIEZA E HIGIENE,29680,2026-03-05 00:00:00,Libre Disponibilidad,Municipales
1.6.2.01.02,INTERESES POR COLOCACIONES FINANCIERAS,138841508.7,2026-03-06 00:00:00,Libre Disponibilidad,Municipales
1.2.1.01.01,TASA SERVICIOS GENERALES MUNICIPALES - EJERCICIO-,54749965.65,2026-03-06 00:00:00,Libre Disponibilidad,Municipales
1.2.6.01.02,MULTAS POR CONTRAVENCIONES EJERCICIOS ANTERIORES,34198556.67,2026-03-06 00:00:00,Libre Disponibilidad,Municipales
1.2.1.01.02,TASA SERVICIOS GENERALES MUNICIPALES -ANTERIORES-,14289634.28,2026-03-06 00:00:00,Libre Disponibilidad,Municipales
1.2.2.14.01,DERECHOS DE OFICINA DEL EJERCICIO,13164670,2026-03-06 00:00:00,Libre Disponibilidad,Municipales
1.2.2.11.01,DERECHOS DE CONSTRUCCION,10995980.5,2026-03-06 00:00:00,Libre Disponibilidad,Municipales
1.2.1.05.02,INSPECCIÓN DE SEGURIDAD E HIGIENE -ANTERIORES-,9382424.5,2026-03-06 00:00:00,Libre Disponibilidad,Municipales
1.2.1.05.01,INSPECCIÓN DE SEGURIDAD E HIGIENE -EJERCICIO-,7897349.55,2026-03-06 00:00:00,Libre Disponibilidad,Municipales
1.1.9.05.02,IMPUESTO AUTOMOTOR LEY 13.010 - ANTERIORES-,6186260.46,2026-03-06 00:00:00,Libre Disponibilidad,Municipales
1.2.6.08.02,MULTAS POR CONTRAVENCIONES (EJERC.ANTERIORES,5993875,2026-03-06 00:00:00,Libre Disponibilidad,Municipales
1.2.6.02.02,INFRACCION A LAS OBLIGACIONES EJERCICIO ANTERIORES,4920498.4,2026-03-06 00:00:00,Libre Disponibilidad,Municipales
1.2.6.01.01,MULTAS POR CONTRAVENCIONES DEL EJERCICIO,3918162.52,2026-03-06 00:00:00,Libre Disponibilidad,Municipales
1.2.1.14,TASA POR SERVICIOS VARIOS EJERCICIO,3727820,2026-03-06 00:00:00,Libre Disponibilidad,Municipales
1.2.2.08.01,CEMENTERIO EJERCICIO,919570,2026-03-06 00:00:00,Libre Disponibilidad,Municipales
1.2.2.14.04,ALTAS Y/O BAJAS IMPOSIT.DE AUTOMOTORES,671840.01,2026-03-06 00:00:00,Libre Disponibilidad,Municipales
1.2.6.02.01,INFRACCION A LAS OBLIGACIONES EJERCICIO,641489.38,2026-03-06 00:00:00,Libre Disponibilidad,Municipales
1.2.2.03.01,PUBLICIDAD Y PROPAGANDA -EJERCICIO-,303120.81,2026-03-06 00:00:00,Libre Disponibilidad,Municipales
1.2.2.05.02,OCUPACION Y USO DE ESPACIOS PUBLICOS DE EJERCICOS ANTERIORES,233268.92,2026-03-06 00:00:00,Libre Disponibilidad,Municipales
1.1.9.08.01,PATENTE DE MOTOVEHICULOS DEL EJERCICIO,214727.74,2026-03-06 00:00:00,Libre Disponibilidad,Municipales
1.2.2.08.02,CEMENTERIO EJERCICIOS ANTERIORES,155527,2026-03-06 00:00:00,Libre Disponibilidad,Municipales
1.2.2.14.05,ALTAS Y/O BAJAS IMPOSIT.DE MOTOVEHICULOS,151560,2026-03-06 00:00:00,Libre Disponibilidad,Municipales
1.1.9.05.01,IMPUESTO AUTOMOTOR LEY 13.010 -EJERCICIO-,148506.83,2026-03-06 00:00:00,Libre Disponibilidad,Municipales
1.2.2.14.02,DERECHOS DE OFICINA EJERCICIOS ANTERIORES,116983.65,2026-03-06 00:00:00,Libre Disponibilidad,Municipales
1.2.2.05.01,OCUPACION Y USO DE ESPACIOS PUBLICOS DEL EJERCICIO,111244.4,2026-03-06 00:00:00,Libre Disponibilidad,Municipales
1.2.2.03.02,PUBLICIDAD Y PROPAGANDA -ANTERIORES-,80622.9,2026-03-06 00:00:00,Libre Disponibilidad,Municipales
1.2.1.04,HABILITACIÓN DE COMERCIOS E INDUSTRIAS,42400,2026-03-06 00:00:00,Libre Disponibilidad,Municipales
1.2.2.17.01,DERECHO POR OFICIO JUDICIAL DEL EJERCICIO,42400,2026-03-06 00:00:00,Libre Disponibilidad,Municipales
1.2.1.21,TASAS POR SERV.VARIOS EJERCICIO ANTERIOR,31806.91,2026-03-06 00:00:00,Libre Disponibilidad,Municipales
2.1.2.01,CONTRIBUCIONES POR MEJORAS DEL EJERCICIO,30000,2026-03-06 00:00:00,Libre Disponibilidad,Municipales
1.2.1.02,SERVICIOS ESPECIALES DE LIMPIEZA E HIGIENE,14840,2026-03-06 00:00:00,Libre Disponibilidad,Municipales
1.2.1.01.01,TASA SERVICIOS GENERALES MUNICIPALES - EJERCICIO-,140281651.6,2026-03-09 00:00:00,Libre Disponibilidad,Municipales
1.6.2.01.02,INTERESES POR COLOCACIONES FINANCIERAS,115590617.4,2026-03-09 00:00:00,Libre Disponibilidad,Municipales
1.2.6.01.02,MULTAS POR CONTRAVENCIONES EJERCICIOS ANTERIORES,40477547.75,2026-03-09 00:00:00,Libre Disponibilidad,Municipales
1.2.1.22,INGRESOS VARIOS,32022041.62,2026-03-09 00:00:00,Libre Disponibilidad,Municipales
1.2.1.05.01,INSPECCIÓN DE SEGURIDAD E HIGIENE -EJERCICIO-,26312506.33,2026-03-09 00:00:00,Libre Disponibilidad,Municipales
1.2.1.01.02,TASA SERVICIOS GENERALES MUNICIPALES -ANTERIORES-,22463370.23,2026-03-09 00:00:00,Libre Disponibilidad,Municipales
1.2.1.05.02,INSPECCIÓN DE SEGURIDAD E HIGIENE -ANTERIORES-,18173098.05,2026-03-09 00:00:00,Libre Disponibilidad,Municipales
1.2.2.14.01,DERECHOS DE OFICINA DEL EJERCICIO,14587252,2026-03-09 00:00:00,Libre Disponibilidad,Municipales
1.1.9.05.02,IMPUESTO AUTOMOTOR LEY 13.010 - ANTERIORES-,7966977.01,2026-03-09 00:00:00,Libre Disponibilidad,Municipales
1.2.6.08.02,MULTAS POR CONTRAVENCIONES (EJERC.ANTERIORES,7863775,2026-03-09 00:00:00,Libre Disponibilidad,Municipales
1.2.6.02.02,INFRACCION A LAS OBLIGACIONES EJERCICIO ANTERIORES,7193355.22,2026-03-09 00:00:00,Libre Disponibilidad,Municipales
1.2.6.01.01,MULTAS POR CONTRAVENCIONES DEL EJERCICIO,3935137.54,2026-03-09 00:00:00,Libre Disponibilidad,Municipales
1.2.2.08.01,CEMENTERIO EJERCICIO,2257600,2026-03-09 00:00:00,Libre Disponibilidad,Municipales
1.2.2.11.01,DERECHOS DE CONSTRUCCION,1782406.56,2026-03-09 00:00:00,Libre Disponibilidad,Municipales
1.2.6.02.01,INFRACCION A LAS OBLIGACIONES EJERCICIO,1568687.87,2026-03-09 00:00:00,Libre Disponibilidad,Municipales
1.2.1.14,TASA POR SERVICIOS VARIOS EJERCICIO,1466786.12,2026-03-09 00:00:00,Libre Disponibilidad,Municipales
1.2.1.04,HABILITACIÓN DE COMERCIOS E INDUSTRIAS,898700,2026-03-09 00:00:00,Libre Disponibilidad,Municipales
1.2.2.03.01,PUBLICIDAD Y PROPAGANDA -EJERCICIO-,893014.73,2026-03-09 00:00:00,Libre Disponibilidad,Municipales
1.2.2.08.02,CEMENTERIO EJERCICIOS ANTERIORES,841975,2026-03-09 00:00:00,Libre Disponibilidad,Municipales
1.1.9.08.01,PATENTE DE MOTOVEHICULOS DEL EJERCICIO,640026.97,2026-03-09 00:00:00,Libre Disponibilidad,Municipales
1.2.2.14.04,ALTAS Y/O BAJAS IMPOSIT.DE AUTOMOTORES,568200,2026-03-09 00:00:00,Libre Disponibilidad,Municipales
1.1.9.05.01,IMPUESTO AUTOMOTOR LEY 13.010 -EJERCICIO-,455744.45,2026-03-09 00:00:00,Libre Disponibilidad,Municipales
1.2.2.05.01,OCUPACION Y USO DE ESPACIOS PUBLICOS DEL EJERCICIO,396973,2026-03-09 00:00:00,Libre Disponibilidad,Municipales
1.2.2.14.05,ALTAS Y/O BAJAS IMPOSIT.DE MOTOVEHICULOS,378360,2026-03-09 00:00:00,Libre Disponibilidad,Municipales
1.2.1.21,TASAS POR SERV.VARIOS EJERCICIO ANTERIOR,287068.97,2026-03-09 00:00:00,Libre Disponibilidad,Municipales
1.2.2.14.02,DERECHOS DE OFICINA EJERCICIOS ANTERIORES,151692.59,2026-03-09 00:00:00,Libre Disponibilidad,Municipales
1.2.2.03.02,PUBLICIDAD Y PROPAGANDA -ANTERIORES-,138548.72,2026-03-09 00:00:00,Libre Disponibilidad,Municipales
1.2.2.05.02,OCUPACION Y USO DE ESPACIOS PUBLICOS DE EJERCICOS ANTERIORES,103966.39,2026-03-09 00:00:00,Libre Disponibilidad,Municipales
1.2.1.02,SERVICIOS ESPECIALES DE LIMPIEZA E HIGIENE,44520,2026-03-09 00:00:00,Libre Disponibilidad,Municipales
1.2.1.01.01,TASA SERVICIOS GENERALES MUNICIPALES - EJERCICIO-,221411186.7,2026-03-10 00:00:00,Libre Disponibilidad,Municipales
1.2.6.01.02,MULTAS POR CONTRAVENCIONES EJERCICIOS ANTERIORES,41041759.69,2026-03-10 00:00:00,Libre Disponibilidad,Municipales
1.2.1.05.01,INSPECCIÓN DE SEGURIDAD E HIGIENE -EJERCICIO-,36906660.28,2026-03-10 00:00:00,Libre Disponibilidad,Municipales
1.2.1.05.02,INSPECCIÓN DE SEGURIDAD E HIGIENE -ANTERIORES-,30708061.07,2026-03-10 00:00:00,Libre Disponibilidad,Municipales
1.2.1.01.02,TASA SERVICIOS GENERALES MUNICIPALES -ANTERIORES-,20010408.53,2026-03-10 00:00:00,Libre Disponibilidad,Municipales
1.2.2.14.01,DERECHOS DE OFICINA DEL EJERCICIO,14143582,2026-03-10 00:00:00,Libre Disponibilidad,Municipales
1.1.9.05.02,IMPUESTO AUTOMOTOR LEY 13.010 - ANTERIORES-,6702240.19,2026-03-10 00:00:00,Libre Disponibilidad,Municipales
1.2.6.02.02,INFRACCION A LAS OBLIGACIONES EJERCICIO ANTERIORES,6067806.95,2026-03-10 00:00:00,Libre Disponibilidad,Municipales
1.2.6.08.02,MULTAS POR CONTRAVENCIONES (EJERC.ANTERIORES,5982875,2026-03-10 00:00:00,Libre Disponibilidad,Municipales
1.2.6.01.01,MULTAS POR CONTRAVENCIONES DEL EJERCICIO,4085936.12,2026-03-10 00:00:00,Libre Disponibilidad,Municipales
1.2.1.21,TASAS POR SERV.VARIOS EJERCICIO ANTERIOR,2049149.49,2026-03-10 00:00:00,Libre Disponibilidad,Municipales
1.2.2.08.01,CEMENTERIO EJERCICIO,1441700,2026-03-10 00:00:00,Libre Disponibilidad,Municipales
1.2.1.14,TASA POR SERVICIOS VARIOS EJERCICIO,1380587.47,2026-03-10 00:00:00,Libre Disponibilidad,Municipales
1.2.6.02.01,INFRACCION A LAS OBLIGACIONES EJERCICIO,1093824.85,2026-03-10 00:00:00,Libre Disponibilidad,Municipales
1.2.2.03.01,PUBLICIDAD Y PROPAGANDA -EJERCICIO-,756346.49,2026-03-10 00:00:00,Libre Disponibilidad,Municipales
1.1.9.08.01,PATENTE DE MOTOVEHICULOS DEL EJERCICIO,578413.22,2026-03-10 00:00:00,Libre Disponibilidad,Municipales
1.2.2.11.01,DERECHOS DE CONSTRUCCION,484755.35,2026-03-10 00:00:00,Libre Disponibilidad,Municipales
1.2.2.05.01,OCUPACION Y USO DE ESPACIOS PUBLICOS DEL EJERCICIO,484362,2026-03-10 00:00:00,Libre Disponibilidad,Municipales
1.2.2.14.04,ALTAS Y/O BAJAS IMPOSIT.DE AUTOMOTORES,442800,2026-03-10 00:00:00,Libre Disponibilidad,Municipales
1.2.1.04,HABILITACIÓN DE COMERCIOS E INDUSTRIAS,430000,2026-03-10 00:00:00,Libre Disponibilidad,Municipales
1.2.2.14.05,ALTAS Y/O BAJAS IMPOSIT.DE MOTOVEHICULOS,285660,2026-03-10 00:00:00,Libre Disponibilidad,Municipales
1.2.2.08.02,CEMENTERIO EJERCICIOS ANTERIORES,243052,2026-03-10 00:00:00,Libre Disponibilidad,Municipales
1.2.2.14.02,DERECHOS DE OFICINA EJERCICIOS ANTERIORES,140400.05,2026-03-10 00:00:00,Libre Disponibilidad,Municipales
1.2.2.03.02,PUBLICIDAD Y PROPAGANDA -ANTERIORES-,103382.09,2026-03-10 00:00:00,Libre Disponibilidad,Municipales
1.1.9.05.01,IMPUESTO AUTOMOTOR LEY 13.010 -EJERCICIO-,44735.71,2026-03-10 00:00:00,Libre Disponibilidad,Municipales
1.2.2.05.02,OCUPACION Y USO DE ESPACIOS PUBLICOS DE EJERCICOS ANTERIORES,11343.91,2026-03-10 00:00:00,Libre Disponibilidad,Municipales
1.2.1.01.01,TASA SERVICIOS GENERALES MUNICIPALES - EJERCICIO-,166612929.4,2026-03-11 00:00:00,Libre Disponibilidad,Municipales
1.2.6.06,CONVENIO A.C.A.R.A.,154019221.5,2026-03-11 00:00:00,Libre Disponibilidad,Municipales
1.2.6.01.02,MULTAS POR CONTRAVENCIONES EJERCICIOS ANTERIORES,39483479.92,2026-03-11 00:00:00,Libre Disponibilidad,Municipales
1.2.1.01.02,TASA SERVICIOS GENERALES MUNICIPALES -ANTERIORES-,29723623.13,2026-03-11 00:00:00,Libre Disponibilidad,Municipales
1.2.1.05.01,INSPECCIÓN DE SEGURIDAD E HIGIENE -EJERCICIO-,27121565.93,2026-03-11 00:00:00,Libre Disponibilidad,Municipales
1.2.2.14.01,DERECHOS DE OFICINA DEL EJERCICIO,17500769,2026-03-11 00:00:00,Libre Disponibilidad,Municipales
1.2.1.05.02,INSPECCIÓN DE SEGURIDAD E HIGIENE -ANTERIORES-,9093372.8,2026-03-11 00:00:00,Libre Disponibilidad,Municipales
1.2.6.08.02,MULTAS POR CONTRAVENCIONES (EJERC.ANTERIORES,7225200,2026-03-11 00:00:00,Libre Disponibilidad,Municipales
1.2.6.02.02,INFRACCION A LAS OBLIGACIONES EJERCICIO ANTERIORES,7117257.03,2026-03-11 00:00:00,Libre Disponibilidad,Municipales
1.1.9.05.02,IMPUESTO AUTOMOTOR LEY 13.010 - ANTERIORES-,5872702.33,2026-03-11 00:00:00,Libre Disponibilidad,Municipales
1.2.6.01.01,MULTAS POR CONTRAVENCIONES DEL EJERCICIO,2391145.11,2026-03-11 00:00:00,Libre Disponibilidad,Municipales
1.2.1.14,TASA POR SERVICIOS VARIOS EJERCICIO,2291370,2026-03-11 00:00:00,Libre Disponibilidad,Municipales
1.2.2.08.01,CEMENTERIO EJERCICIO,1896740,2026-03-11 00:00:00,Libre Disponibilidad,Municipales
1.2.2.03.01,PUBLICIDAD Y PROPAGANDA -EJERCICIO-,1382036.71,2026-03-11 00:00:00,Libre Disponibilidad,Municipales
1.2.2.11.01,DERECHOS DE CONSTRUCCION,929985.45,2026-03-11 00:00:00,Libre Disponibilidad,Municipales
1.1.9.08.01,PATENTE DE MOTOVEHICULOS DEL EJERCICIO,674958.55,2026-03-11 00:00:00,Libre Disponibilidad,Municipales
1.2.2.05.01,OCUPACION Y USO DE ESPACIOS PUBLICOS DEL EJERCICIO,673301.2,2026-03-11 00:00:00,Libre Disponibilidad,Municipales
1.2.6.02.01,INFRACCION A LAS OBLIGACIONES EJERCICIO,553315.86,2026-03-11 00:00:00,Libre Disponibilidad,Municipales
1.2.2.14.05,ALTAS Y/O BAJAS IMPOSIT.DE MOTOVEHICULOS,515160,2026-03-11 00:00:00,Libre Disponibilidad,Municipales
1.2.2.14.04,ALTAS Y/O BAJAS IMPOSIT.DE AUTOMOTORES,465200,2026-03-11 00:00:00,Libre Disponibilidad,Municipales
1.2.2.08.02,CEMENTERIO EJERCICIOS ANTERIORES,385869,2026-03-11 00:00:00,Libre Disponibilidad,Municipales
1.2.2.03.02,PUBLICIDAD Y PROPAGANDA -ANTERIORES-,313448.93,2026-03-11 00:00:00,Libre Disponibilidad,Municipales
1.1.9.05.01,IMPUESTO AUTOMOTOR LEY 13.010 -EJERCICIO-,237445.02,2026-03-11 00:00:00,Libre Disponibilidad,Municipales
1.2.1.21,TASAS POR SERV.VARIOS EJERCICIO ANTERIOR,166654.32,2026-03-11 00:00:00,Libre Disponibilidad,Municipales
1.2.2.05.02,OCUPACION Y USO DE ESPACIOS PUBLICOS DE EJERCICOS ANTERIORES,160183.13,2026-03-11 00:00:00,Libre Disponibilidad,Municipales
1.2.2.14.02,DERECHOS DE OFICINA EJERCICIOS ANTERIORES,101969.96,2026-03-11 00:00:00,Libre Disponibilidad,Municipales
1.2.1.02,SERVICIOS ESPECIALES DE LIMPIEZA E HIGIENE,14840,2026-03-11 00:00:00,Libre Disponibilidad,Municipales
1.2.1.22,INGRESOS VARIOS,-32022041.62,2026-03-11 00:00:00,Libre Disponibilidad,Municipales
1.2.1.01.01,TASA SERVICIOS GENERALES MUNICIPALES - EJERCICIO-,372762904.4,2026-03-12 00:00:00,Libre Disponibilidad,Municipales
1.6.2.01.02,INTERESES POR COLOCACIONES FINANCIERAS,126266227.1,2026-03-12 00:00:00,Libre Disponibilidad,Municipales
1.2.1.05.01,INSPECCIÓN DE SEGURIDAD E HIGIENE -EJERCICIO-,110942705,2026-03-12 00:00:00,Libre Disponibilidad,Municipales
1.2.6.01.02,MULTAS POR CONTRAVENCIONES EJERCICIOS ANTERIORES,40889623.37,2026-03-12 00:00:00,Libre Disponibilidad,Municipales
1.2.1.01.02,TASA SERVICIOS GENERALES MUNICIPALES -ANTERIORES-,21693358.15,2026-03-12 00:00:00,Libre Disponibilidad,Municipales
1.2.2.14.01,DERECHOS DE OFICINA DEL EJERCICIO,18754452,2026-03-12 00:00:00,Libre Disponibilidad,Municipales
1.1.9.05.02,IMPUESTO AUTOMOTOR LEY 13.010 - ANTERIORES-,9516177.62,2026-03-12 00:00:00,Libre Disponibilidad,Municipales
1.2.6.08.02,MULTAS POR CONTRAVENCIONES (EJERC.ANTERIORES,7555075,2026-03-12 00:00:00,Libre Disponibilidad,Municipales
1.2.2.11.01,DERECHOS DE CONSTRUCCION,7383587.83,2026-03-12 00:00:00,Libre Disponibilidad,Municipales
1.2.6.01.01,MULTAS POR CONTRAVENCIONES DEL EJERCICIO,4576692.62,2026-03-12 00:00:00,Libre Disponibilidad,Municipales
1.2.6.02.02,INFRACCION A LAS OBLIGACIONES EJERCICIO ANTERIORES,4056225.15,2026-03-12 00:00:00,Libre Disponibilidad,Municipales
1.2.2.05.01,OCUPACION Y USO DE ESPACIOS PUBLICOS DEL EJERCICIO,2760759.7,2026-03-12 00:00:00,Libre Disponibilidad,Municipales
1.2.2.08.01,CEMENTERIO EJERCICIO,2129460,2026-03-12 00:00:00,Libre Disponibilidad,Municipales
1.2.1.05.02,INSPECCIÓN DE SEGURIDAD E HIGIENE -ANTERIORES-,1906281.14,2026-03-12 00:00:00,Libre Disponibilidad,Municipales
1.2.2.03.01,PUBLICIDAD Y PROPAGANDA -EJERCICIO-,1151787.23,2026-03-12 00:00:00,Libre Disponibilidad,Municipales
1.2.6.02.01,INFRACCION A LAS OBLIGACIONES EJERCICIO,803831.19,2026-03-12 00:00:00,Libre Disponibilidad,Municipales
1.2.2.14.04,ALTAS Y/O BAJAS IMPOSIT.DE AUTOMOTORES,763200,2026-03-12 00:00:00,Libre Disponibilidad,Municipales
1.2.1.14,TASA POR SERVICIOS VARIOS EJERCICIO,633535,2026-03-12 00:00:00,Libre Disponibilidad,Municipales
1.1.9.08.01,PATENTE DE MOTOVEHICULOS DEL EJERCICIO,538834.36,2026-03-12 00:00:00,Libre Disponibilidad,Municipales
1.2.2.14.05,ALTAS Y/O BAJAS IMPOSIT.DE MOTOVEHICULOS,514080,2026-03-12 00:00:00,Libre Disponibilidad,Municipales
1.2.2.08.02,CEMENTERIO EJERCICIOS ANTERIORES,423274,2026-03-12 00:00:00,Libre Disponibilidad,Municipales
1.1.9.05.01,IMPUESTO AUTOMOTOR LEY 13.010 -EJERCICIO-,186903.83,2026-03-12 00:00:00,Libre Disponibilidad,Municipales
1.2.2.05.02,OCUPACION Y USO DE ESPACIOS PUBLICOS DE EJERCICOS ANTERIORES,151966.88,2026-03-12 00:00:00,Libre Disponibilidad,Municipales
1.2.2.03.02,PUBLICIDAD Y PROPAGANDA -ANTERIORES-,119447.99,2026-03-12 00:00:00,Libre Disponibilidad,Municipales
1.2.2.14.02,DERECHOS DE OFICINA EJERCICIOS ANTERIORES,56970.11,2026-03-12 00:00:00,Libre Disponibilidad,Municipales
1.2.1.21,TASAS POR SERV.VARIOS EJERCICIO ANTERIOR,34627.96,2026-03-12 00:00:00,Libre Disponibilidad,Municipales
2.1.2.01,CONTRIBUCIONES POR MEJORAS DEL EJERCICIO,21200,2026-03-12 00:00:00,Libre Disponibilidad,Municipales
1.1.9.01,PARTICIPACION EDESUR,884286699.5,2026-03-13 00:00:00,Libre Disponibilidad,Municipales
1.2.1.01.01,TASA SERVICIOS GENERALES MUNICIPALES - EJERCICIO-,221612456.8,2026-03-13 00:00:00,Libre Disponibilidad,Municipales
1.2.1.01.03,TASA DE ALUMBRADO GENERALES FACTURADO POR EDESUR,210754437.6,2026-03-13 00:00:00,Libre Disponibilidad,Municipales
1.2.1.05.01,INSPECCIÓN DE SEGURIDAD E HIGIENE -EJERCICIO-,152636933.8,2026-03-13 00:00:00,Libre Disponibilidad,Municipales
1.6.2.01.02,INTERESES POR COLOCACIONES FINANCIERAS,53188125.35,2026-03-13 00:00:00,Libre Disponibilidad,Municipales
1.2.6.01.02,MULTAS POR CONTRAVENCIONES EJERCICIOS ANTERIORES,44482604.03,2026-03-13 00:00:00,Libre Disponibilidad,Municipales
1.2.1.01.02,TASA SERVICIOS GENERALES MUNICIPALES -ANTERIORES-,23271818.64,2026-03-13 00:00:00,Libre Disponibilidad,Municipales
1.2.2.14.01,DERECHOS DE OFICINA DEL EJERCICIO,13868314,2026-03-13 00:00:00,Libre Disponibilidad,Municipales
1.1.9.05.02,IMPUESTO AUTOMOTOR LEY 13.010 - ANTERIORES-,7836259.9,2026-03-13 00:00:00,Libre Disponibilidad,Municipales
1.2.1.05.02,INSPECCIÓN DE SEGURIDAD E HIGIENE -ANTERIORES-,7408400.33,2026-03-13 00:00:00,Libre Disponibilidad,Municipales
1.2.6.02.02,INFRACCION A LAS OBLIGACIONES EJERCICIO ANTERIORES,6880022.66,2026-03-13 00:00:00,Libre Disponibilidad,Municipales
1.2.6.01.01,MULTAS POR CONTRAVENCIONES DEL EJERCICIO,6706261.1,2026-03-13 00:00:00,Libre Disponibilidad,Municipales
1.2.6.08.02,MULTAS POR CONTRAVENCIONES (EJERC.ANTERIORES,5173475,2026-03-13 00:00:00,Libre Disponibilidad,Municipales
1.2.1.17,"LEY 11018 BINGOS, CASINOS E HIPODROMOS",4295280,2026-03-13 00:00:00,Libre Disponibilidad,Municipales
1.2.2.03.01,PUBLICIDAD Y PROPAGANDA -EJERCICIO-,3387116.58,2026-03-13 00:00:00,Libre Disponibilidad,Municipales
1.2.1.14,TASA POR SERVICIOS VARIOS EJERCICIO,2211613,2026-03-13 00:00:00,Libre Disponibilidad,Municipales
1.2.2.08.01,CEMENTERIO EJERCICIO,2062550,2026-03-13 00:00:00,Libre Disponibilidad,Municipales
1.2.2.05.01,OCUPACION Y USO DE ESPACIOS PUBLICOS DEL EJERCICIO,1520778.77,2026-03-13 00:00:00,Libre Disponibilidad,Municipales
1.2.2.11.01,DERECHOS DE CONSTRUCCION,1170028.26,2026-03-13 00:00:00,Libre Disponibilidad,Municipales
1.2.6.02.01,INFRACCION A LAS OBLIGACIONES EJERCICIO,972884.44,2026-03-13 00:00:00,Libre Disponibilidad,Municipales
1.1.9.08.01,PATENTE DE MOTOVEHICULOS DEL EJERCICIO,850360.3,2026-03-13 00:00:00,Libre Disponibilidad,Municipales
1.2.2.14.04,ALTAS Y/O BAJAS IMPOSIT.DE AUTOMOTORES,693540,2026-03-13 00:00:00,Libre Disponibilidad,Municipales
1.2.2.03.02,PUBLICIDAD Y PROPAGANDA -ANTERIORES-,581936.93,2026-03-13 00:00:00,Libre Disponibilidad,Municipales
1.2.2.14.05,ALTAS Y/O BAJAS IMPOSIT.DE MOTOVEHICULOS,475920,2026-03-13 00:00:00,Libre Disponibilidad,Municipales
1.2.2.08.02,CEMENTERIO EJERCICIOS ANTERIORES,422190,2026-03-13 00:00:00,Libre Disponibilidad,Municipales
1.1.9.05.01,IMPUESTO AUTOMOTOR LEY 13.010 -EJERCICIO-,374070.91,2026-03-13 00:00:00,Libre Disponibilidad,Municipales
1.2.1.04,HABILITACIÓN DE COMERCIOS E INDUSTRIAS,345560,2026-03-13 00:00:00,Libre Disponibilidad,Municipales
1.2.1.21,TASAS POR SERV.VARIOS EJERCICIO ANTERIOR,239481.78,2026-03-13 00:00:00,Libre Disponibilidad,Municipales
1.2.2.05.02,OCUPACION Y USO DE ESPACIOS PUBLICOS DE EJERCICOS ANTERIORES,175713.85,2026-03-13 00:00:00,Libre Disponibilidad,Municipales
1.2.2.14.02,DERECHOS DE OFICINA EJERCICIOS ANTERIORES,140793.17,2026-03-13 00:00:00,Libre Disponibilidad,Municipales
1.2.1.05.01,INSPECCIÓN DE SEGURIDAD E HIGIENE -EJERCICIO-,210308828.3,2026-03-16 00:00:00,Libre Disponibilidad,Municipales
1.2.1.01.01,TASA SERVICIOS GENERALES MUNICIPALES - EJERCICIO-,153227401.7,2026-03-16 00:00:00,Libre Disponibilidad,Municipales
1.2.6.01.02,MULTAS POR CONTRAVENCIONES EJERCICIOS ANTERIORES,38587256.17,2026-03-16 00:00:00,Libre Disponibilidad,Municipales
1.2.1.01.02,TASA SERVICIOS GENERALES MUNICIPALES -ANTERIORES-,24477514.43,2026-03-16 00:00:00,Libre Disponibilidad,Municipales
1.2.1.05.02,INSPECCIÓN DE SEGURIDAD E HIGIENE -ANTERIORES-,15210231.84,2026-03-16 00:00:00,Libre Disponibilidad,Municipales
1.2.2.14.01,DERECHOS DE OFICINA DEL EJERCICIO,15033754,2026-03-16 00:00:00,Libre Disponibilidad,Municipales
1.2.6.02.02,INFRACCION A LAS OBLIGACIONES EJERCICIO ANTERIORES,10965270.11,2026-03-16 00:00:00,Libre Disponibilidad,Municipales
1.1.9.05.02,IMPUESTO AUTOMOTOR LEY 13.010 - ANTERIORES-,9697236.68,2026-03-16 00:00:00,Libre Disponibilidad,Municipales
1.2.6.08.02,MULTAS POR CONTRAVENCIONES (EJERC.ANTERIORES,9449825,2026-03-16 00:00:00,Libre Disponibilidad,Municipales
1.2.6.01.01,MULTAS POR CONTRAVENCIONES DEL EJERCICIO,6274935.08,2026-03-16 00:00:00,Libre Disponibilidad,Municipales
1.2.2.11.01,DERECHOS DE CONSTRUCCION,4264286,2026-03-16 00:00:00,Libre Disponibilidad,Municipales
1.2.2.08.01,CEMENTERIO EJERCICIO,3639300,2026-03-16 00:00:00,Libre Disponibilidad,Municipales
1.2.1.14,TASA POR SERVICIOS VARIOS EJERCICIO,3033070,2026-03-16 00:00:00,Libre Disponibilidad,Municipales
1.2.2.03.01,PUBLICIDAD Y PROPAGANDA -EJERCICIO-,2886859.49,2026-03-16 00:00:00,Libre Disponibilidad,Municipales
1.2.2.03.02,PUBLICIDAD Y PROPAGANDA -ANTERIORES-,1328201.84,2026-03-16 00:00:00,Libre Disponibilidad,Municipales
1.2.2.05.01,OCUPACION Y USO DE ESPACIOS PUBLICOS DEL EJERCICIO,1147926.4,2026-03-16 00:00:00,Libre Disponibilidad,Municipales
1.2.2.08.02,CEMENTERIO EJERCICIOS ANTERIORES,933040,2026-03-16 00:00:00,Libre Disponibilidad,Municipales
1.2.2.14.04,ALTAS Y/O BAJAS IMPOSIT.DE AUTOMOTORES,821040,2026-03-16 00:00:00,Libre Disponibilidad,Municipales
1.2.6.02.01,INFRACCION A LAS OBLIGACIONES EJERCICIO,800660.59,2026-03-16 00:00:00,Libre Disponibilidad,Municipales
1.2.2.05.02,OCUPACION Y USO DE ESPACIOS PUBLICOS DE EJERCICOS ANTERIORES,470469,2026-03-16 00:00:00,Libre Disponibilidad,Municipales
1.1.9.08.01,PATENTE DE MOTOVEHICULOS DEL EJERCICIO,400424.46,2026-03-16 00:00:00,Libre Disponibilidad,Municipales
1.1.9.05.01,IMPUESTO AUTOMOTOR LEY 13.010 -EJERCICIO-,187386.21,2026-03-16 00:00:00,Libre Disponibilidad,Municipales
1.2.2.14.05,ALTAS Y/O BAJAS IMPOSIT.DE MOTOVEHICULOS,187056.01,2026-03-16 00:00:00,Libre Disponibilidad,Municipales
1.2.1.21,TASAS POR SERV.VARIOS EJERCICIO ANTERIOR,170504.09,2026-03-16 00:00:00,Libre Disponibilidad,Municipales
1.2.2.14.02,DERECHOS DE OFICINA EJERCICIOS ANTERIORES,121751.87,2026-03-16 00:00:00,Libre Disponibilidad,Municipales
1.2.1.04,HABILITACIÓN DE COMERCIOS E INDUSTRIAS,91160,2026-03-16 00:00:00,Libre Disponibilidad,Municipales
2.1.2.01,CONTRIBUCIONES POR MEJORAS DEL EJERCICIO,42400,2026-03-16 00:00:00,Libre Disponibilidad,Municipales
1.2.1.02,SERVICIOS ESPECIALES DE LIMPIEZA E HIGIENE,29680,2026-03-16 00:00:00,Libre Disponibilidad,Municipales
1.2.2.17.01,DERECHO POR OFICIO JUDICIAL DEL EJERCICIO,21200,2026-03-16 00:00:00,Libre Disponibilidad,Municipales
1.2.1.05.01,INSPECCIÓN DE SEGURIDAD E HIGIENE -EJERCICIO-,761330077.5,2026-03-17 00:00:00,Libre Disponibilidad,Municipales
1.2.1.01.01,TASA SERVICIOS GENERALES MUNICIPALES - EJERCICIO-,231870097.4,2026-03-17 00:00:00,Libre Disponibilidad,Municipales
1.2.6.01.02,MULTAS POR CONTRAVENCIONES EJERCICIOS ANTERIORES,34517007.18,2026-03-17 00:00:00,Libre Disponibilidad,Municipales
1.2.6.06,CONVENIO A.C.A.R.A.,27179862.63,2026-03-17 00:00:00,Libre Disponibilidad,Municipales
1.2.1.01.02,TASA SERVICIOS GENERALES MUNICIPALES -ANTERIORES-,21900466.87,2026-03-17 00:00:00,Libre Disponibilidad,Municipales
1.2.6.02.01,INFRACCION A LAS OBLIGACIONES EJERCICIO,14017237.66,2026-03-17 00:00:00,Libre Disponibilidad,Municipales
1.2.2.14.01,DERECHOS DE OFICINA DEL EJERCICIO,13867463.04,2026-03-17 00:00:00,Libre Disponibilidad,Municipales
1.2.6.08.02,MULTAS POR CONTRAVENCIONES (EJERC.ANTERIORES,11008575,2026-03-17 00:00:00,Libre Disponibilidad,Municipales
1.2.1.05.02,INSPECCIÓN DE SEGURIDAD E HIGIENE -ANTERIORES-,10211941.29,2026-03-17 00:00:00,Libre Disponibilidad,Municipales
1.2.1.14,TASA POR SERVICIOS VARIOS EJERCICIO,8035550,2026-03-17 00:00:00,Libre Disponibilidad,Municipales
1.2.6.02.02,INFRACCION A LAS OBLIGACIONES EJERCICIO ANTERIORES,7389602.51,2026-03-17 00:00:00,Libre Disponibilidad,Municipales
1.1.9.05.02,IMPUESTO AUTOMOTOR LEY 13.010 - ANTERIORES-,5459150.44,2026-03-17 00:00:00,Libre Disponibilidad,Municipales
1.2.2.03.01,PUBLICIDAD Y PROPAGANDA -EJERCICIO-,4553708.54,2026-03-17 00:00:00,Libre Disponibilidad,Municipales
1.2.6.01.01,MULTAS POR CONTRAVENCIONES DEL EJERCICIO,3668307.5,2026-03-17 00:00:00,Libre Disponibilidad,Municipales
1.2.1.21,TASAS POR SERV.VARIOS EJERCICIO ANTERIOR,3530978.72,2026-03-17 00:00:00,Libre Disponibilidad,Municipales
1.2.2.05.01,OCUPACION Y USO DE ESPACIOS PUBLICOS DEL EJERCICIO,2159009.2,2026-03-17 00:00:00,Libre Disponibilidad,Municipales
1.2.2.08.01,CEMENTERIO EJERCICIO,2141800,2026-03-17 00:00:00,Libre Disponibilidad,Municipales
1.2.2.11.01,DERECHOS DE CONSTRUCCION,716396.29,2026-03-17 00:00:00,Libre Disponibilidad,Municipales
1.1.9.08.01,PATENTE DE MOTOVEHICULOS DEL EJERCICIO,566107.51,2026-03-17 00:00:00,Libre Disponibilidad,Municipales
1.2.2.05.02,OCUPACION Y USO DE ESPACIOS PUBLICOS DE EJERCICOS ANTERIORES,532273.12,2026-03-17 00:00:00,Libre Disponibilidad,Municipales
1.2.2.14.04,ALTAS Y/O BAJAS IMPOSIT.DE AUTOMOTORES,529400,2026-03-17 00:00:00,Libre Disponibilidad,Municipales
1.2.2.14.05,ALTAS Y/O BAJAS IMPOSIT.DE MOTOVEHICULOS,438840,2026-03-17 00:00:00,Libre Disponibilidad,Municipales
1.2.2.08.02,CEMENTERIO EJERCICIOS ANTERIORES,289316,2026-03-17 00:00:00,Libre Disponibilidad,Municipales
1.1.9.05.01,IMPUESTO AUTOMOTOR LEY 13.010 -EJERCICIO-,281997.35,2026-03-17 00:00:00,Libre Disponibilidad,Municipales
1.2.2.14.02,DERECHOS DE OFICINA EJERCICIOS ANTERIORES,142561,2026-03-17 00:00:00,Libre Disponibilidad,Municipales
1.2.2.03.02,PUBLICIDAD Y PROPAGANDA -ANTERIORES-,49400.98,2026-03-17 00:00:00,Libre Disponibilidad,Municipales
1.2.2.17.01,DERECHO POR OFICIO JUDICIAL DEL EJERCICIO,21200,2026-03-17 00:00:00,Libre Disponibilidad,Municipales
1.2.1.02,SERVICIOS ESPECIALES DE LIMPIEZA E HIGIENE,14840,2026-03-17 00:00:00,Libre Disponibilidad,Municipales
1.2.1.05.01,INSPECCIÓN DE SEGURIDAD E HIGIENE -EJERCICIO-,352941264.8,2026-03-18 00:00:00,Libre Disponibilidad,Municipales
1.2.1.01.01,TASA SERVICIOS GENERALES MUNICIPALES - EJERCICIO-,111889615.5,2026-03-18 00:00:00,Libre Disponibilidad,Municipales
1.2.6.01.02,MULTAS POR CONTRAVENCIONES EJERCICIOS ANTERIORES,32436068.66,2026-03-18 00:00:00,Libre Disponibilidad,Municipales
1.2.2.14.01,DERECHOS DE OFICINA DEL EJERCICIO,18518328,2026-03-18 00:00:00,Libre Disponibilidad,Municipales
1.2.1.01.02,TASA SERVICIOS GENERALES MUNICIPALES -ANTERIORES-,17696971.6,2026-03-18 00:00:00,Libre Disponibilidad,Municipales
1.2.1.14,TASA POR SERVICIOS VARIOS EJERCICIO,7969358,2026-03-18 00:00:00,Libre Disponibilidad,Municipales
1.1.9.05.02,IMPUESTO AUTOMOTOR LEY 13.010 - ANTERIORES-,7645459.81,2026-03-18 00:00:00,Libre Disponibilidad,Municipales
1.2.1.05.02,INSPECCIÓN DE SEGURIDAD E HIGIENE -ANTERIORES-,7049965.57,2026-03-18 00:00:00,Libre Disponibilidad,Municipales
1.2.6.08.02,MULTAS POR CONTRAVENCIONES (EJERC.ANTERIORES,6777800,2026-03-18 00:00:00,Libre Disponibilidad,Municipales
1.2.6.02.02,INFRACCION A LAS OBLIGACIONES EJERCICIO ANTERIORES,6706668.21,2026-03-18 00:00:00,Libre Disponibilidad,Municipales
1.2.6.01.01,MULTAS POR CONTRAVENCIONES DEL EJERCICIO,6659700.04,2026-03-18 00:00:00,Libre Disponibilidad,Municipales
1.2.2.03.01,PUBLICIDAD Y PROPAGANDA -EJERCICIO-,4230217.25,2026-03-18 00:00:00,Libre Disponibilidad,Municipales
1.2.2.05.01,OCUPACION Y USO DE ESPACIOS PUBLICOS DEL EJERCICIO,3758196.6,2026-03-18 00:00:00,Libre Disponibilidad,Municipales
1.2.2.08.01,CEMENTERIO EJERCICIO,2177840,2026-03-18 00:00:00,Libre Disponibilidad,Municipales
1.2.2.11.01,DERECHOS DE CONSTRUCCION,1555627.93,2026-03-18 00:00:00,Libre Disponibilidad,Municipales
1.2.6.02.01,INFRACCION A LAS OBLIGACIONES EJERCICIO,904741.7,2026-03-18 00:00:00,Libre Disponibilidad,Municipales
1.2.2.14.04,ALTAS Y/O BAJAS IMPOSIT.DE AUTOMOTORES,883960,2026-03-18 00:00:00,Libre Disponibilidad,Municipales
1.2.2.08.02,CEMENTERIO EJERCICIOS ANTERIORES,749932,2026-03-18 00:00:00,Libre Disponibilidad,Municipales
1.1.9.08.01,PATENTE DE MOTOVEHICULOS DEL EJERCICIO,601084.42,2026-03-18 00:00:00,Libre Disponibilidad,Municipales
1.2.2.14.05,ALTAS Y/O BAJAS IMPOSIT.DE MOTOVEHICULOS,572400,2026-03-18 00:00:00,Libre Disponibilidad,Municipales
1.2.2.05.02,OCUPACION Y USO DE ESPACIOS PUBLICOS DE EJERCICOS ANTERIORES,559137.81,2026-03-18 00:00:00,Libre Disponibilidad,Municipales
1.2.1.04,HABILITACIÓN DE COMERCIOS E INDUSTRIAS,530000,2026-03-18 00:00:00,Libre Disponibilidad,Municipales
1.2.1.21,TASAS POR SERV.VARIOS EJERCICIO ANTERIOR,512818.45,2026-03-18 00:00:00,Libre Disponibilidad,Municipales
1.1.9.05.01,IMPUESTO AUTOMOTOR LEY 13.010 -EJERCICIO-,238737.85,2026-03-18 00:00:00,Libre Disponibilidad,Municipales
1.2.2.14.02,DERECHOS DE OFICINA EJERCICIOS ANTERIORES,95199.24,2026-03-18 00:00:00,Libre Disponibilidad,Municipales
1.2.2.03.02,PUBLICIDAD Y PROPAGANDA -ANTERIORES-,47883.06,2026-03-18 00:00:00,Libre Disponibilidad,Municipales
1.2.2.17.01,DERECHO POR OFICIO JUDICIAL DEL EJERCICIO,42400,2026-03-18 00:00:00,Libre Disponibilidad,Municipales
2.1.2.01,CONTRIBUCIONES POR MEJORAS DEL EJERCICIO,42400,2026-03-18 00:00:00,Libre Disponibilidad,Municipales
1.2.1.05.01,INSPECCIÓN DE SEGURIDAD E HIGIENE -EJERCICIO-,808242489.3,2026-03-19 00:00:00,Libre Disponibilidad,Municipales
1.2.1.01.01,TASA SERVICIOS GENERALES MUNICIPALES - EJERCICIO-,194980705.1,2026-03-19 00:00:00,Libre Disponibilidad,Municipales
1.2.1.14,TASA POR SERVICIOS VARIOS EJERCICIO,47633217,2026-03-19 00:00:00,Libre Disponibilidad,Municipales
1.2.6.01.02,MULTAS POR CONTRAVENCIONES EJERCICIOS ANTERIORES,41373240.73,2026-03-19 00:00:00,Libre Disponibilidad,Municipales
1.2.1.01.02,TASA SERVICIOS GENERALES MUNICIPALES -ANTERIORES-,21668003.92,2026-03-19 00:00:00,Libre Disponibilidad,Municipales
1.2.2.14.01,DERECHOS DE OFICINA DEL EJERCICIO,21409816,2026-03-19 00:00:00,Libre Disponibilidad,Municipales
1.2.1.05.02,INSPECCIÓN DE SEGURIDAD E HIGIENE -ANTERIORES-,10120398.02,2026-03-19 00:00:00,Libre Disponibilidad,Municipales
1.1.9.05.02,IMPUESTO AUTOMOTOR LEY 13.010 - ANTERIORES-,9821264.43,2026-03-19 00:00:00,Libre Disponibilidad,Municipales
1.2.6.08.02,MULTAS POR CONTRAVENCIONES (EJERC.ANTERIORES,9372975,2026-03-19 00:00:00,Libre Disponibilidad,Municipales
1.2.6.02.02,INFRACCION A LAS OBLIGACIONES EJERCICIO ANTERIORES,5732097.91,2026-03-19 00:00:00,Libre Disponibilidad,Municipales
1.2.1.21,TASAS POR SERV.VARIOS EJERCICIO ANTERIOR,5072590.23,2026-03-19 00:00:00,Libre Disponibilidad,Municipales
1.2.2.03.01,PUBLICIDAD Y PROPAGANDA -EJERCICIO-,4888326.66,2026-03-19 00:00:00,Libre Disponibilidad,Municipales
1.2.6.01.01,MULTAS POR CONTRAVENCIONES DEL EJERCICIO,4685375.1,2026-03-19 00:00:00,Libre Disponibilidad,Municipales
1.2.2.05.01,OCUPACION Y USO DE ESPACIOS PUBLICOS DEL EJERCICIO,2654993.4,2026-03-19 00:00:00,Libre Disponibilidad,Municipales
1.2.2.08.01,CEMENTERIO EJERCICIO,2607810,2026-03-19 00:00:00,Libre Disponibilidad,Municipales
1.2.6.02.01,INFRACCION A LAS OBLIGACIONES EJERCICIO,1362949.47,2026-03-19 00:00:00,Libre Disponibilidad,Municipales
1.2.1.26,CANON DAKOTA,1021899.3,2026-03-19 00:00:00,Libre Disponibilidad,Municipales
1.2.2.14.04,ALTAS Y/O BAJAS IMPOSIT.DE AUTOMOTORES,740800,2026-03-19 00:00:00,Libre Disponibilidad,Municipales
1.2.2.05.02,OCUPACION Y USO DE ESPACIOS PUBLICOS DE EJERCICOS ANTERIORES,588752.16,2026-03-19 00:00:00,Libre Disponibilidad,Municipales
1.1.9.08.01,PATENTE DE MOTOVEHICULOS DEL EJERCICIO,523877.59,2026-03-19 00:00:00,Libre Disponibilidad,Municipales
1.2.2.08.02,CEMENTERIO EJERCICIOS ANTERIORES,419701,2026-03-19 00:00:00,Libre Disponibilidad,Municipales
1.2.1.04,HABILITACIÓN DE COMERCIOS E INDUSTRIAS,397500,2026-03-19 00:00:00,Libre Disponibilidad,Municipales
1.2.2.14.05,ALTAS Y/O BAJAS IMPOSIT.DE MOTOVEHICULOS,323820,2026-03-19 00:00:00,Libre Disponibilidad,Municipales
1.2.2.03.02,PUBLICIDAD Y PROPAGANDA -ANTERIORES-,264790.28,2026-03-19 00:00:00,Libre Disponibilidad,Municipales
1.2.6.08.01,MULTAS POR CONTRAVENCIONES (EJERCICIO),189600,2026-03-19 00:00:00,Libre Disponibilidad,Municipales
1.2.2.11.01,DERECHOS DE CONSTRUCCION,180200,2026-03-19 00:00:00,Libre Disponibilidad,Municipales
1.2.2.14.02,DERECHOS DE OFICINA EJERCICIOS ANTERIORES,152640.32,2026-03-19 00:00:00,Libre Disponibilidad,Municipales
1.1.9.05.01,IMPUESTO AUTOMOTOR LEY 13.010 -EJERCICIO-,127470.42,2026-03-19 00:00:00,Libre Disponibilidad,Municipales
1.2.1.02,SERVICIOS ESPECIALES DE LIMPIEZA E HIGIENE,14840,2026-03-19 00:00:00,Libre Disponibilidad,Municipales
1.2.1.22,INGRESOS VARIOS,-1021899.3,2026-03-19 00:00:00,Libre Disponibilidad,Municipales
1.2.1.05.01,INSPECCIÓN DE SEGURIDAD E HIGIENE -EJERCICIO-,1330219455,2026-03-20 00:00:00,Libre Disponibilidad,Municipales
1.2.1.01.01,TASA SERVICIOS GENERALES MUNICIPALES - EJERCICIO-,89115917.13,2026-03-20 00:00:00,Libre Disponibilidad,Municipales
1.2.6.01.02,MULTAS POR CONTRAVENCIONES EJERCICIOS ANTERIORES,26562409.12,2026-03-20 00:00:00,Libre Disponibilidad,Municipales
1.2.1.01.02,TASA SERVICIOS GENERALES MUNICIPALES -ANTERIORES-,16833865.12,2026-03-20 00:00:00,Libre Disponibilidad,Municipales
1.2.2.14.01,DERECHOS DE OFICINA DEL EJERCICIO,12546790,2026-03-20 00:00:00,Libre Disponibilidad,Municipales
1.2.6.08.02,MULTAS POR CONTRAVENCIONES (EJERC.ANTERIORES,8607125,2026-03-20 00:00:00,Libre Disponibilidad,Municipales
1.2.2.03.01,PUBLICIDAD Y PROPAGANDA -EJERCICIO-,8258256.5,2026-03-20 00:00:00,Libre Disponibilidad,Municipales
1.1.9.05.02,IMPUESTO AUTOMOTOR LEY 13.010 - ANTERIORES-,7201447.41,2026-03-20 00:00:00,Libre Disponibilidad,Municipales
1.2.1.14,TASA POR SERVICIOS VARIOS EJERCICIO,6788901,2026-03-20 00:00:00,Libre Disponibilidad,Municipales
1.2.2.11.01,DERECHOS DE CONSTRUCCION,6638314.64,2026-03-20 00:00:00,Libre Disponibilidad,Municipales
1.2.6.02.02,INFRACCION A LAS OBLIGACIONES EJERCICIO ANTERIORES,4781443.07,2026-03-20 00:00:00,Libre Disponibilidad,Municipales
1.2.6.01.01,MULTAS POR CONTRAVENCIONES DEL EJERCICIO,4407800.04,2026-03-20 00:00:00,Libre Disponibilidad,Municipales
1.2.1.05.02,INSPECCIÓN DE SEGURIDAD E HIGIENE -ANTERIORES-,3968936.08,2026-03-20 00:00:00,Libre Disponibilidad,Municipales
1.2.2.05.01,OCUPACION Y USO DE ESPACIOS PUBLICOS DEL EJERCICIO,3959394.24,2026-03-20 00:00:00,Libre Disponibilidad,Municipales
1.2.2.08.01,CEMENTERIO EJERCICIO,2746390,2026-03-20 00:00:00,Libre Disponibilidad,Municipales
1.2.2.03.02,PUBLICIDAD Y PROPAGANDA -ANTERIORES-,1921072.93,2026-03-20 00:00:00,Libre Disponibilidad,Municipales
1.2.6.02.01,INFRACCION A LAS OBLIGACIONES EJERCICIO,1287043.12,2026-03-20 00:00:00,Libre Disponibilidad,Municipales
1.1.9.05.01,IMPUESTO AUTOMOTOR LEY 13.010 -EJERCICIO-,698417.57,2026-03-20 00:00:00,Libre Disponibilidad,Municipales
1.2.2.08.02,CEMENTERIO EJERCICIOS ANTERIORES,689404,2026-03-20 00:00:00,Libre Disponibilidad,Municipales
1.2.2.14.04,ALTAS Y/O BAJAS IMPOSIT.DE AUTOMOTORES,656600,2026-03-20 00:00:00,Libre Disponibilidad,Municipales
1.2.2.05.02,OCUPACION Y USO DE ESPACIOS PUBLICOS DE EJERCICOS ANTERIORES,603235.98,2026-03-20 00:00:00,Libre Disponibilidad,Municipales
1.2.1.21,TASAS POR SERV.VARIOS EJERCICIO ANTERIOR,474700.14,2026-03-20 00:00:00,Libre Disponibilidad,Municipales
1.2.1.04,HABILITACIÓN DE COMERCIOS E INDUSTRIAS,455800,2026-03-20 00:00:00,Libre Disponibilidad,Municipales
1.1.9.08.01,PATENTE DE MOTOVEHICULOS DEL EJERCICIO,444842.96,2026-03-20 00:00:00,Libre Disponibilidad,Municipales
1.2.2.14.05,ALTAS Y/O BAJAS IMPOSIT.DE MOTOVEHICULOS,362520,2026-03-20 00:00:00,Libre Disponibilidad,Municipales
1.2.2.14.02,DERECHOS DE OFICINA EJERCICIOS ANTERIORES,96741.2,2026-03-20 00:00:00,Libre Disponibilidad,Municipales
1.2.1.02,SERVICIOS ESPECIALES DE LIMPIEZA E HIGIENE,14840,2026-03-20 00:00:00,Libre Disponibilidad,Municipales
1.2.1.05.01,INSPECCIÓN DE SEGURIDAD E HIGIENE -EJERCICIO-,2358220365,2026-03-25 00:00:00,Libre Disponibilidad,Municipales
1.2.2.05.01,OCUPACION Y USO DE ESPACIOS PUBLICOS DEL EJERCICIO,76403773,2026-03-25 00:00:00,Libre Disponibilidad,Municipales
1.2.1.14,TASA POR SERVICIOS VARIOS EJERCICIO,51725188,2026-03-25 00:00:00,Libre Disponibilidad,Municipales
1.2.1.01.01,TASA SERVICIOS GENERALES MUNICIPALES - EJERCICIO-,45140418.05,2026-03-25 00:00:00,Libre Disponibilidad,Municipales
1.2.6.01.02,MULTAS POR CONTRAVENCIONES EJERCICIOS ANTERIORES,40835033.75,2026-03-25 00:00:00,Libre Disponibilidad,Municipales
1.2.2.03.01,PUBLICIDAD Y PROPAGANDA -EJERCICIO-,17759025.63,2026-03-25 00:00:00,Libre Disponibilidad,Municipales
1.2.1.01.02,TASA SERVICIOS GENERALES MUNICIPALES -ANTERIORES-,15983208.52,2026-03-25 00:00:00,Libre Disponibilidad,Municipales
1.2.1.04,HABILITACIÓN DE COMERCIOS E INDUSTRIAS,13006200,2026-03-25 00:00:00,Libre Disponibilidad,Municipales
1.2.1.05.02,INSPECCIÓN DE SEGURIDAD E HIGIENE -ANTERIORES-,12742019.8,2026-03-25 00:00:00,Libre Disponibilidad,Municipales
1.2.6.08.02,MULTAS POR CONTRAVENCIONES (EJERC.ANTERIORES,10415225,2026-03-25 00:00:00,Libre Disponibilidad,Municipales
1.2.2.14.01,DERECHOS DE OFICINA DEL EJERCICIO,8833700,2026-03-25 00:00:00,Libre Disponibilidad,Municipales
1.2.6.02.02,INFRACCION A LAS OBLIGACIONES EJERCICIO ANTERIORES,7767719.85,2026-03-25 00:00:00,Libre Disponibilidad,Municipales
1.1.9.05.02,IMPUESTO AUTOMOTOR LEY 13.010 - ANTERIORES-,7247643.23,2026-03-25 00:00:00,Libre Disponibilidad,Municipales
1.2.6.01.01,MULTAS POR CONTRAVENCIONES DEL EJERCICIO,5941593.04,2026-03-25 00:00:00,Libre Disponibilidad,Municipales
1.2.1.21,TASAS POR SERV.VARIOS EJERCICIO ANTERIOR,5399773.35,2026-03-25 00:00:00,Libre Disponibilidad,Municipales
1.2.2.11.01,DERECHOS DE CONSTRUCCION,4074212.58,2026-03-25 00:00:00,Libre Disponibilidad,Municipales
1.2.2.05.02,OCUPACION Y USO DE ESPACIOS PUBLICOS DE EJERCICOS ANTERIORES,1490096.76,2026-03-25 00:00:00,Libre Disponibilidad,Municipales
1.2.6.02.01,INFRACCION A LAS OBLIGACIONES EJERCICIO,1449674.03,2026-03-25 00:00:00,Libre Disponibilidad,Municipales
1.2.2.08.01,CEMENTERIO EJERCICIO,1077990,2026-03-25 00:00:00,Libre Disponibilidad,Municipales
1.1.9.08.01,PATENTE DE MOTOVEHICULOS DEL EJERCICIO,708290.73,2026-03-25 00:00:00,Libre Disponibilidad,Municipales
1.2.2.14.04,ALTAS Y/O BAJAS IMPOSIT.DE AUTOMOTORES,423400,2026-03-25 00:00:00,Libre Disponibilidad,Municipales
1.2.2.14.05,ALTAS Y/O BAJAS IMPOSIT.DE MOTOVEHICULOS,320778,2026-03-25 00:00:00,Libre Disponibilidad,Municipales
1.2.2.08.02,CEMENTERIO EJERCICIOS ANTERIORES,264801,2026-03-25 00:00:00,Libre Disponibilidad,Municipales
1.2.2.14.02,DERECHOS DE OFICINA EJERCICIOS ANTERIORES,161100.01,2026-03-25 00:00:00,Libre Disponibilidad,Municipales
1.1.9.05.01,IMPUESTO AUTOMOTOR LEY 13.010 -EJERCICIO-,134157,2026-03-25 00:00:00,Libre Disponibilidad,Municipales
1.2.2.03.02,PUBLICIDAD Y PROPAGANDA -ANTERIORES-,83590.81,2026-03-25 00:00:00,Libre Disponibilidad,Municipales
1.2.1.02,SERVICIOS ESPECIALES DE LIMPIEZA E HIGIENE,59360,2026-03-25 00:00:00,Libre Disponibilidad,Municipales
1.2.2.17.01,DERECHO POR OFICIO JUDICIAL DEL EJERCICIO,21200,2026-03-25 00:00:00,Libre Disponibilidad,Municipales
1.2.1.01.03,TASA DE ALUMBRADO GENERALES FACTURADO POR EDESUR,1556878244,2026-03-26 00:00:00,Libre Disponibilidad,Municipales
1.2.1.05.01,INSPECCIÓN DE SEGURIDAD E HIGIENE -EJERCICIO-,406037555,2026-03-26 00:00:00,Libre Disponibilidad,Municipales
1.2.1.01.01,TASA SERVICIOS GENERALES MUNICIPALES - EJERCICIO-,107840672,2026-03-26 00:00:00,Libre Disponibilidad,Municipales
1.2.6.01.02,MULTAS POR CONTRAVENCIONES EJERCICIOS ANTERIORES,62437452.71,2026-03-26 00:00:00,Libre Disponibilidad,Municipales
1.2.2.14.01,DERECHOS DE OFICINA DEL EJERCICIO,36629729,2026-03-26 00:00:00,Libre Disponibilidad,Municipales
1.2.1.01.02,TASA SERVICIOS GENERALES MUNICIPALES -ANTERIORES-,35511595.91,2026-03-26 00:00:00,Libre Disponibilidad,Municipales
1.2.6.08.02,MULTAS POR CONTRAVENCIONES (EJERC.ANTERIORES,20829975,2026-03-26 00:00:00,Libre Disponibilidad,Municipales
1.2.2.11.01,DERECHOS DE CONSTRUCCION,18611141.36,2026-03-26 00:00:00,Libre Disponibilidad,Municipales
1.1.9.05.02,IMPUESTO AUTOMOTOR LEY 13.010 - ANTERIORES-,16245334.64,2026-03-26 00:00:00,Libre Disponibilidad,Municipales
1.2.1.05.02,INSPECCIÓN DE SEGURIDAD E HIGIENE -ANTERIORES-,12501321.17,2026-03-26 00:00:00,Libre Disponibilidad,Municipales
1.2.6.02.02,INFRACCION A LAS OBLIGACIONES EJERCICIO ANTERIORES,8617814.43,2026-03-26 00:00:00,Libre Disponibilidad,Municipales
1.2.2.05.01,OCUPACION Y USO DE ESPACIOS PUBLICOS DEL EJERCICIO,8034079,2026-03-26 00:00:00,Libre Disponibilidad,Municipales
1.2.2.03.01,PUBLICIDAD Y PROPAGANDA -EJERCICIO-,7933710.14,2026-03-26 00:00:00,Libre Disponibilidad,Municipales
1.2.1.14,TASA POR SERVICIOS VARIOS EJERCICIO,7647100,2026-03-26 00:00:00,Libre Disponibilidad,Municipales
1.2.6.01.01,MULTAS POR CONTRAVENCIONES DEL EJERCICIO,7134376.02,2026-03-26 00:00:00,Libre Disponibilidad,Municipales
1.2.2.08.01,CEMENTERIO EJERCICIO,5687490,2026-03-26 00:00:00,Libre Disponibilidad,Municipales
1.2.6.02.01,INFRACCION A LAS OBLIGACIONES EJERCICIO,2523575.49,2026-03-26 00:00:00,Libre Disponibilidad,Municipales
1.2.2.05.02,OCUPACION Y USO DE ESPACIOS PUBLICOS DE EJERCICOS ANTERIORES,1248328.19,2026-03-26 00:00:00,Libre Disponibilidad,Municipales
1.2.2.08.02,CEMENTERIO EJERCICIOS ANTERIORES,1233757,2026-03-26 00:00:00,Libre Disponibilidad,Municipales
1.2.2.14.04,ALTAS Y/O BAJAS IMPOSIT.DE AUTOMOTORES,844620,2026-03-26 00:00:00,Libre Disponibilidad,Municipales
1.2.2.14.02,DERECHOS DE OFICINA EJERCICIOS ANTERIORES,818321.15,2026-03-26 00:00:00,Libre Disponibilidad,Municipales
1.1.9.08.01,PATENTE DE MOTOVEHICULOS DEL EJERCICIO,618427.6,2026-03-26 00:00:00,Libre Disponibilidad,Municipales
1.2.1.21,TASAS POR SERV.VARIOS EJERCICIO ANTERIOR,538774.11,2026-03-26 00:00:00,Libre Disponibilidad,Municipales
1.2.1.04,HABILITACIÓN DE COMERCIOS E INDUSTRIAS,530000,2026-03-26 00:00:00,Libre Disponibilidad,Municipales
1.2.2.03.02,PUBLICIDAD Y PROPAGANDA -ANTERIORES-,483304.73,2026-03-26 00:00:00,Libre Disponibilidad,Municipales
1.2.2.14.05,ALTAS Y/O BAJAS IMPOSIT.DE MOTOVEHICULOS,381600,2026-03-26 00:00:00,Libre Disponibilidad,Municipales
1.1.9.05.01,IMPUESTO AUTOMOTOR LEY 13.010 -EJERCICIO-,338579.66,2026-03-26 00:00:00,Libre Disponibilidad,Municipales
1.2.1.02,SERVICIOS ESPECIALES DE LIMPIEZA E HIGIENE,29680,2026-03-26 00:00:00,Libre Disponibilidad,Municipales
1.2.1.05.01,INSPECCIÓN DE SEGURIDAD E HIGIENE -EJERCICIO-,137294557.6,2026-03-27 00:00:00,Libre Disponibilidad,Municipales
1.2.1.01.01,TASA SERVICIOS GENERALES MUNICIPALES - EJERCICIO-,56216691.29,2026-03-27 00:00:00,Libre Disponibilidad,Municipales
1.2.6.01.02,MULTAS POR CONTRAVENCIONES EJERCICIOS ANTERIORES,44129239.33,2026-03-27 00:00:00,Libre Disponibilidad,Municipales
1.2.1.01.02,TASA SERVICIOS GENERALES MUNICIPALES -ANTERIORES-,25796439.99,2026-03-27 00:00:00,Libre Disponibilidad,Municipales
1.2.2.14.01,DERECHOS DE OFICINA DEL EJERCICIO,23264930,2026-03-27 00:00:00,Libre Disponibilidad,Municipales
1.2.2.03.01,PUBLICIDAD Y PROPAGANDA -EJERCICIO-,18947525.91,2026-03-27 00:00:00,Libre Disponibilidad,Municipales
1.2.6.08.02,MULTAS POR CONTRAVENCIONES (EJERC.ANTERIORES,14476825,2026-03-27 00:00:00,Libre Disponibilidad,Municipales
1.1.9.05.02,IMPUESTO AUTOMOTOR LEY 13.010 - ANTERIORES-,11339416.55,2026-03-27 00:00:00,Libre Disponibilidad,Municipales
1.2.2.05.01,OCUPACION Y USO DE ESPACIOS PUBLICOS DEL EJERCICIO,10429058.96,2026-03-27 00:00:00,Libre Disponibilidad,Municipales
1.2.1.05.02,INSPECCIÓN DE SEGURIDAD E HIGIENE -ANTERIORES-,9076259.77,2026-03-27 00:00:00,Libre Disponibilidad,Municipales
1.2.6.01.01,MULTAS POR CONTRAVENCIONES DEL EJERCICIO,8596375.04,2026-03-27 00:00:00,Libre Disponibilidad,Municipales
1.2.2.11.01,DERECHOS DE CONSTRUCCION,8289501.39,2026-03-27 00:00:00,Libre Disponibilidad,Municipales
1.2.6.02.02,INFRACCION A LAS OBLIGACIONES EJERCICIO ANTERIORES,6835377.78,2026-03-27 00:00:00,Libre Disponibilidad,Municipales
1.2.1.14,TASA POR SERVICIOS VARIOS EJERCICIO,6196012.5,2026-03-27 00:00:00,Libre Disponibilidad,Municipales
1.2.2.08.01,CEMENTERIO EJERCICIO,4149710,2026-03-27 00:00:00,Libre Disponibilidad,Municipales
1.2.6.02.01,INFRACCION A LAS OBLIGACIONES EJERCICIO,2245192.32,2026-03-27 00:00:00,Libre Disponibilidad,Municipales
1.2.2.05.02,OCUPACION Y USO DE ESPACIOS PUBLICOS DE EJERCICOS ANTERIORES,1247278.88,2026-03-27 00:00:00,Libre Disponibilidad,Municipales
1.2.2.08.02,CEMENTERIO EJERCICIOS ANTERIORES,904239,2026-03-27 00:00:00,Libre Disponibilidad,Municipales
1.2.1.21,TASAS POR SERV.VARIOS EJERCICIO ANTERIOR,806895.23,2026-03-27 00:00:00,Libre Disponibilidad,Municipales
1.1.9.08.01,PATENTE DE MOTOVEHICULOS DEL EJERCICIO,694017.62,2026-03-27 00:00:00,Libre Disponibilidad,Municipales
1.2.2.14.04,ALTAS Y/O BAJAS IMPOSIT.DE AUTOMOTORES,657200,2026-03-27 00:00:00,Libre Disponibilidad,Municipales
1.2.2.14.05,ALTAS Y/O BAJAS IMPOSIT.DE MOTOVEHICULOS,324360,2026-03-27 00:00:00,Libre Disponibilidad,Municipales
1.1.9.05.01,IMPUESTO AUTOMOTOR LEY 13.010 -EJERCICIO-,163123.82,2026-03-27 00:00:00,Libre Disponibilidad,Municipales
1.2.2.03.02,PUBLICIDAD Y PROPAGANDA -ANTERIORES-,140820.9,2026-03-27 00:00:00,Libre Disponibilidad,Municipales
1.2.2.14.02,DERECHOS DE OFICINA EJERCICIOS ANTERIORES,76050.13,2026-03-27 00:00:00,Libre Disponibilidad,Municipales
1.6.2.01.02,INTERESES POR COLOCACIONES FINANCIERAS,500219139.6,2026-03-30 00:00:00,Libre Disponibilidad,Municipales
1.2.1.05.01,INSPECCIÓN DE SEGURIDAD E HIGIENE -EJERCICIO-,98134495,2026-03-30 00:00:00,Libre Disponibilidad,Municipales
1.2.6.01.02,MULTAS POR CONTRAVENCIONES EJERCICIOS ANTERIORES,46537660.32,2026-03-30 00:00:00,Libre Disponibilidad,Municipales
1.2.1.01.02,TASA SERVICIOS GENERALES MUNICIPALES -ANTERIORES-,39697920.83,2026-03-30 00:00:00,Libre Disponibilidad,Municipales
1.2.1.01.01,TASA SERVICIOS GENERALES MUNICIPALES - EJERCICIO-,32356997.15,2026-03-30 00:00:00,Libre Disponibilidad,Municipales
1.2.2.14.01,DERECHOS DE OFICINA DEL EJERCICIO,19060472,2026-03-30 00:00:00,Libre Disponibilidad,Municipales
1.2.6.01.01,MULTAS POR CONTRAVENCIONES DEL EJERCICIO,14861040.41,2026-03-30 00:00:00,Libre Disponibilidad,Municipales
1.1.9.05.02,IMPUESTO AUTOMOTOR LEY 13.010 - ANTERIORES-,14818407.99,2026-03-30 00:00:00,Libre Disponibilidad,Municipales
1.2.6.08.02,MULTAS POR CONTRAVENCIONES (EJERC.ANTERIORES,11509275,2026-03-30 00:00:00,Libre Disponibilidad,Municipales
1.2.1.05.02,INSPECCIÓN DE SEGURIDAD E HIGIENE -ANTERIORES-,9651483.36,2026-03-30 00:00:00,Libre Disponibilidad,Municipales
1.2.6.02.02,INFRACCION A LAS OBLIGACIONES EJERCICIO ANTERIORES,6345181.5,2026-03-30 00:00:00,Libre Disponibilidad,Municipales
1.2.2.05.01,OCUPACION Y USO DE ESPACIOS PUBLICOS DEL EJERCICIO,5203540.8,2026-03-30 00:00:00,Libre Disponibilidad,Municipales
1.2.2.03.01,PUBLICIDAD Y PROPAGANDA -EJERCICIO-,5047446.39,2026-03-30 00:00:00,Libre Disponibilidad,Municipales
1.2.1.14,TASA POR SERVICIOS VARIOS EJERCICIO,3009663,2026-03-30 00:00:00,Libre Disponibilidad,Municipales
1.2.2.08.01,CEMENTERIO EJERCICIO,2730170,2026-03-30 00:00:00,Libre Disponibilidad,Municipales
1.2.2.11.01,DERECHOS DE CONSTRUCCION,1866064.26,2026-03-30 00:00:00,Libre Disponibilidad,Municipales
1.2.6.02.01,INFRACCION A LAS OBLIGACIONES EJERCICIO,1483708.09,2026-03-30 00:00:00,Libre Disponibilidad,Municipales
1.2.2.05.02,OCUPACION Y USO DE ESPACIOS PUBLICOS DE EJERCICOS ANTERIORES,822797.91,2026-03-30 00:00:00,Libre Disponibilidad,Municipales
1.2.2.14.04,ALTAS Y/O BAJAS IMPOSIT.DE AUTOMOTORES,762000,2026-03-30 00:00:00,Libre Disponibilidad,Municipales
1.1.9.08.01,PATENTE DE MOTOVEHICULOS DEL EJERCICIO,575807.57,2026-03-30 00:00:00,Libre Disponibilidad,Municipales
1.2.2.08.02,CEMENTERIO EJERCICIOS ANTERIORES,418198,2026-03-30 00:00:00,Libre Disponibilidad,Municipales
1.2.2.14.05,ALTAS Y/O BAJAS IMPOSIT.DE MOTOVEHICULOS,371916.01,2026-03-30 00:00:00,Libre Disponibilidad,Municipales
1.1.9.05.01,IMPUESTO AUTOMOTOR LEY 13.010 -EJERCICIO-,327169.54,2026-03-30 00:00:00,Libre Disponibilidad,Municipales
1.2.1.21,TASAS POR SERV.VARIOS EJERCICIO ANTERIOR,238678.1,2026-03-30 00:00:00,Libre Disponibilidad,Municipales
1.2.1.04,HABILITACIÓN DE COMERCIOS E INDUSTRIAS,234260,2026-03-30 00:00:00,Libre Disponibilidad,Municipales
1.2.2.14.02,DERECHOS DE OFICINA EJERCICIOS ANTERIORES,151830.36,2026-03-30 00:00:00,Libre Disponibilidad,Municipales
1.2.2.03.02,PUBLICIDAD Y PROPAGANDA -ANTERIORES-,112334.17,2026-03-30 00:00:00,Libre Disponibilidad,Municipales
1.6.2.01.02,INTERESES POR COLOCACIONES FINANCIERAS,362174332.9,2026-03-31 00:00:00,Libre Disponibilidad,Municipales
1.2.1.01.01,TASA SERVICIOS GENERALES MUNICIPALES - EJERCICIO-,108217103.5,2026-03-31 00:00:00,Libre Disponibilidad,Municipales
1.2.1.01.02,TASA SERVICIOS GENERALES MUNICIPALES -ANTERIORES-,55821881.47,2026-03-31 00:00:00,Libre Disponibilidad,Municipales
1.2.6.01.02,MULTAS POR CONTRAVENCIONES EJERCICIOS ANTERIORES,43949373.8,2026-03-31 00:00:00,Libre Disponibilidad,Municipales
1.2.1.05.01,INSPECCIÓN DE SEGURIDAD E HIGIENE -EJERCICIO-,35994662.2,2026-03-31 00:00:00,Libre Disponibilidad,Municipales
1.2.1.05.02,INSPECCIÓN DE SEGURIDAD E HIGIENE -ANTERIORES-,22973024.6,2026-03-31 00:00:00,Libre Disponibilidad,Municipales
1.2.2.14.01,DERECHOS DE OFICINA DEL EJERCICIO,19783840,2026-03-31 00:00:00,Libre Disponibilidad,Municipales
1.1.9.05.02,IMPUESTO AUTOMOTOR LEY 13.010 - ANTERIORES-,17388824.13,2026-03-31 00:00:00,Libre Disponibilidad,Municipales
1.2.6.02.02,INFRACCION A LAS OBLIGACIONES EJERCICIO ANTERIORES,11267897.54,2026-03-31 00:00:00,Libre Disponibilidad,Municipales
1.2.6.08.02,MULTAS POR CONTRAVENCIONES (EJERC.ANTERIORES,11104575,2026-03-31 00:00:00,Libre Disponibilidad,Municipales
1.2.6.01.01,MULTAS POR CONTRAVENCIONES DEL EJERCICIO,8354426.08,2026-03-31 00:00:00,Libre Disponibilidad,Municipales
1.2.2.08.01,CEMENTERIO EJERCICIO,3410630,2026-03-31 00:00:00,Libre Disponibilidad,Municipales
1.2.2.11.01,DERECHOS DE CONSTRUCCION,2158089.63,2026-03-31 00:00:00,Libre Disponibilidad,Municipales
1.2.6.02.01,INFRACCION A LAS OBLIGACIONES EJERCICIO,1686700.17,2026-03-31 00:00:00,Libre Disponibilidad,Municipales
1.2.2.05.01,OCUPACION Y USO DE ESPACIOS PUBLICOS DEL EJERCICIO,1554308.4,2026-03-31 00:00:00,Libre Disponibilidad,Municipales
1.2.2.03.01,PUBLICIDAD Y PROPAGANDA -EJERCICIO-,1403833.55,2026-03-31 00:00:00,Libre Disponibilidad,Municipales
1.2.1.14,TASA POR SERVICIOS VARIOS EJERCICIO,1220830,2026-03-31 00:00:00,Libre Disponibilidad,Municipales
1.2.2.14.04,ALTAS Y/O BAJAS IMPOSIT.DE AUTOMOTORES,805000,2026-03-31 00:00:00,Libre Disponibilidad,Municipales
1.2.2.08.02,CEMENTERIO EJERCICIOS ANTERIORES,635061,2026-03-31 00:00:00,Libre Disponibilidad,Municipales
1.1.9.05.01,IMPUESTO AUTOMOTOR LEY 13.010 -EJERCICIO-,610395.67,2026-03-31 00:00:00,Libre Disponibilidad,Municipales
1.1.9.08.01,PATENTE DE MOTOVEHICULOS DEL EJERCICIO,502820.67,2026-03-31 00:00:00,Libre Disponibilidad,Municipales
1.2.1.04,HABILITACIÓN DE COMERCIOS E INDUSTRIAS,455800,2026-03-31 00:00:00,Libre Disponibilidad,Municipales
1.2.2.05.02,OCUPACION Y USO DE ESPACIOS PUBLICOS DE EJERCICOS ANTERIORES,354096.32,2026-03-31 00:00:00,Libre Disponibilidad,Municipales
1.2.2.14.05,ALTAS Y/O BAJAS IMPOSIT.DE MOTOVEHICULOS,305280,2026-03-31 00:00:00,Libre Disponibilidad,Municipales
1.2.2.14.02,DERECHOS DE OFICINA EJERCICIOS ANTERIORES,227710.06,2026-03-31 00:00:00,Libre Disponibilidad,Municipales
1.2.2.03.02,PUBLICIDAD Y PROPAGANDA -ANTERIORES-,193249.61,2026-03-31 00:00:00,Libre Disponibilidad,Municipales
1.2.1.21,TASAS POR SERV.VARIOS EJERCICIO ANTERIOR,95188.12,2026-03-31 00:00:00,Libre Disponibilidad,Municipales
1.2.6.01.02,MULTAS POR CONTRAVENCIONES EJERCICIOS ANTERIORES,28322427.12,2026-04-01 00:00:00,Libre Disponibilidad,Municipales
1.2.1.01.01,TASA SERVICIOS GENERALES MUNICIPALES - EJERCICIO-,25333526.65,2026-04-01 00:00:00,Libre Disponibilidad,Municipales
1.2.1.05.01,INSPECCIÓN DE SEGURIDAD E HIGIENE -EJERCICIO-,7104996.4,2026-04-01 00:00:00,Libre Disponibilidad,Municipales
1.2.2.14.01,DERECHOS DE OFICINA DEL EJERCICIO,7021090,2026-04-01 00:00:00,Libre Disponibilidad,Municipales
1.2.6.01.01,MULTAS POR CONTRAVENCIONES DEL EJERCICIO,5269650.19,2026-04-01 00:00:00,Libre Disponibilidad,Municipales
1.2.1.01.02,TASA SERVICIOS GENERALES MUNICIPALES -ANTERIORES-,4974115.42,2026-04-01 00:00:00,Libre Disponibilidad,Municipales
1.2.6.02.02,INFRACCION A LAS OBLIGACIONES EJERCICIO ANTERIORES,3890395.62,2026-04-01 00:00:00,Libre Disponibilidad,Municipales
1.2.2.11.01,DERECHOS DE CONSTRUCCION,3828018.48,2026-04-01 00:00:00,Libre Disponibilidad,Municipales
1.2.6.08.02,MULTAS POR CONTRAVENCIONES (EJERC.ANTERIORES,2464800,2026-04-01 00:00:00,Libre Disponibilidad,Municipales
1.1.9.05.02,IMPUESTO AUTOMOTOR LEY 13.010 - ANTERIORES-,2005751.99,2026-04-01 00:00:00,Libre Disponibilidad,Municipales
1.2.1.05.02,INSPECCIÓN DE SEGURIDAD E HIGIENE -ANTERIORES-,1993331.8,2026-04-01 00:00:00,Libre Disponibilidad,Municipales
1.2.1.14,TASA POR SERVICIOS VARIOS EJERCICIO,1951186,2026-04-01 00:00:00,Libre Disponibilidad,Municipales
1.2.6.02.01,INFRACCION A LAS OBLIGACIONES EJERCICIO,647566.8,2026-04-01 00:00:00,Libre Disponibilidad,Municipales
1.2.2.14.04,ALTAS Y/O BAJAS IMPOSIT.DE AUTOMOTORES,548420,2026-04-01 00:00:00,Libre Disponibilidad,Municipales
1.2.2.03.01,PUBLICIDAD Y PROPAGANDA -EJERCICIO-,235980.77,2026-04-01 00:00:00,Libre Disponibilidad,Municipales
1.1.9.08.01,PATENTE DE MOTOVEHICULOS DEL EJERCICIO,220290.05,2026-04-01 00:00:00,Libre Disponibilidad,Municipales
1.1.9.05.01,IMPUESTO AUTOMOTOR LEY 13.010 -EJERCICIO-,213801.88,2026-04-01 00:00:00,Libre Disponibilidad,Municipales
1.2.2.05.01,OCUPACION Y USO DE ESPACIOS PUBLICOS DEL EJERCICIO,207513.2,2026-04-01 00:00:00,Libre Disponibilidad,Municipales
1.2.2.14.05,ALTAS Y/O BAJAS IMPOSIT.DE MOTOVEHICULOS,171720,2026-04-01 00:00:00,Libre Disponibilidad,Municipales
1.2.2.08.01,CEMENTERIO EJERCICIO,116620,2026-04-01 00:00:00,Libre Disponibilidad,Municipales
1.2.1.21,TASAS POR SERV.VARIOS EJERCICIO ANTERIOR,113077.26,2026-04-01 00:00:00,Libre Disponibilidad,Municipales
1.2.2.08.02,CEMENTERIO EJERCICIOS ANTERIORES,103270,2026-04-01 00:00:00,Libre Disponibilidad,Municipales
1.2.2.05.02,OCUPACION Y USO DE ESPACIOS PUBLICOS DE EJERCICOS ANTERIORES,30739.4,2026-04-01 00:00:00,Libre Disponibilidad,Municipales
1.2.2.14.02,DERECHOS DE OFICINA EJERCICIOS ANTERIORES,28619.97,2026-04-01 00:00:00,Libre Disponibilidad,Municipales
1.2.2.03.02,PUBLICIDAD Y PROPAGANDA -ANTERIORES-,25636.65,2026-04-01 00:00:00,Libre Disponibilidad,Municipales
1.2.1.02,SERVICIOS ESPECIALES DE LIMPIEZA E HIGIENE,14840,2026-04-01 00:00:00,Libre Disponibilidad,Municipales
1.2.1.01.01,TASA SERVICIOS GENERALES MUNICIPALES - EJERCICIO-,70169518.42,2026-04-06 00:00:00,Libre Disponibilidad,Municipales
1.2.6.01.02,MULTAS POR CONTRAVENCIONES EJERCICIOS ANTERIORES,39868126.75,2026-04-06 00:00:00,Libre Disponibilidad,Municipales
1.2.1.01.02,TASA SERVICIOS GENERALES MUNICIPALES -ANTERIORES-,15403793.62,2026-04-06 00:00:00,Libre Disponibilidad,Municipales
1.2.1.05.01,INSPECCIÓN DE SEGURIDAD E HIGIENE -EJERCICIO-,13289044,2026-04-06 00:00:00,Libre Disponibilidad,Municipales
1.2.1.05.02,INSPECCIÓN DE SEGURIDAD E HIGIENE -ANTERIORES-,12242124.02,2026-04-06 00:00:00,Libre Disponibilidad,Municipales
1.1.9.05.02,IMPUESTO AUTOMOTOR LEY 13.010 - ANTERIORES-,9817977.73,2026-04-06 00:00:00,Libre Disponibilidad,Municipales
1.2.2.14.01,DERECHOS DE OFICINA DEL EJERCICIO,8498920.02,2026-04-06 00:00:00,Libre Disponibilidad,Municipales
1.2.6.08.02,MULTAS POR CONTRAVENCIONES (EJERC.ANTERIORES,7558800,2026-04-06 00:00:00,Libre Disponibilidad,Municipales
1.2.6.01.01,MULTAS POR CONTRAVENCIONES DEL EJERCICIO,7520600.08,2026-04-06 00:00:00,Libre Disponibilidad,Municipales
1.2.6.02.02,INFRACCION A LAS OBLIGACIONES EJERCICIO ANTERIORES,5406035.07,2026-04-06 00:00:00,Libre Disponibilidad,Municipales
1.2.2.11.01,DERECHOS DE CONSTRUCCION,2173124.57,2026-04-06 00:00:00,Libre Disponibilidad,Municipales
1.2.1.14,TASA POR SERVICIOS VARIOS EJERCICIO,1597380,2026-04-06 00:00:00,Libre Disponibilidad,Municipales
1.2.2.08.01,CEMENTERIO EJERCICIO,1258080,2026-04-06 00:00:00,Libre Disponibilidad,Municipales
1.2.6.02.01,INFRACCION A LAS OBLIGACIONES EJERCICIO,1213809.52,2026-04-06 00:00:00,Libre Disponibilidad,Municipales
1.2.2.05.01,OCUPACION Y USO DE ESPACIOS PUBLICOS DEL EJERCICIO,813773.2,2026-04-06 00:00:00,Libre Disponibilidad,Municipales
1.2.2.14.04,ALTAS Y/O BAJAS IMPOSIT.DE AUTOMOTORES,673019.98,2026-04-06 00:00:00,Libre Disponibilidad,Municipales
1.2.2.03.01,PUBLICIDAD Y PROPAGANDA -EJERCICIO-,565360.78,2026-04-06 00:00:00,Libre Disponibilidad,Municipales
1.1.9.08.01,PATENTE DE MOTOVEHICULOS DEL EJERCICIO,504254.05,2026-04-06 00:00:00,Libre Disponibilidad,Municipales
1.1.9.05.01,IMPUESTO AUTOMOTOR LEY 13.010 -EJERCICIO-,319184.75,2026-04-06 00:00:00,Libre Disponibilidad,Municipales
1.2.2.14.05,ALTAS Y/O BAJAS IMPOSIT.DE MOTOVEHICULOS,267120,2026-04-06 00:00:00,Libre Disponibilidad,Municipales
1.2.2.14.02,DERECHOS DE OFICINA EJERCICIOS ANTERIORES,196191.13,2026-04-06 00:00:00,Libre Disponibilidad,Municipales
1.2.2.08.02,CEMENTERIO EJERCICIOS ANTERIORES,126502,2026-04-06 00:00:00,Libre Disponibilidad,Municipales
1.2.2.03.02,PUBLICIDAD Y PROPAGANDA -ANTERIORES-,125216.45,2026-04-06 00:00:00,Libre Disponibilidad,Municipales
1.2.1.21,TASAS POR SERV.VARIOS EJERCICIO ANTERIOR,79151.73,2026-04-06 00:00:00,Libre Disponibilidad,Municipales
1.2.1.02,SERVICIOS ESPECIALES DE LIMPIEZA E HIGIENE,44520,2026-04-06 00:00:00,Libre Disponibilidad,Municipales
1.2.2.05.02,OCUPACION Y USO DE ESPACIOS PUBLICOS DE EJERCICOS ANTERIORES,43222.89,2026-04-06 00:00:00,Libre Disponibilidad,Municipales
1.6.2.01.02,INTERESES POR COLOCACIONES FINANCIERAS,210311244.2,2026-04-07 00:00:00,Libre Disponibilidad,Municipales
1.2.1.01.01,TASA SERVICIOS GENERALES MUNICIPALES - EJERCICIO-,102724594.4,2026-04-07 00:00:00,Libre Disponibilidad,Municipales
1.2.1.05.01,INSPECCIÓN DE SEGURIDAD E HIGIENE -EJERCICIO-,79968417.31,2026-04-07 00:00:00,Libre Disponibilidad,Municipales
1.2.6.01.02,MULTAS POR CONTRAVENCIONES EJERCICIOS ANTERIORES,35775257.86,2026-04-07 00:00:00,Libre Disponibilidad,Municipales
1.2.1.01.02,TASA SERVICIOS GENERALES MUNICIPALES -ANTERIORES-,20745040.77,2026-04-07 00:00:00,Libre Disponibilidad,Municipales
1.2.2.14.01,DERECHOS DE OFICINA DEL EJERCICIO,13758630,2026-04-07 00:00:00,Libre Disponibilidad,Municipales
1.1.9.05.02,IMPUESTO AUTOMOTOR LEY 13.010 - ANTERIORES-,9907411.9,2026-04-07 00:00:00,Libre Disponibilidad,Municipales
1.2.6.08.02,MULTAS POR CONTRAVENCIONES (EJERC.ANTERIORES,6660875,2026-04-07 00:00:00,Libre Disponibilidad,Municipales
1.2.1.05.02,INSPECCIÓN DE SEGURIDAD E HIGIENE -ANTERIORES-,6196611.7,2026-04-07 00:00:00,Libre Disponibilidad,Municipales
1.2.9.02,COMISIONES BAPRO PAGO,6046930,2026-04-07 00:00:00,Libre Disponibilidad,Municipales
1.2.6.01.01,MULTAS POR CONTRAVENCIONES DEL EJERCICIO,5490625.06,2026-04-07 00:00:00,Libre Disponibilidad,Municipales
1.2.6.02.02,INFRACCION A LAS OBLIGACIONES EJERCICIO ANTERIORES,5164665.38,2026-04-07 00:00:00,Libre Disponibilidad,Municipales
1.2.2.11.01,DERECHOS DE CONSTRUCCION,2595425.82,2026-04-07 00:00:00,Libre Disponibilidad,Municipales
1.2.6.02.01,INFRACCION A LAS OBLIGACIONES EJERCICIO,1974548.44,2026-04-07 00:00:00,Libre Disponibilidad,Municipales
1.2.2.08.01,CEMENTERIO EJERCICIO,1254440,2026-04-07 00:00:00,Libre Disponibilidad,Municipales
1.2.1.18,FONDO DE OBRAS DE INFRAESTRUCTURA ORD.7751,1170122.03,2026-04-07 00:00:00,Libre Disponibilidad,Municipales
1.2.1.14,TASA POR SERVICIOS VARIOS EJERCICIO,1092968.03,2026-04-07 00:00:00,Libre Disponibilidad,Municipales
1.2.2.03.01,PUBLICIDAD Y PROPAGANDA -EJERCICIO-,1040786.69,2026-04-07 00:00:00,Libre Disponibilidad,Municipales
1.2.2.14.04,ALTAS Y/O BAJAS IMPOSIT.DE AUTOMOTORES,644040,2026-04-07 00:00:00,Libre Disponibilidad,Municipales
1.2.2.05.01,OCUPACION Y USO DE ESPACIOS PUBLICOS DEL EJERCICIO,530782.09,2026-04-07 00:00:00,Libre Disponibilidad,Municipales
1.2.2.03.02,PUBLICIDAD Y PROPAGANDA -ANTERIORES-,463519.94,2026-04-07 00:00:00,Libre Disponibilidad,Municipales
1.2.2.08.02,CEMENTERIO EJERCICIOS ANTERIORES,455554,2026-04-07 00:00:00,Libre Disponibilidad,Municipales
1.1.9.08.01,PATENTE DE MOTOVEHICULOS DEL EJERCICIO,408712.36,2026-04-07 00:00:00,Libre Disponibilidad,Municipales
1.1.9.05.01,IMPUESTO AUTOMOTOR LEY 13.010 -EJERCICIO-,278345.88,2026-04-07 00:00:00,Libre Disponibilidad,Municipales
1.2.2.05.02,OCUPACION Y USO DE ESPACIOS PUBLICOS DE EJERCICOS ANTERIORES,253366.35,2026-04-07 00:00:00,Libre Disponibilidad,Municipales
1.2.2.14.05,ALTAS Y/O BAJAS IMPOSIT.DE MOTOVEHICULOS,230076.01,2026-04-07 00:00:00,Libre Disponibilidad,Municipales
1.2.2.14.02,DERECHOS DE OFICINA EJERCICIOS ANTERIORES,200340.61,2026-04-07 00:00:00,Libre Disponibilidad,Municipales
1.2.1.21,TASAS POR SERV.VARIOS EJERCICIO ANTERIOR,112839.18,2026-04-07 00:00:00,Libre Disponibilidad,Municipales
1.2.2.17.01,DERECHO POR OFICIO JUDICIAL DEL EJERCICIO,21200,2026-04-07 00:00:00,Libre Disponibilidad,Municipales
1.2.1.01.01,TASA SERVICIOS GENERALES MUNICIPALES - EJERCICIO-,192978645.9,2026-04-08 00:00:00,Libre Disponibilidad,Municipales
1.6.2.01.02,INTERESES POR COLOCACIONES FINANCIERAS,53681668.28,2026-04-08 00:00:00,Libre Disponibilidad,Municipales
1.2.1.01.02,TASA SERVICIOS GENERALES MUNICIPALES -ANTERIORES-,33466391.12,2026-04-08 00:00:00,Libre Disponibilidad,Municipales
1.2.6.01.02,MULTAS POR CONTRAVENCIONES EJERCICIOS ANTERIORES,31284005.54,2026-04-08 00:00:00,Libre Disponibilidad,Municipales
1.2.1.05.01,INSPECCIÓN DE SEGURIDAD E HIGIENE -EJERCICIO-,21561831.05,2026-04-08 00:00:00,Libre Disponibilidad,Municipales
1.1.9.05.02,IMPUESTO AUTOMOTOR LEY 13.010 - ANTERIORES-,14806713.85,2026-04-08 00:00:00,Libre Disponibilidad,Municipales
1.2.2.14.01,DERECHOS DE OFICINA DEL EJERCICIO,14646558.5,2026-04-08 00:00:00,Libre Disponibilidad,Municipales
1.2.2.03.01,PUBLICIDAD Y PROPAGANDA -EJERCICIO-,8825036.01,2026-04-08 00:00:00,Libre Disponibilidad,Municipales
1.2.6.01.01,MULTAS POR CONTRAVENCIONES DEL EJERCICIO,7682225.09,2026-04-08 00:00:00,Libre Disponibilidad,Municipales
1.2.6.08.02,MULTAS POR CONTRAVENCIONES (EJERC.ANTERIORES,5349525,2026-04-08 00:00:00,Libre Disponibilidad,Municipales
1.2.1.05.02,INSPECCIÓN DE SEGURIDAD E HIGIENE -ANTERIORES-,4646033.95,2026-04-08 00:00:00,Libre Disponibilidad,Municipales
1.2.6.02.02,INFRACCION A LAS OBLIGACIONES EJERCICIO ANTERIORES,4605112.44,2026-04-08 00:00:00,Libre Disponibilidad,Municipales
1.2.2.11.01,DERECHOS DE CONSTRUCCION,2878779.84,2026-04-08 00:00:00,Libre Disponibilidad,Municipales
1.2.2.08.01,CEMENTERIO EJERCICIO,1885980,2026-04-08 00:00:00,Libre Disponibilidad,Municipales
1.2.1.14,TASA POR SERVICIOS VARIOS EJERCICIO,1273241.44,2026-04-08 00:00:00,Libre Disponibilidad,Municipales
1.2.6.02.01,INFRACCION A LAS OBLIGACIONES EJERCICIO,828261.13,2026-04-08 00:00:00,Libre Disponibilidad,Municipales
1.2.2.14.04,ALTAS Y/O BAJAS IMPOSIT.DE AUTOMOTORES,638980.02,2026-04-08 00:00:00,Libre Disponibilidad,Municipales
1.1.9.08.01,PATENTE DE MOTOVEHICULOS DEL EJERCICIO,607918.86,2026-04-08 00:00:00,Libre Disponibilidad,Municipales
1.2.2.05.01,OCUPACION Y USO DE ESPACIOS PUBLICOS DEL EJERCICIO,527497.4,2026-04-08 00:00:00,Libre Disponibilidad,Municipales
1.2.1.04,HABILITACIÓN DE COMERCIOS E INDUSTRIAS,455800,2026-04-08 00:00:00,Libre Disponibilidad,Municipales
1.2.2.08.02,CEMENTERIO EJERCICIOS ANTERIORES,455406,2026-04-08 00:00:00,Libre Disponibilidad,Municipales
1.2.2.14.05,ALTAS Y/O BAJAS IMPOSIT.DE MOTOVEHICULOS,305280,2026-04-08 00:00:00,Libre Disponibilidad,Municipales
1.1.9.05.01,IMPUESTO AUTOMOTOR LEY 13.010 -EJERCICIO-,194176.69,2026-04-08 00:00:00,Libre Disponibilidad,Municipales
1.2.2.03.02,PUBLICIDAD Y PROPAGANDA -ANTERIORES-,181048.04,2026-04-08 00:00:00,Libre Disponibilidad,Municipales
1.2.2.14.02,DERECHOS DE OFICINA EJERCICIOS ANTERIORES,114777.14,2026-04-08 00:00:00,Libre Disponibilidad,Municipales
1.2.6.08.01,MULTAS POR CONTRAVENCIONES (EJERCICIO),94800,2026-04-08 00:00:00,Libre Disponibilidad,Municipales
1.2.2.05.02,OCUPACION Y USO DE ESPACIOS PUBLICOS DE EJERCICOS ANTERIORES,85029.79,2026-04-08 00:00:00,Libre Disponibilidad,Municipales
1.2.1.21,TASAS POR SERV.VARIOS EJERCICIO ANTERIOR,63980.99,2026-04-08 00:00:00,Libre Disponibilidad,Municipales
1.2.2.17.01,DERECHO POR OFICIO JUDICIAL DEL EJERCICIO,21200,2026-04-08 00:00:00,Libre Disponibilidad,Municipales
1.2.1.01.01,TASA SERVICIOS GENERALES MUNICIPALES - EJERCICIO-,342653119.6,2026-04-09 00:00:00,Libre Disponibilidad,Municipales
1.2.6.01.02,MULTAS POR CONTRAVENCIONES EJERCICIOS ANTERIORES,35509221.39,2026-04-09 00:00:00,Libre Disponibilidad,Municipales
1.2.1.01.02,TASA SERVICIOS GENERALES MUNICIPALES -ANTERIORES-,30810555.99,2026-04-09 00:00:00,Libre Disponibilidad,Municipales
1.2.1.05.01,INSPECCIÓN DE SEGURIDAD E HIGIENE -EJERCICIO-,14253964.49,2026-04-09 00:00:00,Libre Disponibilidad,Municipales
1.2.6.01.01,MULTAS POR CONTRAVENCIONES DEL EJERCICIO,12086010,2026-04-09 00:00:00,Libre Disponibilidad,Municipales
1.1.9.05.02,IMPUESTO AUTOMOTOR LEY 13.010 - ANTERIORES-,9294890.51,2026-04-09 00:00:00,Libre Disponibilidad,Municipales
1.2.2.14.01,DERECHOS DE OFICINA DEL EJERCICIO,8169414,2026-04-09 00:00:00,Libre Disponibilidad,Municipales
1.2.6.02.02,INFRACCION A LAS OBLIGACIONES EJERCICIO ANTERIORES,6318899,2026-04-09 00:00:00,Libre Disponibilidad,Municipales
1.2.1.05.02,INSPECCIÓN DE SEGURIDAD E HIGIENE -ANTERIORES-,5376927.5,2026-04-09 00:00:00,Libre Disponibilidad,Municipales
1.2.6.08.02,MULTAS POR CONTRAVENCIONES (EJERC.ANTERIORES,5159925,2026-04-09 00:00:00,Libre Disponibilidad,Municipales
1.2.2.08.01,CEMENTERIO EJERCICIO,2584490,2026-04-09 00:00:00,Libre Disponibilidad,Municipales
1.2.2.03.01,PUBLICIDAD Y PROPAGANDA -EJERCICIO-,1271419.05,2026-04-09 00:00:00,Libre Disponibilidad,Municipales
1.2.1.14,TASA POR SERVICIOS VARIOS EJERCICIO,1151477.17,2026-04-09 00:00:00,Libre Disponibilidad,Municipales
1.2.6.02.01,INFRACCION A LAS OBLIGACIONES EJERCICIO,856369.81,2026-04-09 00:00:00,Libre Disponibilidad,Municipales
1.2.1.04,HABILITACIÓN DE COMERCIOS E INDUSTRIAS,710200,2026-04-09 00:00:00,Libre Disponibilidad,Municipales
1.2.2.05.01,OCUPACION Y USO DE ESPACIOS PUBLICOS DEL EJERCICIO,692686.78,2026-04-09 00:00:00,Libre Disponibilidad,Municipales
1.1.9.08.01,PATENTE DE MOTOVEHICULOS DEL EJERCICIO,591058.08,2026-04-09 00:00:00,Libre Disponibilidad,Municipales
1.2.2.14.04,ALTAS Y/O BAJAS IMPOSIT.DE AUTOMOTORES,571200,2026-04-09 00:00:00,Libre Disponibilidad,Municipales
1.2.2.14.05,ALTAS Y/O BAJAS IMPOSIT.DE MOTOVEHICULOS,435546,2026-04-09 00:00:00,Libre Disponibilidad,Municipales
1.2.2.08.02,CEMENTERIO EJERCICIOS ANTERIORES,355875,2026-04-09 00:00:00,Libre Disponibilidad,Municipales
1.2.2.14.02,DERECHOS DE OFICINA EJERCICIOS ANTERIORES,257580.97,2026-04-09 00:00:00,Libre Disponibilidad,Municipales
1.2.2.11.01,DERECHOS DE CONSTRUCCION,200350.57,2026-04-09 00:00:00,Libre Disponibilidad,Municipales
1.2.2.03.02,PUBLICIDAD Y PROPAGANDA -ANTERIORES-,171195.16,2026-04-09 00:00:00,Libre Disponibilidad,Municipales
1.1.9.05.01,IMPUESTO AUTOMOTOR LEY 13.010 -EJERCICIO-,147187.36,2026-04-09 00:00:00,Libre Disponibilidad,Municipales
1.2.1.21,TASAS POR SERV.VARIOS EJERCICIO ANTERIOR,116268.07,2026-04-09 00:00:00,Libre Disponibilidad,Municipales
1.2.6.08.01,MULTAS POR CONTRAVENCIONES (EJERCICIO),94800,2026-04-09 00:00:00,Libre Disponibilidad,Municipales
1.2.2.05.02,OCUPACION Y USO DE ESPACIOS PUBLICOS DE EJERCICOS ANTERIORES,35007.47,2026-04-09 00:00:00,Libre Disponibilidad,Municipales
1.2.2.17.01,DERECHO POR OFICIO JUDICIAL DEL EJERCICIO,21200,2026-04-09 00:00:00,Libre Disponibilidad,Municipales
1.2.1.02,SERVICIOS ESPECIALES DE LIMPIEZA E HIGIENE,14840,2026-04-09 00:00:00,Libre Disponibilidad,Municipales
1.2.1.01.01,TASA SERVICIOS GENERALES MUNICIPALES - EJERCICIO-,203873170.7,2026-04-10 00:00:00,Libre Disponibilidad,Municipales
1.2.1.05.01,INSPECCIÓN DE SEGURIDAD E HIGIENE -EJERCICIO-,37168764.75,2026-04-10 00:00:00,Libre Disponibilidad,Municipales
1.2.6.01.02,MULTAS POR CONTRAVENCIONES EJERCICIOS ANTERIORES,34609876.01,2026-04-10 00:00:00,Libre Disponibilidad,Municipales
1.2.2.14.01,DERECHOS DE OFICINA DEL EJERCICIO,22796551,2026-04-10 00:00:00,Libre Disponibilidad,Municipales
1.2.1.01.02,TASA SERVICIOS GENERALES MUNICIPALES -ANTERIORES-,20457895.35,2026-04-10 00:00:00,Libre Disponibilidad,Municipales
1.2.6.08.02,MULTAS POR CONTRAVENCIONES (EJERC.ANTERIORES,16816550,2026-04-10 00:00:00,Libre Disponibilidad,Municipales
1.1.9.05.02,IMPUESTO AUTOMOTOR LEY 13.010 - ANTERIORES-,10213061.8,2026-04-10 00:00:00,Libre Disponibilidad,Municipales
1.2.6.01.01,MULTAS POR CONTRAVENCIONES DEL EJERCICIO,6280947.55,2026-04-10 00:00:00,Libre Disponibilidad,Municipales
1.2.1.18,FONDO DE OBRAS DE INFRAESTRUCTURA ORD.7751,4591090.65,2026-04-10 00:00:00,Libre Disponibilidad,Municipales
1.2.6.02.02,INFRACCION A LAS OBLIGACIONES EJERCICIO ANTERIORES,4543236.44,2026-04-10 00:00:00,Libre Disponibilidad,Municipales
1.2.1.05.02,INSPECCIÓN DE SEGURIDAD E HIGIENE -ANTERIORES-,2743538.13,2026-04-10 00:00:00,Libre Disponibilidad,Municipales
1.2.2.08.01,CEMENTERIO EJERCICIO,1948070,2026-04-10 00:00:00,Libre Disponibilidad,Municipales
1.2.2.03.01,PUBLICIDAD Y PROPAGANDA -EJERCICIO-,1883672,2026-04-10 00:00:00,Libre Disponibilidad,Municipales
1.2.6.02.01,INFRACCION A LAS OBLIGACIONES EJERCICIO,1463080.35,2026-04-10 00:00:00,Libre Disponibilidad,Municipales
1.2.2.11.01,DERECHOS DE CONSTRUCCION,1456657.54,2026-04-10 00:00:00,Libre Disponibilidad,Municipales
1.2.1.14,TASA POR SERVICIOS VARIOS EJERCICIO,1254740,2026-04-10 00:00:00,Libre Disponibilidad,Municipales
1.2.2.05.01,OCUPACION Y USO DE ESPACIOS PUBLICOS DEL EJERCICIO,919434,2026-04-10 00:00:00,Libre Disponibilidad,Municipales
1.2.2.14.04,ALTAS Y/O BAJAS IMPOSIT.DE AUTOMOTORES,657200,2026-04-10 00:00:00,Libre Disponibilidad,Municipales
1.1.9.05.01,IMPUESTO AUTOMOTOR LEY 13.010 -EJERCICIO-,528132.57,2026-04-10 00:00:00,Libre Disponibilidad,Municipales
1.1.9.08.01,PATENTE DE MOTOVEHICULOS DEL EJERCICIO,374354.64,2026-04-10 00:00:00,Libre Disponibilidad,Municipales
1.2.2.08.02,CEMENTERIO EJERCICIOS ANTERIORES,353355,2026-04-10 00:00:00,Libre Disponibilidad,Municipales
1.2.2.14.05,ALTAS Y/O BAJAS IMPOSIT.DE MOTOVEHICULOS,305280,2026-04-10 00:00:00,Libre Disponibilidad,Municipales
1.2.2.05.02,OCUPACION Y USO DE ESPACIOS PUBLICOS DE EJERCICOS ANTERIORES,240740.24,2026-04-10 00:00:00,Libre Disponibilidad,Municipales
1.2.2.14.02,DERECHOS DE OFICINA EJERCICIOS ANTERIORES,152639.65,2026-04-10 00:00:00,Libre Disponibilidad,Municipales
1.2.1.21,TASAS POR SERV.VARIOS EJERCICIO ANTERIOR,90310.34,2026-04-10 00:00:00,Libre Disponibilidad,Municipales
1.2.2.03.02,PUBLICIDAD Y PROPAGANDA -ANTERIORES-,87744,2026-04-10 00:00:00,Libre Disponibilidad,Municipales
1.2.1.02,SERVICIOS ESPECIALES DE LIMPIEZA E HIGIENE,29680,2026-04-10 00:00:00,Libre Disponibilidad,Municipales
1.2.1.01.01,TASA SERVICIOS GENERALES MUNICIPALES - EJERCICIO-,266226851.1,2026-04-13 00:00:00,Libre Disponibilidad,Municipales
1.2.1.05.01,INSPECCIÓN DE SEGURIDAD E HIGIENE -EJERCICIO-,89632159,2026-04-13 00:00:00,Libre Disponibilidad,Municipales
1.2.6.01.02,MULTAS POR CONTRAVENCIONES EJERCICIOS ANTERIORES,37817210.65,2026-04-13 00:00:00,Libre Disponibilidad,Municipales
1.6.2.01.02,INTERESES POR COLOCACIONES FINANCIERAS,24906946.91,2026-04-13 00:00:00,Libre Disponibilidad,Municipales
1.2.1.01.02,TASA SERVICIOS GENERALES MUNICIPALES -ANTERIORES-,19899289.68,2026-04-13 00:00:00,Libre Disponibilidad,Municipales
1.2.2.14.01,DERECHOS DE OFICINA DEL EJERCICIO,13370923.5,2026-04-13 00:00:00,Libre Disponibilidad,Municipales
1.2.1.05.02,INSPECCIÓN DE SEGURIDAD E HIGIENE -ANTERIORES-,11270584.3,2026-04-13 00:00:00,Libre Disponibilidad,Municipales
1.2.6.01.01,MULTAS POR CONTRAVENCIONES DEL EJERCICIO,9574339.1,2026-04-13 00:00:00,Libre Disponibilidad,Municipales
1.2.6.02.02,INFRACCION A LAS OBLIGACIONES EJERCICIO ANTERIORES,8251822.96,2026-04-13 00:00:00,Libre Disponibilidad,Municipales
1.2.6.08.02,MULTAS POR CONTRAVENCIONES (EJERC.ANTERIORES,8140125,2026-04-13 00:00:00,Libre Disponibilidad,Municipales
1.1.9.05.02,IMPUESTO AUTOMOTOR LEY 13.010 - ANTERIORES-,7797620.63,2026-04-13 00:00:00,Libre Disponibilidad,Municipales
1.2.2.03.01,PUBLICIDAD Y PROPAGANDA -EJERCICIO-,4182041.16,2026-04-13 00:00:00,Libre Disponibilidad,Municipales
1.2.1.14,TASA POR SERVICIOS VARIOS EJERCICIO,3814466,2026-04-13 00:00:00,Libre Disponibilidad,Municipales
1.2.2.11.01,DERECHOS DE CONSTRUCCION,3559777.43,2026-04-13 00:00:00,Libre Disponibilidad,Municipales
1.2.2.08.01,CEMENTERIO EJERCICIO,2670110,2026-04-13 00:00:00,Libre Disponibilidad,Municipales
1.2.6.02.01,INFRACCION A LAS OBLIGACIONES EJERCICIO,2111045.45,2026-04-13 00:00:00,Libre Disponibilidad,Municipales
1.1.9.08.01,PATENTE DE MOTOVEHICULOS DEL EJERCICIO,1165192.33,2026-04-13 00:00:00,Libre Disponibilidad,Municipales
1.2.2.05.01,OCUPACION Y USO DE ESPACIOS PUBLICOS DEL EJERCICIO,779234.97,2026-04-13 00:00:00,Libre Disponibilidad,Municipales
1.2.1.04,HABILITACIÓN DE COMERCIOS E INDUSTRIAS,638120,2026-04-13 00:00:00,Libre Disponibilidad,Municipales
1.2.2.14.04,ALTAS Y/O BAJAS IMPOSIT.DE AUTOMOTORES,572400,2026-04-13 00:00:00,Libre Disponibilidad,Municipales
1.2.2.08.02,CEMENTERIO EJERCICIOS ANTERIORES,400397,2026-04-13 00:00:00,Libre Disponibilidad,Municipales
1.1.9.05.01,IMPUESTO AUTOMOTOR LEY 13.010 -EJERCICIO-,380344.83,2026-04-13 00:00:00,Libre Disponibilidad,Municipales
1.2.2.14.05,ALTAS Y/O BAJAS IMPOSIT.DE MOTOVEHICULOS,360360,2026-04-13 00:00:00,Libre Disponibilidad,Municipales
1.2.2.14.02,DERECHOS DE OFICINA EJERCICIOS ANTERIORES,284580.44,2026-04-13 00:00:00,Libre Disponibilidad,Municipales
1.2.2.05.02,OCUPACION Y USO DE ESPACIOS PUBLICOS DE EJERCICOS ANTERIORES,228682.64,2026-04-13 00:00:00,Libre Disponibilidad,Municipales
1.2.1.21,TASAS POR SERV.VARIOS EJERCICIO ANTERIOR,171920.47,2026-04-13 00:00:00,Libre Disponibilidad,Municipales
1.2.2.03.02,PUBLICIDAD Y PROPAGANDA -ANTERIORES-,131297.71,2026-04-13 00:00:00,Libre Disponibilidad,Municipales
1.2.2.17.01,DERECHO POR OFICIO JUDICIAL DEL EJERCICIO,42400,2026-04-13 00:00:00,Libre Disponibilidad,Municipales
1.2.1.01.01,TASA SERVICIOS GENERALES MUNICIPALES - EJERCICIO-,265939634.2,2026-04-14 00:00:00,Libre Disponibilidad,Municipales
1.2.6.06,CONVENIO A.C.A.R.A.,165772335,2026-04-14 00:00:00,Libre Disponibilidad,Municipales
1.2.1.05.01,INSPECCIÓN DE SEGURIDAD E HIGIENE -EJERCICIO-,61481865.86,2026-04-14 00:00:00,Libre Disponibilidad,Municipales
1.2.6.01.02,MULTAS POR CONTRAVENCIONES EJERCICIOS ANTERIORES,38317480.97,2026-04-14 00:00:00,Libre Disponibilidad,Municipales
1.2.1.05.02,INSPECCIÓN DE SEGURIDAD E HIGIENE -ANTERIORES-,9675215.49,2026-04-14 00:00:00,Libre Disponibilidad,Municipales
1.2.2.14.01,DERECHOS DE OFICINA DEL EJERCICIO,8784920,2026-04-14 00:00:00,Libre Disponibilidad,Municipales
1.2.2.03.01,PUBLICIDAD Y PROPAGANDA -EJERCICIO-,7803197.34,2026-04-14 00:00:00,Libre Disponibilidad,Municipales
1.2.1.01.02,TASA SERVICIOS GENERALES MUNICIPALES -ANTERIORES-,6274923.62,2026-04-14 00:00:00,Libre Disponibilidad,Municipales
1.1.9.05.02,IMPUESTO AUTOMOTOR LEY 13.010 - ANTERIORES-,6056668.7,2026-04-14 00:00:00,Libre Disponibilidad,Municipales
1.2.6.02.02,INFRACCION A LAS OBLIGACIONES EJERCICIO ANTERIORES,5507100.68,2026-04-14 00:00:00,Libre Disponibilidad,Municipales
1.2.6.08.02,MULTAS POR CONTRAVENCIONES (EJERC.ANTERIORES,3954900,2026-04-14 00:00:00,Libre Disponibilidad,Municipales
1.2.2.11.01,DERECHOS DE CONSTRUCCION,2716788,2026-04-14 00:00:00,Libre Disponibilidad,Municipales
1.2.6.01.01,MULTAS POR CONTRAVENCIONES DEL EJERCICIO,2371792.55,2026-04-14 00:00:00,Libre Disponibilidad,Municipales
1.2.6.02.01,INFRACCION A LAS OBLIGACIONES EJERCICIO,1220913.3,2026-04-14 00:00:00,Libre Disponibilidad,Municipales
1.2.2.08.01,CEMENTERIO EJERCICIO,1205780,2026-04-14 00:00:00,Libre Disponibilidad,Municipales
1.2.1.21,TASAS POR SERV.VARIOS EJERCICIO ANTERIOR,1142991.42,2026-04-14 00:00:00,Libre Disponibilidad,Municipales
1.2.1.22,INGRESOS VARIOS,961175.75,2026-04-14 00:00:00,Libre Disponibilidad,Municipales
1.2.2.14.04,ALTAS Y/O BAJAS IMPOSIT.DE AUTOMOTORES,911640,2026-04-14 00:00:00,Libre Disponibilidad,Municipales
1.2.1.14,TASA POR SERVICIOS VARIOS EJERCICIO,893610,2026-04-14 00:00:00,Libre Disponibilidad,Municipales
1.2.1.18,FONDO DE OBRAS DE INFRAESTRUCTURA ORD.7751,810791.43,2026-04-14 00:00:00,Libre Disponibilidad,Municipales
1.2.2.05.01,OCUPACION Y USO DE ESPACIOS PUBLICOS DEL EJERCICIO,644695.8,2026-04-14 00:00:00,Libre Disponibilidad,Municipales
1.1.9.08.01,PATENTE DE MOTOVEHICULOS DEL EJERCICIO,571762.89,2026-04-14 00:00:00,Libre Disponibilidad,Municipales
1.2.1.04,HABILITACIÓN DE COMERCIOS E INDUSTRIAS,455800,2026-04-14 00:00:00,Libre Disponibilidad,Municipales
1.2.2.08.02,CEMENTERIO EJERCICIOS ANTERIORES,438500,2026-04-14 00:00:00,Libre Disponibilidad,Municipales
1.2.2.03.02,PUBLICIDAD Y PROPAGANDA -ANTERIORES-,384891.32,2026-04-14 00:00:00,Libre Disponibilidad,Municipales
1.2.2.14.05,ALTAS Y/O BAJAS IMPOSIT.DE MOTOVEHICULOS,246960,2026-04-14 00:00:00,Libre Disponibilidad,Municipales
1.1.9.05.01,IMPUESTO AUTOMOTOR LEY 13.010 -EJERCICIO-,223243.84,2026-04-14 00:00:00,Libre Disponibilidad,Municipales
1.2.2.14.02,DERECHOS DE OFICINA EJERCICIOS ANTERIORES,141453.07,2026-04-14 00:00:00,Libre Disponibilidad,Municipales
1.2.2.05.02,OCUPACION Y USO DE ESPACIOS PUBLICOS DE EJERCICOS ANTERIORES,127289.74,2026-04-14 00:00:00,Libre Disponibilidad,Municipales
1.2.1.02,SERVICIOS ESPECIALES DE LIMPIEZA E HIGIENE,29680,2026-04-14 00:00:00,Libre Disponibilidad,Municipales
1.2.1.01.03,TASA DE ALUMBRADO GENERALES FACTURADO POR EDESUR,594437451.7,2026-04-15 00:00:00,Libre Disponibilidad,Municipales
1.1.9.01,PARTICIPACION EDESUR,567735455.2,2026-04-15 00:00:00,Libre Disponibilidad,Municipales
1.2.1.05.01,INSPECCIÓN DE SEGURIDAD E HIGIENE -EJERCICIO-,166103082,2026-04-15 00:00:00,Libre Disponibilidad,Municipales
1.2.1.01.01,TASA SERVICIOS GENERALES MUNICIPALES - EJERCICIO-,100874301.7,2026-04-15 00:00:00,Libre Disponibilidad,Municipales
1.2.6.01.02,MULTAS POR CONTRAVENCIONES EJERCICIOS ANTERIORES,33059233.14,2026-04-15 00:00:00,Libre Disponibilidad,Municipales
1.2.2.14.01,DERECHOS DE OFICINA DEL EJERCICIO,20123526,2026-04-15 00:00:00,Libre Disponibilidad,Municipales
1.2.1.01.02,TASA SERVICIOS GENERALES MUNICIPALES -ANTERIORES-,11354928.59,2026-04-15 00:00:00,Libre Disponibilidad,Municipales
1.2.6.08.02,MULTAS POR CONTRAVENCIONES (EJERC.ANTERIORES,8580075,2026-04-15 00:00:00,Libre Disponibilidad,Municipales
1.2.6.01.01,MULTAS POR CONTRAVENCIONES DEL EJERCICIO,6294400.09,2026-04-15 00:00:00,Libre Disponibilidad,Municipales
1.2.1.14,TASA POR SERVICIOS VARIOS EJERCICIO,4910500,2026-04-15 00:00:00,Libre Disponibilidad,Municipales
1.2.1.17,"LEY 11018 BINGOS, CASINOS E HIPODROMOS",3922920,2026-04-15 00:00:00,Libre Disponibilidad,Municipales
1.1.9.05.02,IMPUESTO AUTOMOTOR LEY 13.010 - ANTERIORES-,3514405.13,2026-04-15 00:00:00,Libre Disponibilidad,Municipales
1.2.6.02.02,INFRACCION A LAS OBLIGACIONES EJERCICIO ANTERIORES,2980299.85,2026-04-15 00:00:00,Libre Disponibilidad,Municipales
1.2.1.05.02,INSPECCIÓN DE SEGURIDAD E HIGIENE -ANTERIORES-,2505539.11,2026-04-15 00:00:00,Libre Disponibilidad,Municipales
1.2.2.03.01,PUBLICIDAD Y PROPAGANDA -EJERCICIO-,2263918.66,2026-04-15 00:00:00,Libre Disponibilidad,Municipales
1.2.2.08.01,CEMENTERIO EJERCICIO,1737260,2026-04-15 00:00:00,Libre Disponibilidad,Municipales
1.2.2.11.01,DERECHOS DE CONSTRUCCION,1313719.16,2026-04-15 00:00:00,Libre Disponibilidad,Municipales
1.2.6.02.01,INFRACCION A LAS OBLIGACIONES EJERCICIO,1079157.87,2026-04-15 00:00:00,Libre Disponibilidad,Municipales
1.1.9.08.01,PATENTE DE MOTOVEHICULOS DEL EJERCICIO,642993.55,2026-04-15 00:00:00,Libre Disponibilidad,Municipales
1.2.2.14.04,ALTAS Y/O BAJAS IMPOSIT.DE AUTOMOTORES,551200,2026-04-15 00:00:00,Libre Disponibilidad,Municipales
1.2.2.05.01,OCUPACION Y USO DE ESPACIOS PUBLICOS DEL EJERCICIO,501627.2,2026-04-15 00:00:00,Libre Disponibilidad,Municipales
1.2.2.08.02,CEMENTERIO EJERCICIOS ANTERIORES,439473,2026-04-15 00:00:00,Libre Disponibilidad,Municipales
1.2.1.22,INGRESOS VARIOS,345466.26,2026-04-15 00:00:00,Libre Disponibilidad,Municipales
1.1.9.05.01,IMPUESTO AUTOMOTOR LEY 13.010 -EJERCICIO-,339792.27,2026-04-15 00:00:00,Libre Disponibilidad,Municipales
1.2.2.14.05,ALTAS Y/O BAJAS IMPOSIT.DE MOTOVEHICULOS,209880,2026-04-15 00:00:00,Libre Disponibilidad,Municipales
1.2.2.14.02,DERECHOS DE OFICINA EJERCICIOS ANTERIORES,161639.85,2026-04-15 00:00:00,Libre Disponibilidad,Municipales
1.2.1.21,TASAS POR SERV.VARIOS EJERCICIO ANTERIOR,111961.6,2026-04-15 00:00:00,Libre Disponibilidad,Municipales
1.2.2.03.02,PUBLICIDAD Y PROPAGANDA -ANTERIORES-,83751.18,2026-04-15 00:00:00,Libre Disponibilidad,Municipales
1.2.2.05.02,OCUPACION Y USO DE ESPACIOS PUBLICOS DE EJERCICOS ANTERIORES,56471.79,2026-04-15 00:00:00,Libre Disponibilidad,Municipales
1.2.1.05.01,INSPECCIÓN DE SEGURIDAD E HIGIENE -EJERCICIO-,661950098.8,2026-04-16 00:00:00,Libre Disponibilidad,Municipales
1.6.2.01.02,INTERESES POR COLOCACIONES FINANCIERAS,105362616.4,2026-04-16 00:00:00,Libre Disponibilidad,Municipales
1.2.1.01.01,TASA SERVICIOS GENERALES MUNICIPALES - EJERCICIO-,104145822.4,2026-04-16 00:00:00,Libre Disponibilidad,Municipales
1.2.6.01.02,MULTAS POR CONTRAVENCIONES EJERCICIOS ANTERIORES,28467368.99,2026-04-16 00:00:00,Libre Disponibilidad,Municipales
1.2.2.14.01,DERECHOS DE OFICINA DEL EJERCICIO,19060672.5,2026-04-16 00:00:00,Libre Disponibilidad,Municipales
1.2.1.01.02,TASA SERVICIOS GENERALES MUNICIPALES -ANTERIORES-,11115190.69,2026-04-16 00:00:00,Libre Disponibilidad,Municipales
1.2.1.05.02,INSPECCIÓN DE SEGURIDAD E HIGIENE -ANTERIORES-,9668265.09,2026-04-16 00:00:00,Libre Disponibilidad,Municipales
1.2.6.08.02,MULTAS POR CONTRAVENCIONES (EJERC.ANTERIORES,8885175,2026-04-16 00:00:00,Libre Disponibilidad,Municipales
1.2.1.14,TASA POR SERVICIOS VARIOS EJERCICIO,8316452,2026-04-16 00:00:00,Libre Disponibilidad,Municipales
1.2.6.01.01,MULTAS POR CONTRAVENCIONES DEL EJERCICIO,7993471.01,2026-04-16 00:00:00,Libre Disponibilidad,Municipales
1.2.6.02.02,INFRACCION A LAS OBLIGACIONES EJERCICIO ANTERIORES,5059670.34,2026-04-16 00:00:00,Libre Disponibilidad,Municipales
1.1.9.05.02,IMPUESTO AUTOMOTOR LEY 13.010 - ANTERIORES-,4598999.84,2026-04-16 00:00:00,Libre Disponibilidad,Municipales
1.2.2.03.01,PUBLICIDAD Y PROPAGANDA -EJERCICIO-,3676990.16,2026-04-16 00:00:00,Libre Disponibilidad,Municipales
1.2.1.21,TASAS POR SERV.VARIOS EJERCICIO ANTERIOR,2739118.81,2026-04-16 00:00:00,Libre Disponibilidad,Municipales
1.2.2.08.01,CEMENTERIO EJERCICIO,2148710,2026-04-16 00:00:00,Libre Disponibilidad,Municipales
1.2.6.02.01,INFRACCION A LAS OBLIGACIONES EJERCICIO,1550483.31,2026-04-16 00:00:00,Libre Disponibilidad,Municipales
1.2.2.11.01,DERECHOS DE CONSTRUCCION,1330828,2026-04-16 00:00:00,Libre Disponibilidad,Municipales
1.1.9.08.01,PATENTE DE MOTOVEHICULOS DEL EJERCICIO,940526.11,2026-04-16 00:00:00,Libre Disponibilidad,Municipales
1.1.9.05.01,IMPUESTO AUTOMOTOR LEY 13.010 -EJERCICIO-,513505.33,2026-04-16 00:00:00,Libre Disponibilidad,Municipales
1.2.2.14.04,ALTAS Y/O BAJAS IMPOSIT.DE AUTOMOTORES,508800,2026-04-16 00:00:00,Libre Disponibilidad,Municipales
1.2.2.05.01,OCUPACION Y USO DE ESPACIOS PUBLICOS DEL EJERCICIO,462478.8,2026-04-16 00:00:00,Libre Disponibilidad,Municipales
1.2.2.03.02,PUBLICIDAD Y PROPAGANDA -ANTERIORES-,365857.53,2026-04-16 00:00:00,Libre Disponibilidad,Municipales
1.2.2.08.02,CEMENTERIO EJERCICIOS ANTERIORES,290058,2026-04-16 00:00:00,Libre Disponibilidad,Municipales
1.2.2.14.05,ALTAS Y/O BAJAS IMPOSIT.DE MOTOVEHICULOS,267120,2026-04-16 00:00:00,Libre Disponibilidad,Municipales
1.2.1.04,HABILITACIÓN DE COMERCIOS E INDUSTRIAS,254400,2026-04-16 00:00:00,Libre Disponibilidad,Municipales
1.2.2.14.02,DERECHOS DE OFICINA EJERCICIOS ANTERIORES,219419.87,2026-04-16 00:00:00,Libre Disponibilidad,Municipales
1.2.2.05.02,OCUPACION Y USO DE ESPACIOS PUBLICOS DE EJERCICOS ANTERIORES,102941.12,2026-04-16 00:00:00,Libre Disponibilidad,Municipales
1.2.1.05.01,INSPECCIÓN DE SEGURIDAD E HIGIENE -EJERCICIO-,485247468.4,2026-04-17 00:00:00,Libre Disponibilidad,Municipales
1.2.1.01.01,TASA SERVICIOS GENERALES MUNICIPALES - EJERCICIO-,79304049.61,2026-04-17 00:00:00,Libre Disponibilidad,Municipales
1.2.6.01.02,MULTAS POR CONTRAVENCIONES EJERCICIOS ANTERIORES,27160868.02,2026-04-17 00:00:00,Libre Disponibilidad,Municipales
1.2.2.14.01,DERECHOS DE OFICINA DEL EJERCICIO,14761253,2026-04-17 00:00:00,Libre Disponibilidad,Municipales
1.2.6.01.01,MULTAS POR CONTRAVENCIONES DEL EJERCICIO,10308570.77,2026-04-17 00:00:00,Libre Disponibilidad,Municipales
1.2.1.01.02,TASA SERVICIOS GENERALES MUNICIPALES -ANTERIORES-,10188073.46,2026-04-17 00:00:00,Libre Disponibilidad,Municipales
1.2.6.08.02,MULTAS POR CONTRAVENCIONES (EJERC.ANTERIORES,9057650,2026-04-17 00:00:00,Libre Disponibilidad,Municipales
1.2.1.05.02,INSPECCIÓN DE SEGURIDAD E HIGIENE -ANTERIORES-,7968750.01,2026-04-17 00:00:00,Libre Disponibilidad,Municipales
1.2.6.02.02,INFRACCION A LAS OBLIGACIONES EJERCICIO ANTERIORES,5230747.35,2026-04-17 00:00:00,Libre Disponibilidad,Municipales
1.1.9.05.02,IMPUESTO AUTOMOTOR LEY 13.010 - ANTERIORES-,4772801.12,2026-04-17 00:00:00,Libre Disponibilidad,Municipales
1.2.1.14,TASA POR SERVICIOS VARIOS EJERCICIO,3730616,2026-04-17 00:00:00,Libre Disponibilidad,Municipales
1.2.2.11.01,DERECHOS DE CONSTRUCCION,3257550.72,2026-04-17 00:00:00,Libre Disponibilidad,Municipales
1.2.2.03.01,PUBLICIDAD Y PROPAGANDA -EJERCICIO-,2378474.8,2026-04-17 00:00:00,Libre Disponibilidad,Municipales
1.2.2.08.01,CEMENTERIO EJERCICIO,2170220,2026-04-17 00:00:00,Libre Disponibilidad,Municipales
1.2.6.02.01,INFRACCION A LAS OBLIGACIONES EJERCICIO,1366667.05,2026-04-17 00:00:00,Libre Disponibilidad,Municipales
1.1.9.08.01,PATENTE DE MOTOVEHICULOS DEL EJERCICIO,900296.6,2026-04-17 00:00:00,Libre Disponibilidad,Municipales
1.2.2.05.01,OCUPACION Y USO DE ESPACIOS PUBLICOS DEL EJERCICIO,854519.4,2026-04-17 00:00:00,Libre Disponibilidad,Municipales
1.2.2.14.04,ALTAS Y/O BAJAS IMPOSIT.DE AUTOMOTORES,484360,2026-04-17 00:00:00,Libre Disponibilidad,Municipales
1.2.2.14.05,ALTAS Y/O BAJAS IMPOSIT.DE MOTOVEHICULOS,457920,2026-04-17 00:00:00,Libre Disponibilidad,Municipales
1.2.2.08.02,CEMENTERIO EJERCICIOS ANTERIORES,435310,2026-04-17 00:00:00,Libre Disponibilidad,Municipales
1.2.1.21,TASAS POR SERV.VARIOS EJERCICIO ANTERIOR,426663.87,2026-04-17 00:00:00,Libre Disponibilidad,Municipales
1.1.9.05.01,IMPUESTO AUTOMOTOR LEY 13.010 -EJERCICIO-,329374.49,2026-04-17 00:00:00,Libre Disponibilidad,Municipales
1.2.2.14.02,DERECHOS DE OFICINA EJERCICIOS ANTERIORES,210536.11,2026-04-17 00:00:00,Libre Disponibilidad,Municipales
1.2.6.08.01,MULTAS POR CONTRAVENCIONES (EJERCICIO),94800,2026-04-17 00:00:00,Libre Disponibilidad,Municipales
1.2.1.04,HABILITACIÓN DE COMERCIOS E INDUSTRIAS,91160,2026-04-17 00:00:00,Libre Disponibilidad,Municipales
1.2.2.05.02,OCUPACION Y USO DE ESPACIOS PUBLICOS DE EJERCICOS ANTERIORES,55300.75,2026-04-17 00:00:00,Libre Disponibilidad,Municipales
1.2.2.03.02,PUBLICIDAD Y PROPAGANDA -ANTERIORES-,48353.41,2026-04-17 00:00:00,Libre Disponibilidad,Municipales
1.2.2.17.01,DERECHO POR OFICIO JUDICIAL DEL EJERCICIO,21200,2026-04-17 00:00:00,Libre Disponibilidad,Municipales
1.2.1.05.01,INSPECCIÓN DE SEGURIDAD E HIGIENE -EJERCICIO-,720673999.5,2026-04-20 00:00:00,Libre Disponibilidad,Municipales
1.2.1.01.01,TASA SERVICIOS GENERALES MUNICIPALES - EJERCICIO-,71021572.9,2026-04-20 00:00:00,Libre Disponibilidad,Municipales
1.2.6.01.02,MULTAS POR CONTRAVENCIONES EJERCICIOS ANTERIORES,58984083.06,2026-04-20 00:00:00,Libre Disponibilidad,Municipales
1.2.2.14.01,DERECHOS DE OFICINA DEL EJERCICIO,17948969,2026-04-20 00:00:00,Libre Disponibilidad,Municipales
1.2.1.01.02,TASA SERVICIOS GENERALES MUNICIPALES -ANTERIORES-,10966199.23,2026-04-20 00:00:00,Libre Disponibilidad,Municipales
1.2.6.08.02,MULTAS POR CONTRAVENCIONES (EJERC.ANTERIORES,10379050,2026-04-20 00:00:00,Libre Disponibilidad,Municipales
1.1.9.05.02,IMPUESTO AUTOMOTOR LEY 13.010 - ANTERIORES-,7921253.17,2026-04-20 00:00:00,Libre Disponibilidad,Municipales
1.2.6.01.01,MULTAS POR CONTRAVENCIONES DEL EJERCICIO,6865650.04,2026-04-20 00:00:00,Libre Disponibilidad,Municipales
1.2.6.02.02,INFRACCION A LAS OBLIGACIONES EJERCICIO ANTERIORES,6083902.34,2026-04-20 00:00:00,Libre Disponibilidad,Municipales
1.2.1.14,TASA POR SERVICIOS VARIOS EJERCICIO,5942210,2026-04-20 00:00:00,Libre Disponibilidad,Municipales
1.2.2.03.01,PUBLICIDAD Y PROPAGANDA -EJERCICIO-,4846882.23,2026-04-20 00:00:00,Libre Disponibilidad,Municipales
1.2.1.05.02,INSPECCIÓN DE SEGURIDAD E HIGIENE -ANTERIORES-,4818613.29,2026-04-20 00:00:00,Libre Disponibilidad,Municipales
1.2.2.11.01,DERECHOS DE CONSTRUCCION,4350196.88,2026-04-20 00:00:00,Libre Disponibilidad,Municipales
1.2.2.08.01,CEMENTERIO EJERCICIO,3326360,2026-04-20 00:00:00,Libre Disponibilidad,Municipales
1.2.6.02.01,INFRACCION A LAS OBLIGACIONES EJERCICIO,2213986.69,2026-04-20 00:00:00,Libre Disponibilidad,Municipales
1.2.2.08.02,CEMENTERIO EJERCICIOS ANTERIORES,963681,2026-04-20 00:00:00,Libre Disponibilidad,Municipales
1.2.2.05.01,OCUPACION Y USO DE ESPACIOS PUBLICOS DEL EJERCICIO,911257.6,2026-04-20 00:00:00,Libre Disponibilidad,Municipales
1.1.9.08.01,PATENTE DE MOTOVEHICULOS DEL EJERCICIO,889262.22,2026-04-20 00:00:00,Libre Disponibilidad,Municipales
1.2.1.21,TASAS POR SERV.VARIOS EJERCICIO ANTERIOR,759960.09,2026-04-20 00:00:00,Libre Disponibilidad,Municipales
1.2.2.14.04,ALTAS Y/O BAJAS IMPOSIT.DE AUTOMOTORES,508800,2026-04-20 00:00:00,Libre Disponibilidad,Municipales
1.2.2.14.05,ALTAS Y/O BAJAS IMPOSIT.DE MOTOVEHICULOS,438840,2026-04-20 00:00:00,Libre Disponibilidad,Municipales
1.2.2.03.02,PUBLICIDAD Y PROPAGANDA -ANTERIORES-,328854.35,2026-04-20 00:00:00,Libre Disponibilidad,Municipales
1.1.9.05.01,IMPUESTO AUTOMOTOR LEY 13.010 -EJERCICIO-,266422.6,2026-04-20 00:00:00,Libre Disponibilidad,Municipales
1.2.2.14.02,DERECHOS DE OFICINA EJERCICIOS ANTERIORES,156258.16,2026-04-20 00:00:00,Libre Disponibilidad,Municipales
1.2.6.08.01,MULTAS POR CONTRAVENCIONES (EJERCICIO),94800,2026-04-20 00:00:00,Libre Disponibilidad,Municipales
1.2.2.05.02,OCUPACION Y USO DE ESPACIOS PUBLICOS DE EJERCICOS ANTERIORES,54188.98,2026-04-20 00:00:00,Libre Disponibilidad,Municipales
1.2.1.02,SERVICIOS ESPECIALES DE LIMPIEZA E HIGIENE,29680,2026-04-20 00:00:00,Libre Disponibilidad,Municipales
1.2.1.05.01,INSPECCIÓN DE SEGURIDAD E HIGIENE -EJERCICIO-,772492991,2026-04-21 00:00:00,Libre Disponibilidad,Municipales
1.6.2.01.02,INTERESES POR COLOCACIONES FINANCIERAS,98007794.08,2026-04-21 00:00:00,Libre Disponibilidad,Municipales
1.2.1.01.01,TASA SERVICIOS GENERALES MUNICIPALES - EJERCICIO-,79432615.29,2026-04-21 00:00:00,Libre Disponibilidad,Municipales
1.2.6.01.02,MULTAS POR CONTRAVENCIONES EJERCICIOS ANTERIORES,49169043.54,2026-04-21 00:00:00,Libre Disponibilidad,Municipales
1.2.1.14,TASA POR SERVICIOS VARIOS EJERCICIO,15312190,2026-04-21 00:00:00,Libre Disponibilidad,Municipales
1.2.2.14.01,DERECHOS DE OFICINA DEL EJERCICIO,8919820,2026-04-21 00:00:00,Libre Disponibilidad,Municipales
1.2.1.05.02,INSPECCIÓN DE SEGURIDAD E HIGIENE -ANTERIORES-,7841489.12,2026-04-21 00:00:00,Libre Disponibilidad,Municipales
1.1.9.05.02,IMPUESTO AUTOMOTOR LEY 13.010 - ANTERIORES-,7429858.54,2026-04-21 00:00:00,Libre Disponibilidad,Municipales
1.2.1.01.02,TASA SERVICIOS GENERALES MUNICIPALES -ANTERIORES-,7245339.14,2026-04-21 00:00:00,Libre Disponibilidad,Municipales
1.2.2.03.01,PUBLICIDAD Y PROPAGANDA -EJERCICIO-,6641182.98,2026-04-21 00:00:00,Libre Disponibilidad,Municipales
1.2.6.08.02,MULTAS POR CONTRAVENCIONES (EJERC.ANTERIORES,6492925,2026-04-21 00:00:00,Libre Disponibilidad,Municipales
1.2.6.01.01,MULTAS POR CONTRAVENCIONES DEL EJERCICIO,5872079.25,2026-04-21 00:00:00,Libre Disponibilidad,Municipales
1.2.2.11.01,DERECHOS DE CONSTRUCCION,3915438.66,2026-04-21 00:00:00,Libre Disponibilidad,Municipales
1.2.6.02.02,INFRACCION A LAS OBLIGACIONES EJERCICIO ANTERIORES,2574556.14,2026-04-21 00:00:00,Libre Disponibilidad,Municipales
1.2.2.08.01,CEMENTERIO EJERCICIO,2188870,2026-04-21 00:00:00,Libre Disponibilidad,Municipales
1.2.1.21,TASAS POR SERV.VARIOS EJERCICIO ANTERIOR,1874868.93,2026-04-21 00:00:00,Libre Disponibilidad,Municipales
1.2.6.02.01,INFRACCION A LAS OBLIGACIONES EJERCICIO,1861482.59,2026-04-21 00:00:00,Libre Disponibilidad,Municipales
1.1.9.08.01,PATENTE DE MOTOVEHICULOS DEL EJERCICIO,901845.64,2026-04-21 00:00:00,Libre Disponibilidad,Municipales
1.2.2.14.04,ALTAS Y/O BAJAS IMPOSIT.DE AUTOMOTORES,823199.98,2026-04-21 00:00:00,Libre Disponibilidad,Municipales
1.2.2.14.05,ALTAS Y/O BAJAS IMPOSIT.DE MOTOVEHICULOS,343440,2026-04-21 00:00:00,Libre Disponibilidad,Municipales
1.1.9.05.01,IMPUESTO AUTOMOTOR LEY 13.010 -EJERCICIO-,339839.32,2026-04-21 00:00:00,Libre Disponibilidad,Municipales
1.2.2.05.01,OCUPACION Y USO DE ESPACIOS PUBLICOS DEL EJERCICIO,318452.4,2026-04-21 00:00:00,Libre Disponibilidad,Municipales
1.2.2.08.02,CEMENTERIO EJERCICIOS ANTERIORES,311167,2026-04-21 00:00:00,Libre Disponibilidad,Municipales
1.2.2.03.02,PUBLICIDAD Y PROPAGANDA -ANTERIORES-,227862.22,2026-04-21 00:00:00,Libre Disponibilidad,Municipales
1.2.2.14.02,DERECHOS DE OFICINA EJERCICIOS ANTERIORES,171717.89,2026-04-21 00:00:00,Libre Disponibilidad,Municipales
1.2.2.05.02,OCUPACION Y USO DE ESPACIOS PUBLICOS DE EJERCICOS ANTERIORES,162281.01,2026-04-21 00:00:00,Libre Disponibilidad,Municipales
1.2.1.04,HABILITACIÓN DE COMERCIOS E INDUSTRIAS,143100,2026-04-21 00:00:00,Libre Disponibilidad,Municipales
1.2.1.05.01,INSPECCIÓN DE SEGURIDAD E HIGIENE -EJERCICIO-,571243434.6,2026-04-22 00:00:00,Libre Disponibilidad,Municipales
1.2.1.01.01,TASA SERVICIOS GENERALES MUNICIPALES - EJERCICIO-,56218346.36,2026-04-22 00:00:00,Libre Disponibilidad,Municipales
1.2.6.01.02,MULTAS POR CONTRAVENCIONES EJERCICIOS ANTERIORES,33665353.72,2026-04-22 00:00:00,Libre Disponibilidad,Municipales
1.2.1.05.02,INSPECCIÓN DE SEGURIDAD E HIGIENE -ANTERIORES-,24137748.52,2026-04-22 00:00:00,Libre Disponibilidad,Municipales
1.2.2.14.01,DERECHOS DE OFICINA DEL EJERCICIO,21909652,2026-04-22 00:00:00,Libre Disponibilidad,Municipales
1.2.1.01.02,TASA SERVICIOS GENERALES MUNICIPALES -ANTERIORES-,17860281.69,2026-04-22 00:00:00,Libre Disponibilidad,Municipales
1.2.2.03.01,PUBLICIDAD Y PROPAGANDA -EJERCICIO-,11939733.99,2026-04-22 00:00:00,Libre Disponibilidad,Municipales
1.2.6.02.02,INFRACCION A LAS OBLIGACIONES EJERCICIO ANTERIORES,8148129.94,2026-04-22 00:00:00,Libre Disponibilidad,Municipales
1.2.1.14,TASA POR SERVICIOS VARIOS EJERCICIO,7945817,2026-04-22 00:00:00,Libre Disponibilidad,Municipales
1.2.6.08.02,MULTAS POR CONTRAVENCIONES (EJERC.ANTERIORES,7625400,2026-04-22 00:00:00,Libre Disponibilidad,Municipales
1.2.6.01.01,MULTAS POR CONTRAVENCIONES DEL EJERCICIO,7335141.2,2026-04-22 00:00:00,Libre Disponibilidad,Municipales
1.1.9.05.02,IMPUESTO AUTOMOTOR LEY 13.010 - ANTERIORES-,6931413.9,2026-04-22 00:00:00,Libre Disponibilidad,Municipales
1.2.6.02.01,INFRACCION A LAS OBLIGACIONES EJERCICIO,2472400.39,2026-04-22 00:00:00,Libre Disponibilidad,Municipales
1.2.2.08.01,CEMENTERIO EJERCICIO,1733720,2026-04-22 00:00:00,Libre Disponibilidad,Municipales
1.2.2.11.01,DERECHOS DE CONSTRUCCION,1102186.13,2026-04-22 00:00:00,Libre Disponibilidad,Municipales
1.2.2.14.04,ALTAS Y/O BAJAS IMPOSIT.DE AUTOMOTORES,843140.04,2026-04-22 00:00:00,Libre Disponibilidad,Municipales
1.1.9.08.01,PATENTE DE MOTOVEHICULOS DEL EJERCICIO,807292.26,2026-04-22 00:00:00,Libre Disponibilidad,Municipales
1.1.9.05.01,IMPUESTO AUTOMOTOR LEY 13.010 -EJERCICIO-,677611.45,2026-04-22 00:00:00,Libre Disponibilidad,Municipales
1.2.1.04,HABILITACIÓN DE COMERCIOS E INDUSTRIAS,508800,2026-04-22 00:00:00,Libre Disponibilidad,Municipales
1.2.2.14.05,ALTAS Y/O BAJAS IMPOSIT.DE MOTOVEHICULOS,419760,2026-04-22 00:00:00,Libre Disponibilidad,Municipales
1.2.2.08.02,CEMENTERIO EJERCICIOS ANTERIORES,385582,2026-04-22 00:00:00,Libre Disponibilidad,Municipales
1.2.1.21,TASAS POR SERV.VARIOS EJERCICIO ANTERIOR,311387.14,2026-04-22 00:00:00,Libre Disponibilidad,Municipales
1.2.2.05.01,OCUPACION Y USO DE ESPACIOS PUBLICOS DEL EJERCICIO,297982.8,2026-04-22 00:00:00,Libre Disponibilidad,Municipales
1.2.2.14.02,DERECHOS DE OFICINA EJERCICIOS ANTERIORES,267121.12,2026-04-22 00:00:00,Libre Disponibilidad,Municipales
1.2.2.03.02,PUBLICIDAD Y PROPAGANDA -ANTERIORES-,223867.42,2026-04-22 00:00:00,Libre Disponibilidad,Municipales
1.2.6.08.01,MULTAS POR CONTRAVENCIONES (EJERCICIO),94800,2026-04-22 00:00:00,Libre Disponibilidad,Municipales
1.2.2.05.02,OCUPACION Y USO DE ESPACIOS PUBLICOS DE EJERCICOS ANTERIORES,81695.08,2026-04-22 00:00:00,Libre Disponibilidad,Municipales
1.2.1.05.01,INSPECCIÓN DE SEGURIDAD E HIGIENE -EJERCICIO-,3277559783,2026-04-23 00:00:00,Libre Disponibilidad,Municipales
1.2.1.14,TASA POR SERVICIOS VARIOS EJERCICIO,87351432,2026-04-23 00:00:00,Libre Disponibilidad,Municipales
1.2.2.05.01,OCUPACION Y USO DE ESPACIOS PUBLICOS DEL EJERCICIO,73255803.8,2026-04-23 00:00:00,Libre Disponibilidad,Municipales
1.2.1.01.01,TASA SERVICIOS GENERALES MUNICIPALES - EJERCICIO-,57615880.39,2026-04-23 00:00:00,Libre Disponibilidad,Municipales
1.2.6.01.02,MULTAS POR CONTRAVENCIONES EJERCICIOS ANTERIORES,40769901.74,2026-04-23 00:00:00,Libre Disponibilidad,Municipales
1.2.2.14.01,DERECHOS DE OFICINA DEL EJERCICIO,35350422.91,2026-04-23 00:00:00,Libre Disponibilidad,Municipales
1.2.6.08.02,MULTAS POR CONTRAVENCIONES (EJERC.ANTERIORES,25776100,2026-04-23 00:00:00,Libre Disponibilidad,Municipales
1.2.2.03.01,PUBLICIDAD Y PROPAGANDA -EJERCICIO-,25181538.06,2026-04-23 00:00:00,Libre Disponibilidad,Municipales
1.2.1.05.02,INSPECCIÓN DE SEGURIDAD E HIGIENE -ANTERIORES-,22493221.24,2026-04-23 00:00:00,Libre Disponibilidad,Municipales
1.2.1.01.02,TASA SERVICIOS GENERALES MUNICIPALES -ANTERIORES-,19900468.07,2026-04-23 00:00:00,Libre Disponibilidad,Municipales
1.2.6.02.02,INFRACCION A LAS OBLIGACIONES EJERCICIO ANTERIORES,14899595.96,2026-04-23 00:00:00,Libre Disponibilidad,Municipales
1.1.9.05.02,IMPUESTO AUTOMOTOR LEY 13.010 - ANTERIORES-,8964842.35,2026-04-23 00:00:00,Libre Disponibilidad,Municipales
1.2.1.21,TASAS POR SERV.VARIOS EJERCICIO ANTERIOR,8384794.33,2026-04-23 00:00:00,Libre Disponibilidad,Municipales
1.2.2.08.01,CEMENTERIO EJERCICIO,8198895,2026-04-23 00:00:00,Libre Disponibilidad,Municipales
1.2.6.01.01,MULTAS POR CONTRAVENCIONES DEL EJERCICIO,6600551.04,2026-04-23 00:00:00,Libre Disponibilidad,Municipales
1.2.6.02.01,INFRACCION A LAS OBLIGACIONES EJERCICIO,2754090.63,2026-04-23 00:00:00,Libre Disponibilidad,Municipales
1.2.2.03.02,PUBLICIDAD Y PROPAGANDA -ANTERIORES-,2184993.17,2026-04-23 00:00:00,Libre Disponibilidad,Municipales
1.2.2.08.02,CEMENTERIO EJERCICIOS ANTERIORES,1835899,2026-04-23 00:00:00,Libre Disponibilidad,Municipales
1.2.1.22,INGRESOS VARIOS,1323803.97,2026-04-23 00:00:00,Libre Disponibilidad,Municipales
1.1.9.08.01,PATENTE DE MOTOVEHICULOS DEL EJERCICIO,1190406.92,2026-04-23 00:00:00,Libre Disponibilidad,Municipales
1.2.2.14.04,ALTAS Y/O BAJAS IMPOSIT.DE AUTOMOTORES,975200,2026-04-23 00:00:00,Libre Disponibilidad,Municipales
1.1.9.05.01,IMPUESTO AUTOMOTOR LEY 13.010 -EJERCICIO-,859501.32,2026-04-23 00:00:00,Libre Disponibilidad,Municipales
1.2.2.14.05,ALTAS Y/O BAJAS IMPOSIT.DE MOTOVEHICULOS,536382,2026-04-23 00:00:00,Libre Disponibilidad,Municipales
1.2.2.14.02,DERECHOS DE OFICINA EJERCICIOS ANTERIORES,305280.04,2026-04-23 00:00:00,Libre Disponibilidad,Municipales
1.2.1.04,HABILITACIÓN DE COMERCIOS E INDUSTRIAS,254400,2026-04-23 00:00:00,Libre Disponibilidad,Municipales
1.2.6.08.01,MULTAS POR CONTRAVENCIONES (EJERCICIO),189600,2026-04-23 00:00:00,Libre Disponibilidad,Municipales
1.2.2.05.02,OCUPACION Y USO DE ESPACIOS PUBLICOS DE EJERCICOS ANTERIORES,104550.69,2026-04-23 00:00:00,Libre Disponibilidad,Municipales
1.2.2.11.01,DERECHOS DE CONSTRUCCION,15889.49,2026-04-23 00:00:00,Libre Disponibilidad,Municipales
1.2.1.05.01,INSPECCIÓN DE SEGURIDAD E HIGIENE -EJERCICIO-,246793000.5,2026-04-24 00:00:00,Libre Disponibilidad,Municipales
1.6.2.01.02,INTERESES POR COLOCACIONES FINANCIERAS,221790720.8,2026-04-24 00:00:00,Libre Disponibilidad,Municipales
1.2.6.01.02,MULTAS POR CONTRAVENCIONES EJERCICIOS ANTERIORES,36991301.47,2026-04-24 00:00:00,Libre Disponibilidad,Municipales
1.2.1.05.02,INSPECCIÓN DE SEGURIDAD E HIGIENE -ANTERIORES-,22349205.69,2026-04-24 00:00:00,Libre Disponibilidad,Municipales
1.2.2.11.01,DERECHOS DE CONSTRUCCION,19438199.68,2026-04-24 00:00:00,Libre Disponibilidad,Municipales
1.2.1.01.01,TASA SERVICIOS GENERALES MUNICIPALES - EJERCICIO-,16898414.63,2026-04-24 00:00:00,Libre Disponibilidad,Municipales
1.2.2.14.01,DERECHOS DE OFICINA DEL EJERCICIO,15272780,2026-04-24 00:00:00,Libre Disponibilidad,Municipales
1.2.6.02.02,INFRACCION A LAS OBLIGACIONES EJERCICIO ANTERIORES,9785973.31,2026-04-24 00:00:00,Libre Disponibilidad,Municipales
1.2.1.01.02,TASA SERVICIOS GENERALES MUNICIPALES -ANTERIORES-,7971255.93,2026-04-24 00:00:00,Libre Disponibilidad,Municipales
1.2.6.08.02,MULTAS POR CONTRAVENCIONES (EJERC.ANTERIORES,7684600,2026-04-24 00:00:00,Libre Disponibilidad,Municipales
1.2.6.01.01,MULTAS POR CONTRAVENCIONES DEL EJERCICIO,5957384,2026-04-24 00:00:00,Libre Disponibilidad,Municipales
1.2.2.03.01,PUBLICIDAD Y PROPAGANDA -EJERCICIO-,5855456.96,2026-04-24 00:00:00,Libre Disponibilidad,Municipales
1.1.9.05.02,IMPUESTO AUTOMOTOR LEY 13.010 - ANTERIORES-,5462284.31,2026-04-24 00:00:00,Libre Disponibilidad,Municipales
1.2.1.14,TASA POR SERVICIOS VARIOS EJERCICIO,4323378,2026-04-24 00:00:00,Libre Disponibilidad,Municipales
1.2.2.08.01,CEMENTERIO EJERCICIO,2420580,2026-04-24 00:00:00,Libre Disponibilidad,Municipales
1.2.6.02.01,INFRACCION A LAS OBLIGACIONES EJERCICIO,1717186.14,2026-04-24 00:00:00,Libre Disponibilidad,Municipales
1.1.9.08.01,PATENTE DE MOTOVEHICULOS DEL EJERCICIO,772049.46,2026-04-24 00:00:00,Libre Disponibilidad,Municipales
1.2.1.21,TASAS POR SERV.VARIOS EJERCICIO ANTERIOR,765361.36,2026-04-24 00:00:00,Libre Disponibilidad,Municipales
1.2.2.05.01,OCUPACION Y USO DE ESPACIOS PUBLICOS DEL EJERCICIO,712029.6,2026-04-24 00:00:00,Libre Disponibilidad,Municipales
1.2.2.08.02,CEMENTERIO EJERCICIOS ANTERIORES,556115,2026-04-24 00:00:00,Libre Disponibilidad,Municipales
1.2.2.14.04,ALTAS Y/O BAJAS IMPOSIT.DE AUTOMOTORES,422799.7,2026-04-24 00:00:00,Libre Disponibilidad,Municipales
1.2.1.04,HABILITACIÓN DE COMERCIOS E INDUSTRIAS,345560,2026-04-24 00:00:00,Libre Disponibilidad,Municipales
1.2.2.03.02,PUBLICIDAD Y PROPAGANDA -ANTERIORES-,229355.83,2026-04-24 00:00:00,Libre Disponibilidad,Municipales
1.1.9.05.01,IMPUESTO AUTOMOTOR LEY 13.010 -EJERCICIO-,148356.89,2026-04-24 00:00:00,Libre Disponibilidad,Municipales
1.2.2.14.02,DERECHOS DE OFICINA EJERCICIOS ANTERIORES,143097.66,2026-04-24 00:00:00,Libre Disponibilidad,Municipales
1.2.2.14.05,ALTAS Y/O BAJAS IMPOSIT.DE MOTOVEHICULOS,114480,2026-04-24 00:00:00,Libre Disponibilidad,Municipales
1.2.2.05.02,OCUPACION Y USO DE ESPACIOS PUBLICOS DE EJERCICOS ANTERIORES,97828.95,2026-04-24 00:00:00,Libre Disponibilidad,Municipales
1.2.2.17.01,DERECHO POR OFICIO JUDICIAL DEL EJERCICIO,21200,2026-04-24 00:00:00,Libre Disponibilidad,Municipales
1.2.1.02,SERVICIOS ESPECIALES DE LIMPIEZA E HIGIENE,14840,2026-04-24 00:00:00,Libre Disponibilidad,Municipales
1.2.1.05.01,INSPECCIÓN DE SEGURIDAD E HIGIENE -EJERCICIO-,116146079.2,2026-04-27 00:00:00,Libre Disponibilidad,Municipales
1.2.1.01.01,TASA SERVICIOS GENERALES MUNICIPALES - EJERCICIO-,76654328.28,2026-04-27 00:00:00,Libre Disponibilidad,Municipales
1.2.6.01.02,MULTAS POR CONTRAVENCIONES EJERCICIOS ANTERIORES,40959960.18,2026-04-27 00:00:00,Libre Disponibilidad,Municipales
1.2.2.14.01,DERECHOS DE OFICINA DEL EJERCICIO,15320650,2026-04-27 00:00:00,Libre Disponibilidad,Municipales
1.2.6.08.02,MULTAS POR CONTRAVENCIONES (EJERC.ANTERIORES,15273725,2026-04-27 00:00:00,Libre Disponibilidad,Municipales
1.2.1.05.02,INSPECCIÓN DE SEGURIDAD E HIGIENE -ANTERIORES-,11735292.56,2026-04-27 00:00:00,Libre Disponibilidad,Municipales
1.2.6.01.01,MULTAS POR CONTRAVENCIONES DEL EJERCICIO,9930238.25,2026-04-27 00:00:00,Libre Disponibilidad,Municipales
1.1.9.05.02,IMPUESTO AUTOMOTOR LEY 13.010 - ANTERIORES-,7791975.86,2026-04-27 00:00:00,Libre Disponibilidad,Municipales
1.2.6.02.02,INFRACCION A LAS OBLIGACIONES EJERCICIO ANTERIORES,7134883.48,2026-04-27 00:00:00,Libre Disponibilidad,Municipales
1.2.1.01.02,TASA SERVICIOS GENERALES MUNICIPALES -ANTERIORES-,6858867.12,2026-04-27 00:00:00,Libre Disponibilidad,Municipales
1.2.1.14,TASA POR SERVICIOS VARIOS EJERCICIO,3163245,2026-04-27 00:00:00,Libre Disponibilidad,Municipales
1.2.2.03.01,PUBLICIDAD Y PROPAGANDA -EJERCICIO-,2281413.95,2026-04-27 00:00:00,Libre Disponibilidad,Municipales
1.2.2.08.01,CEMENTERIO EJERCICIO,2021090,2026-04-27 00:00:00,Libre Disponibilidad,Municipales
1.2.6.02.01,INFRACCION A LAS OBLIGACIONES EJERCICIO,1733247.81,2026-04-27 00:00:00,Libre Disponibilidad,Municipales
1.2.1.26,CANON DAKOTA,1323803.97,2026-04-27 00:00:00,Libre Disponibilidad,Municipales
1.2.2.11.01,DERECHOS DE CONSTRUCCION,1265722.96,2026-04-27 00:00:00,Libre Disponibilidad,Municipales
1.2.2.14.04,ALTAS Y/O BAJAS IMPOSIT.DE AUTOMOTORES,804039.96,2026-04-27 00:00:00,Libre Disponibilidad,Municipales
1.1.9.08.01,PATENTE DE MOTOVEHICULOS DEL EJERCICIO,779881.57,2026-04-27 00:00:00,Libre Disponibilidad,Municipales
1.2.1.04,HABILITACIÓN DE COMERCIOS E INDUSTRIAS,715500,2026-04-27 00:00:00,Libre Disponibilidad,Municipales
1.2.2.08.02,CEMENTERIO EJERCICIOS ANTERIORES,324041,2026-04-27 00:00:00,Libre Disponibilidad,Municipales
1.2.2.05.01,OCUPACION Y USO DE ESPACIOS PUBLICOS DEL EJERCICIO,310396.6,2026-04-27 00:00:00,Libre Disponibilidad,Municipales
1.2.2.14.05,ALTAS Y/O BAJAS IMPOSIT.DE MOTOVEHICULOS,267120,2026-04-27 00:00:00,Libre Disponibilidad,Municipales
1.1.9.05.01,IMPUESTO AUTOMOTOR LEY 13.010 -EJERCICIO-,200993.77,2026-04-27 00:00:00,Libre Disponibilidad,Municipales
1.2.1.21,TASAS POR SERV.VARIOS EJERCICIO ANTERIOR,199924.57,2026-04-27 00:00:00,Libre Disponibilidad,Municipales
1.2.2.03.02,PUBLICIDAD Y PROPAGANDA -ANTERIORES-,180172.04,2026-04-27 00:00:00,Libre Disponibilidad,Municipales
1.2.2.14.02,DERECHOS DE OFICINA EJERCICIOS ANTERIORES,162936.29,2026-04-27 00:00:00,Libre Disponibilidad,Municipales
1.2.2.05.02,OCUPACION Y USO DE ESPACIOS PUBLICOS DE EJERCICOS ANTERIORES,39626.9,2026-04-27 00:00:00,Libre Disponibilidad,Municipales
1.2.1.02,SERVICIOS ESPECIALES DE LIMPIEZA E HIGIENE,14840,2026-04-27 00:00:00,Libre Disponibilidad,Municipales
1.2.1.22,INGRESOS VARIOS,-1323803.97,2026-04-27 00:00:00,Libre Disponibilidad,Municipales
1.2.1.01.03,TASA DE ALUMBRADO GENERALES FACTURADO POR EDESUR,2238866006,2026-04-28 00:00:00,Libre Disponibilidad,Municipales
1.6.2.01.02,INTERESES POR COLOCACIONES FINANCIERAS,119338067.1,2026-04-28 00:00:00,Libre Disponibilidad,Municipales
1.2.1.05.01,INSPECCIÓN DE SEGURIDAD E HIGIENE -EJERCICIO-,89923608.17,2026-04-28 00:00:00,Libre Disponibilidad,Municipales
1.2.6.01.02,MULTAS POR CONTRAVENCIONES EJERCICIOS ANTERIORES,31003966.28,2026-04-28 00:00:00,Libre Disponibilidad,Municipales
1.2.1.01.01,TASA SERVICIOS GENERALES MUNICIPALES - EJERCICIO-,29794205.74,2026-04-28 00:00:00,Libre Disponibilidad,Municipales
1.2.2.14.01,DERECHOS DE OFICINA DEL EJERCICIO,18755192,2026-04-28 00:00:00,Libre Disponibilidad,Municipales
1.2.6.08.02,MULTAS POR CONTRAVENCIONES (EJERC.ANTERIORES,13933175,2026-04-28 00:00:00,Libre Disponibilidad,Municipales
1.2.6.01.01,MULTAS POR CONTRAVENCIONES DEL EJERCICIO,13763423.29,2026-04-28 00:00:00,Libre Disponibilidad,Municipales
1.2.1.01.02,TASA SERVICIOS GENERALES MUNICIPALES -ANTERIORES-,12184996.37,2026-04-28 00:00:00,Libre Disponibilidad,Municipales
1.2.1.05.02,INSPECCIÓN DE SEGURIDAD E HIGIENE -ANTERIORES-,9161896.79,2026-04-28 00:00:00,Libre Disponibilidad,Municipales
1.2.2.03.01,PUBLICIDAD Y PROPAGANDA -EJERCICIO-,6613581.82,2026-04-28 00:00:00,Libre Disponibilidad,Municipales
1.2.6.02.02,INFRACCION A LAS OBLIGACIONES EJERCICIO ANTERIORES,4283904.24,2026-04-28 00:00:00,Libre Disponibilidad,Municipales
1.1.9.05.02,IMPUESTO AUTOMOTOR LEY 13.010 - ANTERIORES-,4121235.24,2026-04-28 00:00:00,Libre Disponibilidad,Municipales
1.2.1.14,TASA POR SERVICIOS VARIOS EJERCICIO,2326230.78,2026-04-28 00:00:00,Libre Disponibilidad,Municipales
1.2.6.02.01,INFRACCION A LAS OBLIGACIONES EJERCICIO,2141270.32,2026-04-28 00:00:00,Libre Disponibilidad,Municipales
1.2.2.08.01,CEMENTERIO EJERCICIO,1093170,2026-04-28 00:00:00,Libre Disponibilidad,Municipales
1.2.2.14.04,ALTAS Y/O BAJAS IMPOSIT.DE AUTOMOTORES,805600,2026-04-28 00:00:00,Libre Disponibilidad,Municipales
1.1.9.05.01,IMPUESTO AUTOMOTOR LEY 13.010 -EJERCICIO-,726895.45,2026-04-28 00:00:00,Libre Disponibilidad,Municipales
1.1.9.08.01,PATENTE DE MOTOVEHICULOS DEL EJERCICIO,437110.54,2026-04-28 00:00:00,Libre Disponibilidad,Municipales
1.2.2.11.01,DERECHOS DE CONSTRUCCION,389114.88,2026-04-28 00:00:00,Libre Disponibilidad,Municipales
1.2.2.05.01,OCUPACION Y USO DE ESPACIOS PUBLICOS DEL EJERCICIO,315374.71,2026-04-28 00:00:00,Libre Disponibilidad,Municipales
1.2.2.14.05,ALTAS Y/O BAJAS IMPOSIT.DE MOTOVEHICULOS,248040,2026-04-28 00:00:00,Libre Disponibilidad,Municipales
1.2.2.03.02,PUBLICIDAD Y PROPAGANDA -ANTERIORES-,236497.62,2026-04-28 00:00:00,Libre Disponibilidad,Municipales
1.2.1.21,TASAS POR SERV.VARIOS EJERCICIO ANTERIOR,220256.44,2026-04-28 00:00:00,Libre Disponibilidad,Municipales
1.2.2.08.02,CEMENTERIO EJERCICIOS ANTERIORES,144076,2026-04-28 00:00:00,Libre Disponibilidad,Municipales
1.2.1.04,HABILITACIÓN DE COMERCIOS E INDUSTRIAS,143100,2026-04-28 00:00:00,Libre Disponibilidad,Municipales
1.2.6.08.01,MULTAS POR CONTRAVENCIONES (EJERCICIO),94800,2026-04-28 00:00:00,Libre Disponibilidad,Municipales
1.2.2.14.02,DERECHOS DE OFICINA EJERCICIOS ANTERIORES,86445.33,2026-04-28 00:00:00,Libre Disponibilidad,Municipales
1.2.2.05.02,OCUPACION Y USO DE ESPACIOS PUBLICOS DE EJERCICOS ANTERIORES,32297.16,2026-04-28 00:00:00,Libre Disponibilidad,Municipales
1.2.6.01.02,MULTAS POR CONTRAVENCIONES EJERCICIOS ANTERIORES,36917558.02,2026-04-29 00:00:00,Libre Disponibilidad,Municipales
1.2.1.05.01,INSPECCIÓN DE SEGURIDAD E HIGIENE -EJERCICIO-,22856989.58,2026-04-29 00:00:00,Libre Disponibilidad,Municipales
1.2.1.05.02,INSPECCIÓN DE SEGURIDAD E HIGIENE -ANTERIORES-,17669690.74,2026-04-29 00:00:00,Libre Disponibilidad,Municipales
1.2.2.14.01,DERECHOS DE OFICINA DEL EJERCICIO,15051689,2026-04-29 00:00:00,Libre Disponibilidad,Municipales
1.2.1.01.01,TASA SERVICIOS GENERALES MUNICIPALES - EJERCICIO-,12227893.19,2026-04-29 00:00:00,Libre Disponibilidad,Municipales
1.2.1.01.02,TASA SERVICIOS GENERALES MUNICIPALES -ANTERIORES-,8546860.13,2026-04-29 00:00:00,Libre Disponibilidad,Municipales
1.2.6.08.02,MULTAS POR CONTRAVENCIONES (EJERC.ANTERIORES,7690600,2026-04-29 00:00:00,Libre Disponibilidad,Municipales
1.2.6.02.02,INFRACCION A LAS OBLIGACIONES EJERCICIO ANTERIORES,4614241.17,2026-04-29 00:00:00,Libre Disponibilidad,Municipales
1.2.6.01.01,MULTAS POR CONTRAVENCIONES DEL EJERCICIO,4576602.5,2026-04-29 00:00:00,Libre Disponibilidad,Municipales
1.1.9.05.02,IMPUESTO AUTOMOTOR LEY 13.010 - ANTERIORES-,4369178.29,2026-04-29 00:00:00,Libre Disponibilidad,Municipales
1.2.2.11.01,DERECHOS DE CONSTRUCCION,2788535.38,2026-04-29 00:00:00,Libre Disponibilidad,Municipales
1.2.6.02.01,INFRACCION A LAS OBLIGACIONES EJERCICIO,1798975.23,2026-04-29 00:00:00,Libre Disponibilidad,Municipales
1.2.2.08.01,CEMENTERIO EJERCICIO,1183955,2026-04-29 00:00:00,Libre Disponibilidad,Municipales
1.2.1.14,TASA POR SERVICIOS VARIOS EJERCICIO,878580,2026-04-29 00:00:00,Libre Disponibilidad,Municipales
1.1.9.05.01,IMPUESTO AUTOMOTOR LEY 13.010 -EJERCICIO-,691237.61,2026-04-29 00:00:00,Libre Disponibilidad,Municipales
1.2.2.14.04,ALTAS Y/O BAJAS IMPOSIT.DE AUTOMOTORES,689740,2026-04-29 00:00:00,Libre Disponibilidad,Municipales
1.2.2.03.01,PUBLICIDAD Y PROPAGANDA -EJERCICIO-,539869.84,2026-04-29 00:00:00,Libre Disponibilidad,Municipales
1.2.1.21,TASAS POR SERV.VARIOS EJERCICIO ANTERIOR,445118.27,2026-04-29 00:00:00,Libre Disponibilidad,Municipales
1.1.9.08.01,PATENTE DE MOTOVEHICULOS DEL EJERCICIO,388475.84,2026-04-29 00:00:00,Libre Disponibilidad,Municipales
1.2.2.08.02,CEMENTERIO EJERCICIOS ANTERIORES,373648,2026-04-29 00:00:00,Libre Disponibilidad,Municipales
1.2.2.14.05,ALTAS Y/O BAJAS IMPOSIT.DE MOTOVEHICULOS,250686,2026-04-29 00:00:00,Libre Disponibilidad,Municipales
1.2.2.05.01,OCUPACION Y USO DE ESPACIOS PUBLICOS DEL EJERCICIO,212263.52,2026-04-29 00:00:00,Libre Disponibilidad,Municipales
1.2.2.14.02,DERECHOS DE OFICINA EJERCICIOS ANTERIORES,164261.04,2026-04-29 00:00:00,Libre Disponibilidad,Municipales
1.2.1.04,HABILITACIÓN DE COMERCIOS E INDUSTRIAS,143100,2026-04-29 00:00:00,Libre Disponibilidad,Municipales
1.2.2.03.02,PUBLICIDAD Y PROPAGANDA -ANTERIORES-,41181.11,2026-04-29 00:00:00,Libre Disponibilidad,Municipales
1.2.2.05.02,OCUPACION Y USO DE ESPACIOS PUBLICOS DE EJERCICOS ANTERIORES,30327.35,2026-04-29 00:00:00,Libre Disponibilidad,Municipales
1.2.1.02,SERVICIOS ESPECIALES DE LIMPIEZA E HIGIENE,15134,2026-04-29 00:00:00,Libre Disponibilidad,Municipales
1.6.2.01.02,INTERESES POR COLOCACIONES FINANCIERAS,123890050.3,2026-04-30 00:00:00,Libre Disponibilidad,Municipales
1.2.6.01.02,MULTAS POR CONTRAVENCIONES EJERCICIOS ANTERIORES,41766300.32,2026-04-30 00:00:00,Libre Disponibilidad,Municipales
1.2.6.06,CONVENIO A.C.A.R.A.,29253941.47,2026-04-30 00:00:00,Libre Disponibilidad,Municipales
1.2.1.01.01,TASA SERVICIOS GENERALES MUNICIPALES - EJERCICIO-,26649269.67,2026-04-30 00:00:00,Libre Disponibilidad,Municipales
1.2.2.14.01,DERECHOS DE OFICINA DEL EJERCICIO,14982458,2026-04-30 00:00:00,Libre Disponibilidad,Municipales
1.2.1.05.01,INSPECCIÓN DE SEGURIDAD E HIGIENE -EJERCICIO-,9012170,2026-04-30 00:00:00,Libre Disponibilidad,Municipales
1.2.1.01.02,TASA SERVICIOS GENERALES MUNICIPALES -ANTERIORES-,7611012.75,2026-04-30 00:00:00,Libre Disponibilidad,Municipales
1.2.1.05.02,INSPECCIÓN DE SEGURIDAD E HIGIENE -ANTERIORES-,7453365.45,2026-04-30 00:00:00,Libre Disponibilidad,Municipales
1.2.6.01.01,MULTAS POR CONTRAVENCIONES DEL EJERCICIO,6246453,2026-04-30 00:00:00,Libre Disponibilidad,Municipales
1.2.6.02.02,INFRACCION A LAS OBLIGACIONES EJERCICIO ANTERIORES,4544696.3,2026-04-30 00:00:00,Libre Disponibilidad,Municipales
1.1.9.05.02,IMPUESTO AUTOMOTOR LEY 13.010 - ANTERIORES-,4229854.81,2026-04-30 00:00:00,Libre Disponibilidad,Municipales
1.2.6.08.02,MULTAS POR CONTRAVENCIONES (EJERC.ANTERIORES,4211925,2026-04-30 00:00:00,Libre Disponibilidad,Municipales
1.2.1.17,"LEY 11018 BINGOS, CASINOS E HIPODROMOS",3594960,2026-04-30 00:00:00,Libre Disponibilidad,Municipales
1.2.2.08.01,CEMENTERIO EJERCICIO,1742006,2026-04-30 00:00:00,Libre Disponibilidad,Municipales
1.2.6.02.01,INFRACCION A LAS OBLIGACIONES EJERCICIO,1520300.71,2026-04-30 00:00:00,Libre Disponibilidad,Municipales
1.2.1.14,TASA POR SERVICIOS VARIOS EJERCICIO,1216209,2026-04-30 00:00:00,Libre Disponibilidad,Municipales
1.2.2.14.04,ALTAS Y/O BAJAS IMPOSIT.DE AUTOMOTORES,799560,2026-04-30 00:00:00,Libre Disponibilidad,Municipales
1.1.9.08.01,PATENTE DE MOTOVEHICULOS DEL EJERCICIO,775479.19,2026-04-30 00:00:00,Libre Disponibilidad,Municipales
1.2.2.08.02,CEMENTERIO EJERCICIOS ANTERIORES,578330,2026-04-30 00:00:00,Libre Disponibilidad,Municipales
1.2.1.04,HABILITACIÓN DE COMERCIOS E INDUSTRIAS,551500,2026-04-30 00:00:00,Libre Disponibilidad,Municipales
1.2.2.03.01,PUBLICIDAD Y PROPAGANDA -EJERCICIO-,457453.04,2026-04-30 00:00:00,Libre Disponibilidad,Municipales
1.1.9.05.01,IMPUESTO AUTOMOTOR LEY 13.010 -EJERCICIO-,338349.58,2026-04-30 00:00:00,Libre Disponibilidad,Municipales
1.2.2.14.05,ALTAS Y/O BAJAS IMPOSIT.DE MOTOVEHICULOS,252954,2026-04-30 00:00:00,Libre Disponibilidad,Municipales
1.2.2.05.01,OCUPACION Y USO DE ESPACIOS PUBLICOS DEL EJERCICIO,183213.72,2026-04-30 00:00:00,Libre Disponibilidad,Municipales
1.2.2.14.02,DERECHOS DE OFICINA EJERCICIOS ANTERIORES,154924.93,2026-04-30 00:00:00,Libre Disponibilidad,Municipales
1.2.2.11.01,DERECHOS DE CONSTRUCCION,101440,2026-04-30 00:00:00,Libre Disponibilidad,Municipales
1.2.1.21,TASAS POR SERV.VARIOS EJERCICIO ANTERIOR,70053.56,2026-04-30 00:00:00,Libre Disponibilidad,Municipales
1.2.2.03.02,PUBLICIDAD Y PROPAGANDA -ANTERIORES-,27039.18,2026-04-30 00:00:00,Libre Disponibilidad,Municipales
1.2.2.05.02,OCUPACION Y USO DE ESPACIOS PUBLICOS DE EJERCICOS ANTERIORES,24221.15,2026-04-30 00:00:00,Libre Disponibilidad,Municipales
1.2.2.17.01,DERECHO POR OFICIO JUDICIAL DEL EJERCICIO,21200,2026-04-30 00:00:00,Libre Disponibilidad,Municipales
1.2.6.01.02,MULTAS POR CONTRAVENCIONES EJERCICIOS ANTERIORES,25914015.31,2026-05-04 00:00:00,Libre Disponibilidad,Municipales
1.2.1.01.01,TASA SERVICIOS GENERALES MUNICIPALES - EJERCICIO-,22129257.81,2026-05-04 00:00:00,Libre Disponibilidad,Municipales
1.2.2.03.01,PUBLICIDAD Y PROPAGANDA -EJERCICIO-,12273357.92,2026-05-04 00:00:00,Libre Disponibilidad,Municipales
1.2.1.01.02,TASA SERVICIOS GENERALES MUNICIPALES -ANTERIORES-,11319651.14,2026-05-04 00:00:00,Libre Disponibilidad,Municipales
1.2.6.01.01,MULTAS POR CONTRAVENCIONES DEL EJERCICIO,7923162,2026-05-04 00:00:00,Libre Disponibilidad,Municipales
1.1.9.05.02,IMPUESTO AUTOMOTOR LEY 13.010 - ANTERIORES-,6971337.93,2026-05-04 00:00:00,Libre Disponibilidad,Municipales
1.2.6.08.02,MULTAS POR CONTRAVENCIONES (EJERC.ANTERIORES,6297525,2026-05-04 00:00:00,Libre Disponibilidad,Municipales
1.2.2.14.01,DERECHOS DE OFICINA DEL EJERCICIO,5869007,2026-05-04 00:00:00,Libre Disponibilidad,Municipales
1.2.1.05.01,INSPECCIÓN DE SEGURIDAD E HIGIENE -EJERCICIO-,5567038,2026-05-04 00:00:00,Libre Disponibilidad,Municipales
1.2.6.02.02,INFRACCION A LAS OBLIGACIONES EJERCICIO ANTERIORES,5124516.45,2026-05-04 00:00:00,Libre Disponibilidad,Municipales
1.2.1.05.02,INSPECCIÓN DE SEGURIDAD E HIGIENE -ANTERIORES-,3965843.64,2026-05-04 00:00:00,Libre Disponibilidad,Municipales
1.1.9.08.01,PATENTE DE MOTOVEHICULOS DEL EJERCICIO,1325746.3,2026-05-04 00:00:00,Libre Disponibilidad,Municipales
1.2.6.02.01,INFRACCION A LAS OBLIGACIONES EJERCICIO,778496.72,2026-05-04 00:00:00,Libre Disponibilidad,Municipales
1.2.1.14,TASA POR SERVICIOS VARIOS EJERCICIO,666738,2026-05-04 00:00:00,Libre Disponibilidad,Municipales
1.2.2.14.04,ALTAS Y/O BAJAS IMPOSIT.DE AUTOMOTORES,639740,2026-05-04 00:00:00,Libre Disponibilidad,Municipales
1.2.6.08.01,MULTAS POR CONTRAVENCIONES (EJERCICIO),284400,2026-05-04 00:00:00,Libre Disponibilidad,Municipales
1.2.2.08.01,CEMENTERIO EJERCICIO,264286,2026-05-04 00:00:00,Libre Disponibilidad,Municipales
1.2.2.05.01,OCUPACION Y USO DE ESPACIOS PUBLICOS DEL EJERCICIO,224692.4,2026-05-04 00:00:00,Libre Disponibilidad,Municipales
1.2.2.14.05,ALTAS Y/O BAJAS IMPOSIT.DE MOTOVEHICULOS,152442,2026-05-04 00:00:00,Libre Disponibilidad,Municipales
1.1.9.05.01,IMPUESTO AUTOMOTOR LEY 13.010 -EJERCICIO-,140736,2026-05-04 00:00:00,Libre Disponibilidad,Municipales
1.2.2.14.02,DERECHOS DE OFICINA EJERCICIOS ANTERIORES,117144.08,2026-05-04 00:00:00,Libre Disponibilidad,Municipales
1.2.2.11.01,DERECHOS DE CONSTRUCCION,98434.78,2026-05-04 00:00:00,Libre Disponibilidad,Municipales
1.2.1.04,HABILITACIÓN DE COMERCIOS E INDUSTRIAS,94858,2026-05-04 00:00:00,Libre Disponibilidad,Municipales
1.2.1.21,TASAS POR SERV.VARIOS EJERCICIO ANTERIOR,34731.15,2026-05-04 00:00:00,Libre Disponibilidad,Municipales
1.2.2.03.02,PUBLICIDAD Y PROPAGANDA -ANTERIORES-,10393.98,2026-05-04 00:00:00,Libre Disponibilidad,Municipales
1.2.2.05.02,OCUPACION Y USO DE ESPACIOS PUBLICOS DE EJERCICOS ANTERIORES,3214,2026-05-04 00:00:00,Libre Disponibilidad,Municipales
1.2.2.08.02,CEMENTERIO EJERCICIOS ANTERIORES,2156,2026-05-04 00:00:00,Libre Disponibilidad,Municipales
1.2.1.01.01,TASA SERVICIOS GENERALES MUNICIPALES - EJERCICIO-,70149573.67,2026-05-05 00:00:00,Libre Disponibilidad,Municipales
1.2.6.01.02,MULTAS POR CONTRAVENCIONES EJERCICIOS ANTERIORES,33088694.85,2026-05-05 00:00:00,Libre Disponibilidad,Municipales
1.2.1.01.02,TASA SERVICIOS GENERALES MUNICIPALES -ANTERIORES-,14366370.02,2026-05-05 00:00:00,Libre Disponibilidad,Municipales
1.2.1.05.01,INSPECCIÓN DE SEGURIDAD E HIGIENE -EJERCICIO-,11542965.66,2026-05-05 00:00:00,Libre Disponibilidad,Municipales
1.2.2.14.01,DERECHOS DE OFICINA DEL EJERCICIO,9227953,2026-05-05 00:00:00,Libre Disponibilidad,Municipales
1.2.6.01.01,MULTAS POR CONTRAVENCIONES DEL EJERCICIO,7260876,2026-05-05 00:00:00,Libre Disponibilidad,Municipales
1.2.1.05.02,INSPECCIÓN DE SEGURIDAD E HIGIENE -ANTERIORES-,6305945.93,2026-05-05 00:00:00,Libre Disponibilidad,Municipales
1.2.6.08.02,MULTAS POR CONTRAVENCIONES (EJERC.ANTERIORES,5267200,2026-05-05 00:00:00,Libre Disponibilidad,Municipales
1.2.6.02.02,INFRACCION A LAS OBLIGACIONES EJERCICIO ANTERIORES,4765927.14,2026-05-05 00:00:00,Libre Disponibilidad,Municipales
1.1.9.05.02,IMPUESTO AUTOMOTOR LEY 13.010 - ANTERIORES-,4208654.35,2026-05-05 00:00:00,Libre Disponibilidad,Municipales
1.2.2.03.01,PUBLICIDAD Y PROPAGANDA -EJERCICIO-,3538080.85,2026-05-05 00:00:00,Libre Disponibilidad,Municipales
1.2.6.02.01,INFRACCION A LAS OBLIGACIONES EJERCICIO,1669055.81,2026-05-05 00:00:00,Libre Disponibilidad,Municipales
1.2.2.08.01,CEMENTERIO EJERCICIO,1326520,2026-05-05 00:00:00,Libre Disponibilidad,Municipales
1.1.9.08.01,PATENTE DE MOTOVEHICULOS DEL EJERCICIO,1288508.55,2026-05-05 00:00:00,Libre Disponibilidad,Municipales
1.2.1.14,TASA POR SERVICIOS VARIOS EJERCICIO,827770,2026-05-05 00:00:00,Libre Disponibilidad,Municipales
1.2.2.14.04,ALTAS Y/O BAJAS IMPOSIT.DE AUTOMOTORES,638880,2026-05-05 00:00:00,Libre Disponibilidad,Municipales
1.2.2.08.02,CEMENTERIO EJERCICIOS ANTERIORES,587865,2026-05-05 00:00:00,Libre Disponibilidad,Municipales
1.2.2.11.01,DERECHOS DE CONSTRUCCION,404987.22,2026-05-05 00:00:00,Libre Disponibilidad,Municipales
1.2.2.05.01,OCUPACION Y USO DE ESPACIOS PUBLICOS DEL EJERCICIO,220213.68,2026-05-05 00:00:00,Libre Disponibilidad,Municipales
1.2.6.08.01,MULTAS POR CONTRAVENCIONES (EJERCICIO),189600,2026-05-05 00:00:00,Libre Disponibilidad,Municipales
1.2.2.14.05,ALTAS Y/O BAJAS IMPOSIT.DE MOTOVEHICULOS,177138,2026-05-05 00:00:00,Libre Disponibilidad,Municipales
1.1.9.05.01,IMPUESTO AUTOMOTOR LEY 13.010 -EJERCICIO-,176857.69,2026-05-05 00:00:00,Libre Disponibilidad,Municipales
1.2.1.04,HABILITACIÓN DE COMERCIOS E INDUSTRIAS,143100,2026-05-05 00:00:00,Libre Disponibilidad,Municipales
1.2.2.14.02,DERECHOS DE OFICINA EJERCICIOS ANTERIORES,114722.53,2026-05-05 00:00:00,Libre Disponibilidad,Municipales
1.2.2.03.02,PUBLICIDAD Y PROPAGANDA -ANTERIORES-,66217,2026-05-05 00:00:00,Libre Disponibilidad,Municipales
1.2.1.21,TASAS POR SERV.VARIOS EJERCICIO ANTERIOR,46374.23,2026-05-05 00:00:00,Libre Disponibilidad,Municipales
1.2.1.02,SERVICIOS ESPECIALES DE LIMPIEZA E HIGIENE,15442,2026-05-05 00:00:00,Libre Disponibilidad,Municipales
1.2.2.05.02,OCUPACION Y USO DE ESPACIOS PUBLICOS DE EJERCICOS ANTERIORES,5825.52,2026-05-05 00:00:00,Libre Disponibilidad,Municipales
1.2.1.01.01,TASA SERVICIOS GENERALES MUNICIPALES - EJERCICIO-,45880820.44,2026-05-06 00:00:00,Libre Disponibilidad,Municipales
1.2.6.01.02,MULTAS POR CONTRAVENCIONES EJERCICIOS ANTERIORES,29410997.79,2026-05-06 00:00:00,Libre Disponibilidad,Municipales
1.2.2.14.01,DERECHOS DE OFICINA DEL EJERCICIO,13531557,2026-05-06 00:00:00,Libre Disponibilidad,Municipales
1.2.1.05.01,INSPECCIÓN DE SEGURIDAD E HIGIENE -EJERCICIO-,7663758.06,2026-05-06 00:00:00,Libre Disponibilidad,Municipales
1.2.1.01.02,TASA SERVICIOS GENERALES MUNICIPALES -ANTERIORES-,6622431.92,2026-05-06 00:00:00,Libre Disponibilidad,Municipales
1.2.6.01.01,MULTAS POR CONTRAVENCIONES DEL EJERCICIO,5522750,2026-05-06 00:00:00,Libre Disponibilidad,Municipales
1.1.9.05.02,IMPUESTO AUTOMOTOR LEY 13.010 - ANTERIORES-,4458939.46,2026-05-06 00:00:00,Libre Disponibilidad,Municipales
1.2.1.05.02,INSPECCIÓN DE SEGURIDAD E HIGIENE -ANTERIORES-,2925187.03,2026-05-06 00:00:00,Libre Disponibilidad,Municipales
1.2.6.08.02,MULTAS POR CONTRAVENCIONES (EJERC.ANTERIORES,2018175,2026-05-06 00:00:00,Libre Disponibilidad,Municipales
1.2.6.02.02,INFRACCION A LAS OBLIGACIONES EJERCICIO ANTERIORES,1776430.38,2026-05-06 00:00:00,Libre Disponibilidad,Municipales
1.1.9.08.01,PATENTE DE MOTOVEHICULOS DEL EJERCICIO,1528640.46,2026-05-06 00:00:00,Libre Disponibilidad,Municipales
1.2.2.11.01,DERECHOS DE CONSTRUCCION,1372935.84,2026-05-06 00:00:00,Libre Disponibilidad,Municipales
1.2.6.02.01,INFRACCION A LAS OBLIGACIONES EJERCICIO,798838.67,2026-05-06 00:00:00,Libre Disponibilidad,Municipales
1.2.2.08.01,CEMENTERIO EJERCICIO,712869,2026-05-06 00:00:00,Libre Disponibilidad,Municipales
1.2.2.14.04,ALTAS Y/O BAJAS IMPOSIT.DE AUTOMOTORES,660940,2026-05-06 00:00:00,Libre Disponibilidad,Municipales
1.2.1.14,TASA POR SERVICIOS VARIOS EJERCICIO,407605,2026-05-06 00:00:00,Libre Disponibilidad,Municipales
1.1.9.05.01,IMPUESTO AUTOMOTOR LEY 13.010 -EJERCICIO-,282892.65,2026-05-06 00:00:00,Libre Disponibilidad,Municipales
1.2.2.08.02,CEMENTERIO EJERCICIOS ANTERIORES,251502,2026-05-06 00:00:00,Libre Disponibilidad,Municipales
1.2.2.14.05,ALTAS Y/O BAJAS IMPOSIT.DE MOTOVEHICULOS,237474,2026-05-06 00:00:00,Libre Disponibilidad,Municipales
1.2.2.03.01,PUBLICIDAD Y PROPAGANDA -EJERCICIO-,180389.46,2026-05-06 00:00:00,Libre Disponibilidad,Municipales
1.2.2.14.02,DERECHOS DE OFICINA EJERCICIOS ANTERIORES,174941.95,2026-05-06 00:00:00,Libre Disponibilidad,Municipales
1.2.2.05.01,OCUPACION Y USO DE ESPACIOS PUBLICOS DEL EJERCICIO,151673.4,2026-05-06 00:00:00,Libre Disponibilidad,Municipales
1.2.6.08.01,MULTAS POR CONTRAVENCIONES (EJERCICIO),94800,2026-05-06 00:00:00,Libre Disponibilidad,Municipales
1.2.1.21,TASAS POR SERV.VARIOS EJERCICIO ANTERIOR,51704.49,2026-05-06 00:00:00,Libre Disponibilidad,Municipales
2.1.2.01,CONTRIBUCIONES POR MEJORAS DEL EJERCICIO,31800,2026-05-06 00:00:00,Libre Disponibilidad,Municipales
1.2.1.02,SERVICIOS ESPECIALES DE LIMPIEZA E HIGIENE,15442,2026-05-06 00:00:00,Libre Disponibilidad,Municipales
1.2.2.03.02,PUBLICIDAD Y PROPAGANDA -ANTERIORES-,11289.36,2026-05-06 00:00:00,Libre Disponibilidad,Municipales
1.2.2.05.02,OCUPACION Y USO DE ESPACIOS PUBLICOS DE EJERCICOS ANTERIORES,491.03,2026-05-06 00:00:00,Libre Disponibilidad,Municipales
1.2.1.01.01,TASA SERVICIOS GENERALES MUNICIPALES - EJERCICIO-,180448985.1,2026-05-07 00:00:00,Libre Disponibilidad,Municipales
1.2.6.01.02,MULTAS POR CONTRAVENCIONES EJERCICIOS ANTERIORES,53413743.29,2026-05-07 00:00:00,Libre Disponibilidad,Municipales
1.2.2.14.01,DERECHOS DE OFICINA DEL EJERCICIO,17417976,2026-05-07 00:00:00,Libre Disponibilidad,Municipales
1.2.1.05.01,INSPECCIÓN DE SEGURIDAD E HIGIENE -EJERCICIO-,10776146,2026-05-07 00:00:00,Libre Disponibilidad,Municipales
1.2.1.01.02,TASA SERVICIOS GENERALES MUNICIPALES -ANTERIORES-,5448816.99,2026-05-07 00:00:00,Libre Disponibilidad,Municipales
1.2.2.11.01,DERECHOS DE CONSTRUCCION,4883245.61,2026-05-07 00:00:00,Libre Disponibilidad,Municipales
1.2.6.01.01,MULTAS POR CONTRAVENCIONES DEL EJERCICIO,4111544,2026-05-07 00:00:00,Libre Disponibilidad,Municipales
1.1.9.05.02,IMPUESTO AUTOMOTOR LEY 13.010 - ANTERIORES-,3948065.28,2026-05-07 00:00:00,Libre Disponibilidad,Municipales
1.2.6.08.02,MULTAS POR CONTRAVENCIONES (EJERC.ANTERIORES,3589050,2026-05-07 00:00:00,Libre Disponibilidad,Municipales
1.2.6.02.02,INFRACCION A LAS OBLIGACIONES EJERCICIO ANTERIORES,3172979.06,2026-05-07 00:00:00,Libre Disponibilidad,Municipales
1.2.2.08.01,CEMENTERIO EJERCICIO,2356764,2026-05-07 00:00:00,Libre Disponibilidad,Municipales
1.2.1.05.02,INSPECCIÓN DE SEGURIDAD E HIGIENE -ANTERIORES-,2084210.91,2026-05-07 00:00:00,Libre Disponibilidad,Municipales
1.2.1.14,TASA POR SERVICIOS VARIOS EJERCICIO,1383697,2026-05-07 00:00:00,Libre Disponibilidad,Municipales
1.1.9.08.01,PATENTE DE MOTOVEHICULOS DEL EJERCICIO,1311389.62,2026-05-07 00:00:00,Libre Disponibilidad,Municipales
1.2.6.02.01,INFRACCION A LAS OBLIGACIONES EJERCICIO,994084.3,2026-05-07 00:00:00,Libre Disponibilidad,Municipales
1.2.2.08.02,CEMENTERIO EJERCICIOS ANTERIORES,689648,2026-05-07 00:00:00,Libre Disponibilidad,Municipales
1.2.2.14.04,ALTAS Y/O BAJAS IMPOSIT.DE AUTOMOTORES,593880,2026-05-07 00:00:00,Libre Disponibilidad,Municipales
1.1.9.05.01,IMPUESTO AUTOMOTOR LEY 13.010 -EJERCICIO-,385297.37,2026-05-07 00:00:00,Libre Disponibilidad,Municipales
1.2.2.14.05,ALTAS Y/O BAJAS IMPOSIT.DE MOTOVEHICULOS,375282,2026-05-07 00:00:00,Libre Disponibilidad,Municipales
1.2.2.03.01,PUBLICIDAD Y PROPAGANDA -EJERCICIO-,323990.57,2026-05-07 00:00:00,Libre Disponibilidad,Municipales
1.2.2.05.01,OCUPACION Y USO DE ESPACIOS PUBLICOS DEL EJERCICIO,247815.16,2026-05-07 00:00:00,Libre Disponibilidad,Municipales
1.2.6.08.01,MULTAS POR CONTRAVENCIONES (EJERCICIO),189600,2026-05-07 00:00:00,Libre Disponibilidad,Municipales
1.2.2.14.02,DERECHOS DE OFICINA EJERCICIOS ANTERIORES,99369.05,2026-05-07 00:00:00,Libre Disponibilidad,Municipales
1.2.2.05.02,OCUPACION Y USO DE ESPACIOS PUBLICOS DE EJERCICOS ANTERIORES,92986.07,2026-05-07 00:00:00,Libre Disponibilidad,Municipales
1.2.2.03.02,PUBLICIDAD Y PROPAGANDA -ANTERIORES-,76817.53,2026-05-07 00:00:00,Libre Disponibilidad,Municipales
1.2.1.21,TASAS POR SERV.VARIOS EJERCICIO ANTERIOR,53533.37,2026-05-07 00:00:00,Libre Disponibilidad,Municipales
1.2.1.01.01,TASA SERVICIOS GENERALES MUNICIPALES - EJERCICIO-,81298696.71,2026-05-08 00:00:00,Libre Disponibilidad,Municipales
1.2.6.01.02,MULTAS POR CONTRAVENCIONES EJERCICIOS ANTERIORES,29316062.58,2026-05-08 00:00:00,Libre Disponibilidad,Municipales
1.2.2.14.01,DERECHOS DE OFICINA DEL EJERCICIO,12191437,2026-05-08 00:00:00,Libre Disponibilidad,Municipales
1.2.1.05.01,INSPECCIÓN DE SEGURIDAD E HIGIENE -EJERCICIO-,11305177,2026-05-08 00:00:00,Libre Disponibilidad,Municipales
1.2.1.01.02,TASA SERVICIOS GENERALES MUNICIPALES -ANTERIORES-,9136167.78,2026-05-08 00:00:00,Libre Disponibilidad,Municipales
1.2.1.05.02,INSPECCIÓN DE SEGURIDAD E HIGIENE -ANTERIORES-,6507450,2026-05-08 00:00:00,Libre Disponibilidad,Municipales
1.2.6.01.01,MULTAS POR CONTRAVENCIONES DEL EJERCICIO,4038202,2026-05-08 00:00:00,Libre Disponibilidad,Municipales
1.2.6.08.02,MULTAS POR CONTRAVENCIONES (EJERC.ANTERIORES,3771975,2026-05-08 00:00:00,Libre Disponibilidad,Municipales
1.1.9.05.02,IMPUESTO AUTOMOTOR LEY 13.010 - ANTERIORES-,3441157.5,2026-05-08 00:00:00,Libre Disponibilidad,Municipales
1.2.6.02.02,INFRACCION A LAS OBLIGACIONES EJERCICIO ANTERIORES,2906128.61,2026-05-08 00:00:00,Libre Disponibilidad,Municipales
1.2.2.08.01,CEMENTERIO EJERCICIO,1793230,2026-05-08 00:00:00,Libre Disponibilidad,Municipales
1.1.9.08.01,PATENTE DE MOTOVEHICULOS DEL EJERCICIO,1029246.65,2026-05-08 00:00:00,Libre Disponibilidad,Municipales
1.2.6.02.01,INFRACCION A LAS OBLIGACIONES EJERCICIO,923178.1,2026-05-08 00:00:00,Libre Disponibilidad,Municipales
1.2.2.14.04,ALTAS Y/O BAJAS IMPOSIT.DE AUTOMOTORES,746580,2026-05-08 00:00:00,Libre Disponibilidad,Municipales
1.2.2.11.01,DERECHOS DE CONSTRUCCION,645446.64,2026-05-08 00:00:00,Libre Disponibilidad,Municipales
1.2.2.08.02,CEMENTERIO EJERCICIOS ANTERIORES,494069,2026-05-08 00:00:00,Libre Disponibilidad,Municipales
1.2.2.03.01,PUBLICIDAD Y PROPAGANDA -EJERCICIO-,324552.01,2026-05-08 00:00:00,Libre Disponibilidad,Municipales
1.1.9.05.01,IMPUESTO AUTOMOTOR LEY 13.010 -EJERCICIO-,306586.26,2026-05-08 00:00:00,Libre Disponibilidad,Municipales
1.2.1.14,TASA POR SERVICIOS VARIOS EJERCICIO,302295,2026-05-08 00:00:00,Libre Disponibilidad,Municipales
1.2.2.14.05,ALTAS Y/O BAJAS IMPOSIT.DE MOTOVEHICULOS,218394,2026-05-08 00:00:00,Libre Disponibilidad,Municipales
1.2.2.05.01,OCUPACION Y USO DE ESPACIOS PUBLICOS DEL EJERCICIO,183160.56,2026-05-08 00:00:00,Libre Disponibilidad,Municipales
1.2.1.04,HABILITACIÓN DE COMERCIOS E INDUSTRIAS,143100,2026-05-08 00:00:00,Libre Disponibilidad,Municipales
1.2.1.21,TASAS POR SERV.VARIOS EJERCICIO ANTERIOR,142362.56,2026-05-08 00:00:00,Libre Disponibilidad,Municipales
1.2.2.14.02,DERECHOS DE OFICINA EJERCICIOS ANTERIORES,88370.58,2026-05-08 00:00:00,Libre Disponibilidad,Municipales
1.2.2.05.02,OCUPACION Y USO DE ESPACIOS PUBLICOS DE EJERCICOS ANTERIORES,64647.52,2026-05-08 00:00:00,Libre Disponibilidad,Municipales
1.2.2.03.02,PUBLICIDAD Y PROPAGANDA -ANTERIORES-,31472.4,2026-05-08 00:00:00,Libre Disponibilidad,Municipales
1.2.6.06,CONVENIO A.C.A.R.A.,168572241.4,2026-05-11 00:00:00,Libre Disponibilidad,Municipales
1.2.1.01.01,TASA SERVICIOS GENERALES MUNICIPALES - EJERCICIO-,130171779.7,2026-05-11 00:00:00,Libre Disponibilidad,Municipales
1.2.6.01.02,MULTAS POR CONTRAVENCIONES EJERCICIOS ANTERIORES,38352759.41,2026-05-11 00:00:00,Libre Disponibilidad,Municipales
1.2.1.05.01,INSPECCIÓN DE SEGURIDAD E HIGIENE -EJERCICIO-,27618087.39,2026-05-11 00:00:00,Libre Disponibilidad,Municipales
1.2.1.01.02,TASA SERVICIOS GENERALES MUNICIPALES -ANTERIORES-,22809365.98,2026-05-11 00:00:00,Libre Disponibilidad,Municipales
1.2.2.14.01,DERECHOS DE OFICINA DEL EJERCICIO,15494199,2026-05-11 00:00:00,Libre Disponibilidad,Municipales
1.2.6.08.02,MULTAS POR CONTRAVENCIONES (EJERC.ANTERIORES,12223000,2026-05-11 00:00:00,Libre Disponibilidad,Municipales
1.2.1.05.02,INSPECCIÓN DE SEGURIDAD E HIGIENE -ANTERIORES-,8531219.31,2026-05-11 00:00:00,Libre Disponibilidad,Municipales
1.2.6.02.02,INFRACCION A LAS OBLIGACIONES EJERCICIO ANTERIORES,7129912.34,2026-05-11 00:00:00,Libre Disponibilidad,Municipales
1.2.6.01.01,MULTAS POR CONTRAVENCIONES DEL EJERCICIO,7128638.49,2026-05-11 00:00:00,Libre Disponibilidad,Municipales
1.1.9.05.02,IMPUESTO AUTOMOTOR LEY 13.010 - ANTERIORES-,7050195.98,2026-05-11 00:00:00,Libre Disponibilidad,Municipales
1.2.2.08.01,CEMENTERIO EJERCICIO,2811248,2026-05-11 00:00:00,Libre Disponibilidad,Municipales
1.1.9.08.01,PATENTE DE MOTOVEHICULOS DEL EJERCICIO,2282143.85,2026-05-11 00:00:00,Libre Disponibilidad,Municipales
1.2.6.02.01,INFRACCION A LAS OBLIGACIONES EJERCICIO,1863924.51,2026-05-11 00:00:00,Libre Disponibilidad,Municipales
1.2.1.14,TASA POR SERVICIOS VARIOS EJERCICIO,1689027,2026-05-11 00:00:00,Libre Disponibilidad,Municipales
1.2.2.08.02,CEMENTERIO EJERCICIOS ANTERIORES,1079114,2026-05-11 00:00:00,Libre Disponibilidad,Municipales
1.2.2.14.04,ALTAS Y/O BAJAS IMPOSIT.DE AUTOMOTORES,928320,2026-05-11 00:00:00,Libre Disponibilidad,Municipales
1.2.2.03.01,PUBLICIDAD Y PROPAGANDA -EJERCICIO-,731979.62,2026-05-11 00:00:00,Libre Disponibilidad,Municipales
1.2.2.03.02,PUBLICIDAD Y PROPAGANDA -ANTERIORES-,614643.35,2026-05-11 00:00:00,Libre Disponibilidad,Municipales
1.1.9.05.01,IMPUESTO AUTOMOTOR LEY 13.010 -EJERCICIO-,472288.1,2026-05-11 00:00:00,Libre Disponibilidad,Municipales
1.2.2.14.05,ALTAS Y/O BAJAS IMPOSIT.DE MOTOVEHICULOS,392418,2026-05-11 00:00:00,Libre Disponibilidad,Municipales
1.2.2.05.01,OCUPACION Y USO DE ESPACIOS PUBLICOS DEL EJERCICIO,372865.2,2026-05-11 00:00:00,Libre Disponibilidad,Municipales
1.2.6.08.01,MULTAS POR CONTRAVENCIONES (EJERCICIO),189600,2026-05-11 00:00:00,Libre Disponibilidad,Municipales
1.2.2.14.02,DERECHOS DE OFICINA EJERCICIOS ANTERIORES,176922.16,2026-05-11 00:00:00,Libre Disponibilidad,Municipales
1.2.1.04,HABILITACIÓN DE COMERCIOS E INDUSTRIAS,94858,2026-05-11 00:00:00,Libre Disponibilidad,Municipales
1.2.1.21,TASAS POR SERV.VARIOS EJERCICIO ANTERIOR,81245.24,2026-05-11 00:00:00,Libre Disponibilidad,Municipales
1.2.2.11.01,DERECHOS DE CONSTRUCCION,66180,2026-05-11 00:00:00,Libre Disponibilidad,Municipales
1.2.2.05.02,OCUPACION Y USO DE ESPACIOS PUBLICOS DE EJERCICOS ANTERIORES,40369.09,2026-05-11 00:00:00,Libre Disponibilidad,Municipales
1.2.2.17.01,DERECHO POR OFICIO JUDICIAL DEL EJERCICIO,21200,2026-05-11 00:00:00,Libre Disponibilidad,Municipales
1.2.1.02,SERVICIOS ESPECIALES DE LIMPIEZA E HIGIENE,15442,2026-05-11 00:00:00,Libre Disponibilidad,Municipales
1.2.1.01.01,TASA SERVICIOS GENERALES MUNICIPALES - EJERCICIO-,143532349.3,2026-05-12 00:00:00,Libre Disponibilidad,Municipales
1.2.6.01.02,MULTAS POR CONTRAVENCIONES EJERCICIOS ANTERIORES,36699379.32,2026-05-12 00:00:00,Libre Disponibilidad,Municipales
1.2.1.05.01,INSPECCIÓN DE SEGURIDAD E HIGIENE -EJERCICIO-,20009135.06,2026-05-12 00:00:00,Libre Disponibilidad,Municipales
1.2.2.14.01,DERECHOS DE OFICINA DEL EJERCICIO,15226992.1,2026-05-12 00:00:00,Libre Disponibilidad,Municipales
1.2.6.08.02,MULTAS POR CONTRAVENCIONES (EJERC.ANTERIORES,14973000,2026-05-12 00:00:00,Libre Disponibilidad,Municipales
1.2.1.01.02,TASA SERVICIOS GENERALES MUNICIPALES -ANTERIORES-,7386115.07,2026-05-12 00:00:00,Libre Disponibilidad,Municipales
1.2.6.01.01,MULTAS POR CONTRAVENCIONES DEL EJERCICIO,6390562.41,2026-05-12 00:00:00,Libre Disponibilidad,Municipales
1.2.1.05.02,INSPECCIÓN DE SEGURIDAD E HIGIENE -ANTERIORES-,5772999.07,2026-05-12 00:00:00,Libre Disponibilidad,Municipales
1.1.9.05.02,IMPUESTO AUTOMOTOR LEY 13.010 - ANTERIORES-,5127119.26,2026-05-12 00:00:00,Libre Disponibilidad,Municipales
1.2.1.14,TASA POR SERVICIOS VARIOS EJERCICIO,3370996,2026-05-12 00:00:00,Libre Disponibilidad,Municipales
1.2.9.02,COMISIONES BAPRO PAGO,3228862,2026-05-12 00:00:00,Libre Disponibilidad,Municipales
1.2.6.02.02,INFRACCION A LAS OBLIGACIONES EJERCICIO ANTERIORES,3011275.43,2026-05-12 00:00:00,Libre Disponibilidad,Municipales
1.1.9.08.01,PATENTE DE MOTOVEHICULOS DEL EJERCICIO,2468088.48,2026-05-12 00:00:00,Libre Disponibilidad,Municipales
1.2.2.08.01,CEMENTERIO EJERCICIO,2196658,2026-05-12 00:00:00,Libre Disponibilidad,Municipales
1.2.2.11.01,DERECHOS DE CONSTRUCCION,1447288.73,2026-05-12 00:00:00,Libre Disponibilidad,Municipales
1.2.2.03.01,PUBLICIDAD Y PROPAGANDA -EJERCICIO-,1190304.68,2026-05-12 00:00:00,Libre Disponibilidad,Municipales
1.2.6.02.01,INFRACCION A LAS OBLIGACIONES EJERCICIO,835489.56,2026-05-12 00:00:00,Libre Disponibilidad,Municipales
1.2.2.14.04,ALTAS Y/O BAJAS IMPOSIT.DE AUTOMOTORES,705060,2026-05-12 00:00:00,Libre Disponibilidad,Municipales
1.2.2.14.05,ALTAS Y/O BAJAS IMPOSIT.DE MOTOVEHICULOS,377226,2026-05-12 00:00:00,Libre Disponibilidad,Municipales
1.2.2.05.01,OCUPACION Y USO DE ESPACIOS PUBLICOS DEL EJERCICIO,333335.25,2026-05-12 00:00:00,Libre Disponibilidad,Municipales
1.2.2.08.02,CEMENTERIO EJERCICIOS ANTERIORES,227447,2026-05-12 00:00:00,Libre Disponibilidad,Municipales
1.1.9.05.01,IMPUESTO AUTOMOTOR LEY 13.010 -EJERCICIO-,219990.1,2026-05-12 00:00:00,Libre Disponibilidad,Municipales
1.2.6.08.01,MULTAS POR CONTRAVENCIONES (EJERCICIO),205550,2026-05-12 00:00:00,Libre Disponibilidad,Municipales
1.2.2.14.02,DERECHOS DE OFICINA EJERCICIOS ANTERIORES,166950.05,2026-05-12 00:00:00,Libre Disponibilidad,Municipales
1.2.1.21,TASAS POR SERV.VARIOS EJERCICIO ANTERIOR,42023.96,2026-05-12 00:00:00,Libre Disponibilidad,Municipales
1.2.2.03.02,PUBLICIDAD Y PROPAGANDA -ANTERIORES-,24059.15,2026-05-12 00:00:00,Libre Disponibilidad,Municipales
1.2.2.05.02,OCUPACION Y USO DE ESPACIOS PUBLICOS DE EJERCICOS ANTERIORES,3165.76,2026-05-12 00:00:00,Libre Disponibilidad,Municipales
1.2.1.01.01,TASA SERVICIOS GENERALES MUNICIPALES - EJERCICIO-,104258853.4,2026-05-13 00:00:00,Libre Disponibilidad,Municipales
1.2.1.05.01,INSPECCIÓN DE SEGURIDAD E HIGIENE -EJERCICIO-,69314794.41,2026-05-13 00:00:00,Libre Disponibilidad,Municipales
1.2.6.01.02,MULTAS POR CONTRAVENCIONES EJERCICIOS ANTERIORES,37166454.9,2026-05-13 00:00:00,Libre Disponibilidad,Municipales
1.2.1.01.02,TASA SERVICIOS GENERALES MUNICIPALES -ANTERIORES-,35179726.23,2026-05-13 00:00:00,Libre Disponibilidad,Municipales
1.6.2.01.02,INTERESES POR COLOCACIONES FINANCIERAS,17908430.81,2026-05-13 00:00:00,Libre Disponibilidad,Municipales
1.2.2.14.01,DERECHOS DE OFICINA DEL EJERCICIO,17678499,2026-05-13 00:00:00,Libre Disponibilidad,Municipales
1.2.6.08.02,MULTAS POR CONTRAVENCIONES (EJERC.ANTERIORES,11770675,2026-05-13 00:00:00,Libre Disponibilidad,Municipales
1.2.1.05.02,INSPECCIÓN DE SEGURIDAD E HIGIENE -ANTERIORES-,7738256.95,2026-05-13 00:00:00,Libre Disponibilidad,Municipales
1.2.2.11.01,DERECHOS DE CONSTRUCCION,6275722.95,2026-05-13 00:00:00,Libre Disponibilidad,Municipales
1.1.9.05.02,IMPUESTO AUTOMOTOR LEY 13.010 - ANTERIORES-,4876845.85,2026-05-13 00:00:00,Libre Disponibilidad,Municipales
1.2.6.02.02,INFRACCION A LAS OBLIGACIONES EJERCICIO ANTERIORES,4282561.77,2026-05-13 00:00:00,Libre Disponibilidad,Municipales
1.2.2.03.01,PUBLICIDAD Y PROPAGANDA -EJERCICIO-,3935260.98,2026-05-13 00:00:00,Libre Disponibilidad,Municipales
1.2.2.08.01,CEMENTERIO EJERCICIO,2714108,2026-05-13 00:00:00,Libre Disponibilidad,Municipales
1.1.9.08.01,PATENTE DE MOTOVEHICULOS DEL EJERCICIO,2440950.97,2026-05-13 00:00:00,Libre Disponibilidad,Municipales
1.2.6.01.01,MULTAS POR CONTRAVENCIONES DEL EJERCICIO,2357850.01,2026-05-13 00:00:00,Libre Disponibilidad,Municipales
1.2.6.02.01,INFRACCION A LAS OBLIGACIONES EJERCICIO,1147707.58,2026-05-13 00:00:00,Libre Disponibilidad,Municipales
1.2.1.14,TASA POR SERVICIOS VARIOS EJERCICIO,864179.01,2026-05-13 00:00:00,Libre Disponibilidad,Municipales
1.2.2.05.01,OCUPACION Y USO DE ESPACIOS PUBLICOS DEL EJERCICIO,632659.24,2026-05-13 00:00:00,Libre Disponibilidad,Municipales
1.2.2.14.04,ALTAS Y/O BAJAS IMPOSIT.DE AUTOMOTORES,551500,2026-05-13 00:00:00,Libre Disponibilidad,Municipales
1.2.1.04,HABILITACIÓN DE COMERCIOS E INDUSTRIAS,474290,2026-05-13 00:00:00,Libre Disponibilidad,Municipales
1.1.9.05.01,IMPUESTO AUTOMOTOR LEY 13.010 -EJERCICIO-,319863.52,2026-05-13 00:00:00,Libre Disponibilidad,Municipales
1.2.2.14.05,ALTAS Y/O BAJAS IMPOSIT.DE MOTOVEHICULOS,238248,2026-05-13 00:00:00,Libre Disponibilidad,Municipales
1.2.6.08.01,MULTAS POR CONTRAVENCIONES (EJERCICIO),205550,2026-05-13 00:00:00,Libre Disponibilidad,Municipales
1.2.2.14.02,DERECHOS DE OFICINA EJERCICIOS ANTERIORES,190723.25,2026-05-13 00:00:00,Libre Disponibilidad,Municipales
1.2.2.03.02,PUBLICIDAD Y PROPAGANDA -ANTERIORES-,175936.16,2026-05-13 00:00:00,Libre Disponibilidad,Municipales
1.2.2.08.02,CEMENTERIO EJERCICIOS ANTERIORES,163296,2026-05-13 00:00:00,Libre Disponibilidad,Municipales
1.2.1.21,TASAS POR SERV.VARIOS EJERCICIO ANTERIOR,55534.07,2026-05-13 00:00:00,Libre Disponibilidad,Municipales
1.2.2.05.02,OCUPACION Y USO DE ESPACIOS PUBLICOS DE EJERCICOS ANTERIORES,37963.11,2026-05-13 00:00:00,Libre Disponibilidad,Municipales
1.2.1.01.01,TASA SERVICIOS GENERALES MUNICIPALES - EJERCICIO-,275254369.6,2026-05-14 00:00:00,Libre Disponibilidad,Municipales
1.6.2.01.02,INTERESES POR COLOCACIONES FINANCIERAS,167906339.6,2026-05-14 00:00:00,Libre Disponibilidad,Municipales
1.2.1.05.01,INSPECCIÓN DE SEGURIDAD E HIGIENE -EJERCICIO-,82826386.27,2026-05-14 00:00:00,Libre Disponibilidad,Municipales
1.2.6.01.02,MULTAS POR CONTRAVENCIONES EJERCICIOS ANTERIORES,36735386.78,2026-05-14 00:00:00,Libre Disponibilidad,Municipales
1.2.6.06,CONVENIO A.C.A.R.A.,29748042.6,2026-05-14 00:00:00,Libre Disponibilidad,Municipales
1.2.2.14.01,DERECHOS DE OFICINA DEL EJERCICIO,19746444.32,2026-05-14 00:00:00,Libre Disponibilidad,Municipales
1.2.1.05.02,INSPECCIÓN DE SEGURIDAD E HIGIENE -ANTERIORES-,8817748.63,2026-05-14 00:00:00,Libre Disponibilidad,Municipales
1.2.6.02.02,INFRACCION A LAS OBLIGACIONES EJERCICIO ANTERIORES,7877234.96,2026-05-14 00:00:00,Libre Disponibilidad,Municipales
1.2.1.01.02,TASA SERVICIOS GENERALES MUNICIPALES -ANTERIORES-,7367454.24,2026-05-14 00:00:00,Libre Disponibilidad,Municipales
1.2.6.01.01,MULTAS POR CONTRAVENCIONES DEL EJERCICIO,6865182.8,2026-05-14 00:00:00,Libre Disponibilidad,Municipales
1.1.9.05.02,IMPUESTO AUTOMOTOR LEY 13.010 - ANTERIORES-,6802843,2026-05-14 00:00:00,Libre Disponibilidad,Municipales
1.2.6.08.02,MULTAS POR CONTRAVENCIONES (EJERC.ANTERIORES,4791000,2026-05-14 00:00:00,Libre Disponibilidad,Municipales
1.2.1.14,TASA POR SERVICIOS VARIOS EJERCICIO,3755219,2026-05-14 00:00:00,Libre Disponibilidad,Municipales
1.1.9.08.01,PATENTE DE MOTOVEHICULOS DEL EJERCICIO,2888782.1,2026-05-14 00:00:00,Libre Disponibilidad,Municipales
1.2.2.08.01,CEMENTERIO EJERCICIO,2120068,2026-05-14 00:00:00,Libre Disponibilidad,Municipales
1.2.6.02.01,INFRACCION A LAS OBLIGACIONES EJERCICIO,1031589.8,2026-05-14 00:00:00,Libre Disponibilidad,Municipales
1.2.2.14.04,ALTAS Y/O BAJAS IMPOSIT.DE AUTOMOTORES,793300,2026-05-14 00:00:00,Libre Disponibilidad,Municipales
1.1.9.05.01,IMPUESTO AUTOMOTOR LEY 13.010 -EJERCICIO-,690992.24,2026-05-14 00:00:00,Libre Disponibilidad,Municipales
1.2.2.03.01,PUBLICIDAD Y PROPAGANDA -EJERCICIO-,652906.96,2026-05-14 00:00:00,Libre Disponibilidad,Municipales
1.2.1.21,TASAS POR SERV.VARIOS EJERCICIO ANTERIOR,479779.67,2026-05-14 00:00:00,Libre Disponibilidad,Municipales
1.2.2.08.02,CEMENTERIO EJERCICIOS ANTERIORES,356642,2026-05-14 00:00:00,Libre Disponibilidad,Municipales
1.2.2.11.01,DERECHOS DE CONSTRUCCION,243092.25,2026-05-14 00:00:00,Libre Disponibilidad,Municipales
1.2.6.08.01,MULTAS POR CONTRAVENCIONES (EJERCICIO),189600,2026-05-14 00:00:00,Libre Disponibilidad,Municipales
1.2.2.05.01,OCUPACION Y USO DE ESPACIOS PUBLICOS DEL EJERCICIO,164074.2,2026-05-14 00:00:00,Libre Disponibilidad,Municipales
1.2.2.14.05,ALTAS Y/O BAJAS IMPOSIT.DE MOTOVEHICULOS,158832,2026-05-14 00:00:00,Libre Disponibilidad,Municipales
1.2.2.14.02,DERECHOS DE OFICINA EJERCICIOS ANTERIORES,147933.59,2026-05-14 00:00:00,Libre Disponibilidad,Municipales
1.2.2.03.02,PUBLICIDAD Y PROPAGANDA -ANTERIORES-,73518.41,2026-05-14 00:00:00,Libre Disponibilidad,Municipales
1.2.1.02,SERVICIOS ESPECIALES DE LIMPIEZA E HIGIENE,30884,2026-05-14 00:00:00,Libre Disponibilidad,Municipales
1.2.2.05.02,OCUPACION Y USO DE ESPACIOS PUBLICOS DE EJERCICOS ANTERIORES,5147.9,2026-05-14 00:00:00,Libre Disponibilidad,Municipales
1.1.9.01,PARTICIPACION EDESUR,1154125442,2026-05-15 00:00:00,Libre Disponibilidad,Municipales
1.2.1.01.01,TASA SERVICIOS GENERALES MUNICIPALES - EJERCICIO-,314029094,2026-05-15 00:00:00,Libre Disponibilidad,Municipales
1.2.1.01.03,TASA DE ALUMBRADO GENERALES FACTURADO POR EDESUR,144759699.1,2026-05-15 00:00:00,Libre Disponibilidad,Municipales
1.2.6.01.02,MULTAS POR CONTRAVENCIONES EJERCICIOS ANTERIORES,37615592.59,2026-05-15 00:00:00,Libre Disponibilidad,Municipales
1.2.1.05.01,INSPECCIÓN DE SEGURIDAD E HIGIENE -EJERCICIO-,32471929.4,2026-05-15 00:00:00,Libre Disponibilidad,Municipales
1.6.2.01.02,INTERESES POR COLOCACIONES FINANCIERAS,20566715.76,2026-05-15 00:00:00,Libre Disponibilidad,Municipales
1.2.2.14.01,DERECHOS DE OFICINA DEL EJERCICIO,14866430.5,2026-05-15 00:00:00,Libre Disponibilidad,Municipales
1.2.1.01.02,TASA SERVICIOS GENERALES MUNICIPALES -ANTERIORES-,8846611.72,2026-05-15 00:00:00,Libre Disponibilidad,Municipales
1.2.1.05.02,INSPECCIÓN DE SEGURIDAD E HIGIENE -ANTERIORES-,8467335.32,2026-05-15 00:00:00,Libre Disponibilidad,Municipales
1.2.6.01.01,MULTAS POR CONTRAVENCIONES DEL EJERCICIO,6574634.89,2026-05-15 00:00:00,Libre Disponibilidad,Municipales
1.2.6.02.02,INFRACCION A LAS OBLIGACIONES EJERCICIO ANTERIORES,5558216.77,2026-05-15 00:00:00,Libre Disponibilidad,Municipales
1.1.9.05.02,IMPUESTO AUTOMOTOR LEY 13.010 - ANTERIORES-,5549041.77,2026-05-15 00:00:00,Libre Disponibilidad,Municipales
1.2.6.08.02,MULTAS POR CONTRAVENCIONES (EJERC.ANTERIORES,5294375,2026-05-15 00:00:00,Libre Disponibilidad,Municipales
1.1.9.08.01,PATENTE DE MOTOVEHICULOS DEL EJERCICIO,4529576.3,2026-05-15 00:00:00,Libre Disponibilidad,Municipales
1.2.2.08.01,CEMENTERIO EJERCICIO,3042986,2026-05-15 00:00:00,Libre Disponibilidad,Municipales
1.2.1.14,TASA POR SERVICIOS VARIOS EJERCICIO,1475680,2026-05-15 00:00:00,Libre Disponibilidad,Municipales
1.2.6.02.01,INFRACCION A LAS OBLIGACIONES EJERCICIO,1088347.95,2026-05-15 00:00:00,Libre Disponibilidad,Municipales
1.2.2.11.01,DERECHOS DE CONSTRUCCION,821074.32,2026-05-15 00:00:00,Libre Disponibilidad,Municipales
1.2.1.21,TASAS POR SERV.VARIOS EJERCICIO ANTERIOR,819748.59,2026-05-15 00:00:00,Libre Disponibilidad,Municipales
1.2.2.14.04,ALTAS Y/O BAJAS IMPOSIT.DE AUTOMOTORES,762940.22,2026-05-15 00:00:00,Libre Disponibilidad,Municipales
1.2.2.03.01,PUBLICIDAD Y PROPAGANDA -EJERCICIO-,706394.41,2026-05-15 00:00:00,Libre Disponibilidad,Municipales
1.2.2.05.01,OCUPACION Y USO DE ESPACIOS PUBLICOS DEL EJERCICIO,518027.28,2026-05-15 00:00:00,Libre Disponibilidad,Municipales
1.1.9.05.01,IMPUESTO AUTOMOTOR LEY 13.010 -EJERCICIO-,381230.65,2026-05-15 00:00:00,Libre Disponibilidad,Municipales
1.2.1.04,HABILITACIÓN DE COMERCIOS E INDUSTRIAS,354298,2026-05-15 00:00:00,Libre Disponibilidad,Municipales
1.2.2.08.02,CEMENTERIO EJERCICIOS ANTERIORES,290498,2026-05-15 00:00:00,Libre Disponibilidad,Municipales
1.2.2.14.05,ALTAS Y/O BAJAS IMPOSIT.DE MOTOVEHICULOS,277956,2026-05-15 00:00:00,Libre Disponibilidad,Municipales
1.2.2.14.02,DERECHOS DE OFICINA EJERCICIOS ANTERIORES,197020.2,2026-05-15 00:00:00,Libre Disponibilidad,Municipales
1.2.6.08.01,MULTAS POR CONTRAVENCIONES (EJERCICIO),110750,2026-05-15 00:00:00,Libre Disponibilidad,Municipales
1.2.2.03.02,PUBLICIDAD Y PROPAGANDA -ANTERIORES-,83107.86,2026-05-15 00:00:00,Libre Disponibilidad,Municipales
1.2.2.05.02,OCUPACION Y USO DE ESPACIOS PUBLICOS DE EJERCICOS ANTERIORES,82302.57,2026-05-15 00:00:00,Libre Disponibilidad,Municipales
1.2.1.01.01,TASA SERVICIOS GENERALES MUNICIPALES - EJERCICIO-,298799483.5,2026-05-16 00:00:00,Libre Disponibilidad,Municipales
1.2.1.05.01,INSPECCIÓN DE SEGURIDAD E HIGIENE -EJERCICIO-,197687557.4,2026-05-16 00:00:00,Libre Disponibilidad,Municipales
1.1.9.05.01,IMPUESTO AUTOMOTOR LEY 13.010 -EJERCICIO-,102287902.1,2026-05-16 00:00:00,Libre Disponibilidad,Municipales
1.6.2.01.02,INTERESES POR COLOCACIONES FINANCIERAS,93060734.89,2026-05-16 00:00:00,Libre Disponibilidad,Municipales
1.2.1.01.02,TASA SERVICIOS GENERALES MUNICIPALES -ANTERIORES-,32159986.68,2026-05-16 00:00:00,Libre Disponibilidad,Municipales
1.2.6.01.02,MULTAS POR CONTRAVENCIONES EJERCICIOS ANTERIORES,15385335.78,2026-05-16 00:00:00,Libre Disponibilidad,Municipales
1.2.2.11.01,DERECHOS DE CONSTRUCCION,14365471.19,2026-05-16 00:00:00,Libre Disponibilidad,Municipales
1.2.6.01.01,MULTAS POR CONTRAVENCIONES DEL EJERCICIO,13949795.52,2026-05-16 00:00:00,Libre Disponibilidad,Municipales
1.2.2.14.01,DERECHOS DE OFICINA DEL EJERCICIO,12964317.5,2026-05-16 00:00:00,Libre Disponibilidad,Municipales
1.2.1.05.02,INSPECCIÓN DE SEGURIDAD E HIGIENE -ANTERIORES-,8315115.74,2026-05-16 00:00:00,Libre Disponibilidad,Municipales
1.1.9.05.02,IMPUESTO AUTOMOTOR LEY 13.010 - ANTERIORES-,5677566.55,2026-05-16 00:00:00,Libre Disponibilidad,Municipales
1.2.1.14,TASA POR SERVICIOS VARIOS EJERCICIO,4373782.08,2026-05-16 00:00:00,Libre Disponibilidad,Municipales
1.2.6.02.02,INFRACCION A LAS OBLIGACIONES EJERCICIO ANTERIORES,4234395.5,2026-05-16 00:00:00,Libre Disponibilidad,Municipales
1.2.6.08.02,MULTAS POR CONTRAVENCIONES (EJERC.ANTERIORES,4188000,2026-05-16 00:00:00,Libre Disponibilidad,Municipales
1.2.2.03.01,PUBLICIDAD Y PROPAGANDA -EJERCICIO-,2598150.87,2026-05-16 00:00:00,Libre Disponibilidad,Municipales
1.2.2.08.01,CEMENTERIO EJERCICIO,2328261,2026-05-16 00:00:00,Libre Disponibilidad,Municipales
1.2.1.21,TASAS POR SERV.VARIOS EJERCICIO ANTERIOR,1951145.69,2026-05-16 00:00:00,Libre Disponibilidad,Municipales
1.2.6.02.01,INFRACCION A LAS OBLIGACIONES EJERCICIO,1830887.29,2026-05-16 00:00:00,Libre Disponibilidad,Municipales
1.2.2.14.04,ALTAS Y/O BAJAS IMPOSIT.DE AUTOMOTORES,661800,2026-05-16 00:00:00,Libre Disponibilidad,Municipales
1.1.9.08.01,PATENTE DE MOTOVEHICULOS DEL EJERCICIO,609115.67,2026-05-16 00:00:00,Libre Disponibilidad,Municipales
1.2.2.14.02,DERECHOS DE OFICINA EJERCICIOS ANTERIORES,405961.93,2026-05-16 00:00:00,Libre Disponibilidad,Municipales
1.2.2.14.05,ALTAS Y/O BAJAS IMPOSIT.DE MOTOVEHICULOS,277956,2026-05-16 00:00:00,Libre Disponibilidad,Municipales
1.2.2.05.01,OCUPACION Y USO DE ESPACIOS PUBLICOS DEL EJERCICIO,191070.88,2026-05-16 00:00:00,Libre Disponibilidad,Municipales
1.2.2.08.02,CEMENTERIO EJERCICIOS ANTERIORES,158591,2026-05-16 00:00:00,Libre Disponibilidad,Municipales
1.2.2.03.02,PUBLICIDAD Y PROPAGANDA -ANTERIORES-,94243.73,2026-05-16 00:00:00,Libre Disponibilidad,Municipales
1.2.1.22,INGRESOS VARIOS,54000,2026-05-16 00:00:00,Libre Disponibilidad,Municipales
1.2.2.05.02,OCUPACION Y USO DE ESPACIOS PUBLICOS DE EJERCICOS ANTERIORES,48621.24,2026-05-16 00:00:00,Libre Disponibilidad,Municipales
2.1.2.01,CONTRIBUCIONES POR MEJORAS DEL EJERCICIO,-54000,2026-05-16 00:00:00,Libre Disponibilidad,Municipales
1.2.1.01.01,TASA SERVICIOS GENERALES MUNICIPALES - EJERCICIO-,316875009,2026-05-18 00:00:00,Libre Disponibilidad,Municipales
1.2.1.05.01,INSPECCIÓN DE SEGURIDAD E HIGIENE -EJERCICIO-,313271938.6,2026-05-18 00:00:00,Libre Disponibilidad,Municipales
1.2.6.01.02,MULTAS POR CONTRAVENCIONES EJERCICIOS ANTERIORES,34681567.82,2026-05-18 00:00:00,Libre Disponibilidad,Municipales
1.2.1.05.02,INSPECCIÓN DE SEGURIDAD E HIGIENE -ANTERIORES-,22474572.78,2026-05-18 00:00:00,Libre Disponibilidad,Municipales
1.2.2.14.01,DERECHOS DE OFICINA DEL EJERCICIO,13845677,2026-05-18 00:00:00,Libre Disponibilidad,Municipales
1.2.1.01.02,TASA SERVICIOS GENERALES MUNICIPALES -ANTERIORES-,9331113.67,2026-05-18 00:00:00,Libre Disponibilidad,Municipales
1.2.6.01.01,MULTAS POR CONTRAVENCIONES DEL EJERCICIO,8857299.82,2026-05-18 00:00:00,Libre Disponibilidad,Municipales
1.2.6.08.02,MULTAS POR CONTRAVENCIONES (EJERC.ANTERIORES,8269325,2026-05-18 00:00:00,Libre Disponibilidad,Municipales
1.1.9.05.02,IMPUESTO AUTOMOTOR LEY 13.010 - ANTERIORES-,7371270.36,2026-05-18 00:00:00,Libre Disponibilidad,Municipales
1.2.6.02.02,INFRACCION A LAS OBLIGACIONES EJERCICIO ANTERIORES,7278679.74,2026-05-18 00:00:00,Libre Disponibilidad,Municipales
1.1.9.08.01,PATENTE DE MOTOVEHICULOS DEL EJERCICIO,6261944.3,2026-05-18 00:00:00,Libre Disponibilidad,Municipales
1.2.1.14,TASA POR SERVICIOS VARIOS EJERCICIO,5226494,2026-05-18 00:00:00,Libre Disponibilidad,Municipales
1.2.2.03.01,PUBLICIDAD Y PROPAGANDA -EJERCICIO-,4725637.61,2026-05-18 00:00:00,Libre Disponibilidad,Municipales
1.2.2.08.01,CEMENTERIO EJERCICIO,2652657,2026-05-18 00:00:00,Libre Disponibilidad,Municipales
1.2.1.21,TASAS POR SERV.VARIOS EJERCICIO ANTERIOR,1927698.13,2026-05-18 00:00:00,Libre Disponibilidad,Municipales
1.2.6.02.01,INFRACCION A LAS OBLIGACIONES EJERCICIO,1475765.36,2026-05-18 00:00:00,Libre Disponibilidad,Municipales
1.2.2.08.02,CEMENTERIO EJERCICIOS ANTERIORES,683234,2026-05-18 00:00:00,Libre Disponibilidad,Municipales
1.2.2.05.01,OCUPACION Y USO DE ESPACIOS PUBLICOS DEL EJERCICIO,680958.89,2026-05-18 00:00:00,Libre Disponibilidad,Municipales
1.2.2.14.04,ALTAS Y/O BAJAS IMPOSIT.DE AUTOMOTORES,660940,2026-05-18 00:00:00,Libre Disponibilidad,Municipales
1.2.2.03.02,PUBLICIDAD Y PROPAGANDA -ANTERIORES-,566865.33,2026-05-18 00:00:00,Libre Disponibilidad,Municipales
1.2.2.11.01,DERECHOS DE CONSTRUCCION,549496.89,2026-05-18 00:00:00,Libre Disponibilidad,Municipales
1.1.9.05.01,IMPUESTO AUTOMOTOR LEY 13.010 -EJERCICIO-,438800.57,2026-05-18 00:00:00,Libre Disponibilidad,Municipales
1.2.2.14.05,ALTAS Y/O BAJAS IMPOSIT.DE MOTOVEHICULOS,436788,2026-05-18 00:00:00,Libre Disponibilidad,Municipales
1.2.2.14.02,DERECHOS DE OFICINA EJERCICIOS ANTERIORES,197149.2,2026-05-18 00:00:00,Libre Disponibilidad,Municipales
1.2.2.05.02,OCUPACION Y USO DE ESPACIOS PUBLICOS DE EJERCICOS ANTERIORES,54962.94,2026-05-18 00:00:00,Libre Disponibilidad,Municipales
1.2.1.05.01,INSPECCIÓN DE SEGURIDAD E HIGIENE -EJERCICIO-,502275771.3,2026-05-19 00:00:00,Libre Disponibilidad,Municipales
1.2.1.01.01,TASA SERVICIOS GENERALES MUNICIPALES - EJERCICIO-,197352829.8,2026-05-19 00:00:00,Libre Disponibilidad,Municipales
1.2.6.01.02,MULTAS POR CONTRAVENCIONES EJERCICIOS ANTERIORES,32234662.07,2026-05-19 00:00:00,Libre Disponibilidad,Municipales
1.2.2.14.01,DERECHOS DE OFICINA DEL EJERCICIO,16773851,2026-05-19 00:00:00,Libre Disponibilidad,Municipales
1.2.1.05.02,INSPECCIÓN DE SEGURIDAD E HIGIENE -ANTERIORES-,11589369.9,2026-05-19 00:00:00,Libre Disponibilidad,Municipales
1.2.6.02.02,INFRACCION A LAS OBLIGACIONES EJERCICIO ANTERIORES,10054195.58,2026-05-19 00:00:00,Libre Disponibilidad,Municipales
1.2.2.11.01,DERECHOS DE CONSTRUCCION,9302177.79,2026-05-19 00:00:00,Libre Disponibilidad,Municipales
1.2.1.01.02,TASA SERVICIOS GENERALES MUNICIPALES -ANTERIORES-,9280403.2,2026-05-19 00:00:00,Libre Disponibilidad,Municipales
1.2.6.08.02,MULTAS POR CONTRAVENCIONES (EJERC.ANTERIORES,7415450,2026-05-19 00:00:00,Libre Disponibilidad,Municipales
1.1.9.08.01,PATENTE DE MOTOVEHICULOS DEL EJERCICIO,6064978.7,2026-05-19 00:00:00,Libre Disponibilidad,Municipales
1.2.6.01.01,MULTAS POR CONTRAVENCIONES DEL EJERCICIO,5761652.4,2026-05-19 00:00:00,Libre Disponibilidad,Municipales
1.2.2.03.01,PUBLICIDAD Y PROPAGANDA -EJERCICIO-,4797509.68,2026-05-19 00:00:00,Libre Disponibilidad,Municipales
1.1.9.05.02,IMPUESTO AUTOMOTOR LEY 13.010 - ANTERIORES-,4509432.53,2026-05-19 00:00:00,Libre Disponibilidad,Municipales
1.2.1.14,TASA POR SERVICIOS VARIOS EJERCICIO,3071366,2026-05-19 00:00:00,Libre Disponibilidad,Municipales
1.2.2.08.01,CEMENTERIO EJERCICIO,2779418,2026-05-19 00:00:00,Libre Disponibilidad,Municipales
1.2.6.02.01,INFRACCION A LAS OBLIGACIONES EJERCICIO,1295859.62,2026-05-19 00:00:00,Libre Disponibilidad,Municipales
1.2.2.14.04,ALTAS Y/O BAJAS IMPOSIT.DE AUTOMOTORES,772100,2026-05-19 00:00:00,Libre Disponibilidad,Municipales
1.2.2.08.02,CEMENTERIO EJERCICIOS ANTERIORES,506458,2026-05-19 00:00:00,Libre Disponibilidad,Municipales
1.2.2.14.05,ALTAS Y/O BAJAS IMPOSIT.DE MOTOVEHICULOS,433854,2026-05-19 00:00:00,Libre Disponibilidad,Municipales
1.2.2.03.02,PUBLICIDAD Y PROPAGANDA -ANTERIORES-,354819.25,2026-05-19 00:00:00,Libre Disponibilidad,Municipales
1.1.9.05.01,IMPUESTO AUTOMOTOR LEY 13.010 -EJERCICIO-,315922.82,2026-05-19 00:00:00,Libre Disponibilidad,Municipales
1.2.1.21,TASAS POR SERV.VARIOS EJERCICIO ANTERIOR,312289.6,2026-05-19 00:00:00,Libre Disponibilidad,Municipales
1.2.2.05.01,OCUPACION Y USO DE ESPACIOS PUBLICOS DEL EJERCICIO,266391.08,2026-05-19 00:00:00,Libre Disponibilidad,Municipales
1.2.1.22,INGRESOS VARIOS,175800,2026-05-19 00:00:00,Libre Disponibilidad,Municipales
1.2.2.14.02,DERECHOS DE OFICINA EJERCICIOS ANTERIORES,158634.44,2026-05-19 00:00:00,Libre Disponibilidad,Municipales
1.2.2.05.02,OCUPACION Y USO DE ESPACIOS PUBLICOS DE EJERCICOS ANTERIORES,82385.27,2026-05-19 00:00:00,Libre Disponibilidad,Municipales
2.1.2.01,CONTRIBUCIONES POR MEJORAS DEL EJERCICIO,-175800,2026-05-19 00:00:00,Libre Disponibilidad,Municipales
1.2.1.05.01,INSPECCIÓN DE SEGURIDAD E HIGIENE -EJERCICIO-,973341103.4,2026-05-20 00:00:00,Libre Disponibilidad,Municipales
1.2.1.01.01,TASA SERVICIOS GENERALES MUNICIPALES - EJERCICIO-,147383809.2,2026-05-20 00:00:00,Libre Disponibilidad,Municipales
1.2.6.01.02,MULTAS POR CONTRAVENCIONES EJERCICIOS ANTERIORES,24774478.68,2026-05-20 00:00:00,Libre Disponibilidad,Municipales
1.2.6.08.02,MULTAS POR CONTRAVENCIONES (EJERC.ANTERIORES,14498900,2026-05-20 00:00:00,Libre Disponibilidad,Municipales
1.2.6.01.01,MULTAS POR CONTRAVENCIONES DEL EJERCICIO,12391376.23,2026-05-20 00:00:00,Libre Disponibilidad,Municipales
1.2.1.01.02,TASA SERVICIOS GENERALES MUNICIPALES -ANTERIORES-,11490351.72,2026-05-20 00:00:00,Libre Disponibilidad,Municipales
1.2.2.14.01,DERECHOS DE OFICINA DEL EJERCICIO,10485170,2026-05-20 00:00:00,Libre Disponibilidad,Municipales
1.1.9.08.01,PATENTE DE MOTOVEHICULOS DEL EJERCICIO,6611850.45,2026-05-20 00:00:00,Libre Disponibilidad,Municipales
1.2.1.05.02,INSPECCIÓN DE SEGURIDAD E HIGIENE -ANTERIORES-,5597072.36,2026-05-20 00:00:00,Libre Disponibilidad,Municipales
1.2.1.14,TASA POR SERVICIOS VARIOS EJERCICIO,5193875.23,2026-05-20 00:00:00,Libre Disponibilidad,Municipales
1.1.9.05.02,IMPUESTO AUTOMOTOR LEY 13.010 - ANTERIORES-,5069866.71,2026-05-20 00:00:00,Libre Disponibilidad,Municipales
1.2.2.03.01,PUBLICIDAD Y PROPAGANDA -EJERCICIO-,4767369.76,2026-05-20 00:00:00,Libre Disponibilidad,Municipales
1.2.6.02.02,INFRACCION A LAS OBLIGACIONES EJERCICIO ANTERIORES,4271497.72,2026-05-20 00:00:00,Libre Disponibilidad,Municipales
1.2.2.11.01,DERECHOS DE CONSTRUCCION,3335850.54,2026-05-20 00:00:00,Libre Disponibilidad,Municipales
1.2.2.08.01,CEMENTERIO EJERCICIO,3079587,2026-05-20 00:00:00,Libre Disponibilidad,Municipales
1.2.6.02.01,INFRACCION A LAS OBLIGACIONES EJERCICIO,1884766.17,2026-05-20 00:00:00,Libre Disponibilidad,Municipales
1.2.1.21,TASAS POR SERV.VARIOS EJERCICIO ANTERIOR,1575211.29,2026-05-20 00:00:00,Libre Disponibilidad,Municipales
1.2.1.22,INGRESOS VARIOS,1090235,2026-05-20 00:00:00,Libre Disponibilidad,Municipales
1.2.2.14.04,ALTAS Y/O BAJAS IMPOSIT.DE AUTOMOTORES,881540,2026-05-20 00:00:00,Libre Disponibilidad,Municipales
1.2.1.18,FONDO DE OBRAS DE INFRAESTRUCTURA ORD.7751,482286.29,2026-05-20 00:00:00,Libre Disponibilidad,Municipales
1.2.2.08.02,CEMENTERIO EJERCICIOS ANTERIORES,472714,2026-05-20 00:00:00,Libre Disponibilidad,Municipales
1.1.9.05.01,IMPUESTO AUTOMOTOR LEY 13.010 -EJERCICIO-,399295.83,2026-05-20 00:00:00,Libre Disponibilidad,Municipales
1.2.2.14.05,ALTAS Y/O BAJAS IMPOSIT.DE MOTOVEHICULOS,357372,2026-05-20 00:00:00,Libre Disponibilidad,Municipales
1.2.2.05.01,OCUPACION Y USO DE ESPACIOS PUBLICOS DEL EJERCICIO,275636.08,2026-05-20 00:00:00,Libre Disponibilidad,Municipales
1.2.2.14.02,DERECHOS DE OFICINA EJERCICIOS ANTERIORES,197829.47,2026-05-20 00:00:00,Libre Disponibilidad,Municipales
1.2.2.03.02,PUBLICIDAD Y PROPAGANDA -ANTERIORES-,158805.53,2026-05-20 00:00:00,Libre Disponibilidad,Municipales
1.2.1.04,HABILITACIÓN DE COMERCIOS E INDUSTRIAS,94858,2026-05-20 00:00:00,Libre Disponibilidad,Municipales
1.2.2.05.02,OCUPACION Y USO DE ESPACIOS PUBLICOS DE EJERCICOS ANTERIORES,45886.94,2026-05-20 00:00:00,Libre Disponibilidad,Municipales
1.2.1.02,SERVICIOS ESPECIALES DE LIMPIEZA E HIGIENE,15442,2026-05-20 00:00:00,Libre Disponibilidad,Municipales
1.2.1.05.01,INSPECCIÓN DE SEGURIDAD E HIGIENE -EJERCICIO-,508459087.5,2026-05-21 00:00:00,Libre Disponibilidad,Municipales
1.6.2.01.02,INTERESES POR COLOCACIONES FINANCIERAS,164314147.6,2026-05-21 00:00:00,Libre Disponibilidad,Municipales
1.2.1.01.01,TASA SERVICIOS GENERALES MUNICIPALES - EJERCICIO-,77110874.06,2026-05-21 00:00:00,Libre Disponibilidad,Municipales
1.2.6.01.02,MULTAS POR CONTRAVENCIONES EJERCICIOS ANTERIORES,40714344.8,2026-05-21 00:00:00,Libre Disponibilidad,Municipales
1.2.1.01.02,TASA SERVICIOS GENERALES MUNICIPALES -ANTERIORES-,22837844.44,2026-05-21 00:00:00,Libre Disponibilidad,Municipales
1.2.2.14.01,DERECHOS DE OFICINA DEL EJERCICIO,21173282.66,2026-05-21 00:00:00,Libre Disponibilidad,Municipales
1.2.6.01.01,MULTAS POR CONTRAVENCIONES DEL EJERCICIO,7112193.16,2026-05-21 00:00:00,Libre Disponibilidad,Municipales
1.2.1.14,TASA POR SERVICIOS VARIOS EJERCICIO,6845523,2026-05-21 00:00:00,Libre Disponibilidad,Municipales
1.2.1.05.02,INSPECCIÓN DE SEGURIDAD E HIGIENE -ANTERIORES-,6354894.65,2026-05-21 00:00:00,Libre Disponibilidad,Municipales
1.1.9.05.02,IMPUESTO AUTOMOTOR LEY 13.010 - ANTERIORES-,4475707.17,2026-05-21 00:00:00,Libre Disponibilidad,Municipales
1.2.2.03.01,PUBLICIDAD Y PROPAGANDA -EJERCICIO-,4268573.31,2026-05-21 00:00:00,Libre Disponibilidad,Municipales
1.2.6.02.02,INFRACCION A LAS OBLIGACIONES EJERCICIO ANTERIORES,3139846.2,2026-05-21 00:00:00,Libre Disponibilidad,Municipales
1.1.9.08.01,PATENTE DE MOTOVEHICULOS DEL EJERCICIO,3131438.81,2026-05-21 00:00:00,Libre Disponibilidad,Municipales
1.2.2.11.01,DERECHOS DE CONSTRUCCION,2926971,2026-05-21 00:00:00,Libre Disponibilidad,Municipales
1.2.6.02.01,INFRACCION A LAS OBLIGACIONES EJERCICIO,1920169.88,2026-05-21 00:00:00,Libre Disponibilidad,Municipales
1.2.6.08.02,MULTAS POR CONTRAVENCIONES (EJERC.ANTERIORES,1443150,2026-05-21 00:00:00,Libre Disponibilidad,Municipales
1.2.2.08.01,CEMENTERIO EJERCICIO,969243,2026-05-21 00:00:00,Libre Disponibilidad,Municipales
1.2.2.14.04,ALTAS Y/O BAJAS IMPOSIT.DE AUTOMOTORES,920280,2026-05-21 00:00:00,Libre Disponibilidad,Municipales
1.1.9.05.01,IMPUESTO AUTOMOTOR LEY 13.010 -EJERCICIO-,689485.61,2026-05-21 00:00:00,Libre Disponibilidad,Municipales
1.2.2.14.05,ALTAS Y/O BAJAS IMPOSIT.DE MOTOVEHICULOS,298926.01,2026-05-21 00:00:00,Libre Disponibilidad,Municipales
1.2.2.08.02,CEMENTERIO EJERCICIOS ANTERIORES,168331,2026-05-21 00:00:00,Libre Disponibilidad,Municipales
1.2.2.03.02,PUBLICIDAD Y PROPAGANDA -ANTERIORES-,127660.6,2026-05-21 00:00:00,Libre Disponibilidad,Municipales
1.2.1.21,TASAS POR SERV.VARIOS EJERCICIO ANTERIOR,121646.75,2026-05-21 00:00:00,Libre Disponibilidad,Municipales
1.2.2.14.02,DERECHOS DE OFICINA EJERCICIOS ANTERIORES,109196.1,2026-05-21 00:00:00,Libre Disponibilidad,Municipales
1.2.2.05.01,OCUPACION Y USO DE ESPACIOS PUBLICOS DEL EJERCICIO,100673.44,2026-05-21 00:00:00,Libre Disponibilidad,Municipales
1.2.2.05.02,OCUPACION Y USO DE ESPACIOS PUBLICOS DE EJERCICOS ANTERIORES,92843.94,2026-05-21 00:00:00,Libre Disponibilidad,Municipales
1.2.1.04,HABILITACIÓN DE COMERCIOS E INDUSTRIAS,44120,2026-05-21 00:00:00,Libre Disponibilidad,Municipales
1.2.2.17.01,DERECHO POR OFICIO JUDICIAL DEL EJERCICIO,22060,2026-05-21 00:00:00,Libre Disponibilidad,Municipales
1.2.1.05.01,INSPECCIÓN DE SEGURIDAD E HIGIENE -EJERCICIO-,721544010.4,2026-05-22 00:00:00,Libre Disponibilidad,Municipales
1.2.1.01.01,TASA SERVICIOS GENERALES MUNICIPALES - EJERCICIO-,66952164.21,2026-05-22 00:00:00,Libre Disponibilidad,Municipales
1.2.6.01.02,MULTAS POR CONTRAVENCIONES EJERCICIOS ANTERIORES,26047889.15,2026-05-22 00:00:00,Libre Disponibilidad,Municipales
1.2.1.01.02,TASA SERVICIOS GENERALES MUNICIPALES -ANTERIORES-,12133736.48,2026-05-22 00:00:00,Libre Disponibilidad,Municipales
1.2.6.01.01,MULTAS POR CONTRAVENCIONES DEL EJERCICIO,11778836.03,2026-05-22 00:00:00,Libre Disponibilidad,Municipales
1.2.2.14.01,DERECHOS DE OFICINA DEL EJERCICIO,11052853,2026-05-22 00:00:00,Libre Disponibilidad,Municipales
1.2.1.14,TASA POR SERVICIOS VARIOS EJERCICIO,10001370,2026-05-22 00:00:00,Libre Disponibilidad,Municipales
1.2.2.03.01,PUBLICIDAD Y PROPAGANDA -EJERCICIO-,8839238.96,2026-05-22 00:00:00,Libre Disponibilidad,Municipales
1.2.1.05.02,INSPECCIÓN DE SEGURIDAD E HIGIENE -ANTERIORES-,8021076.95,2026-05-22 00:00:00,Libre Disponibilidad,Municipales
1.1.9.05.02,IMPUESTO AUTOMOTOR LEY 13.010 - ANTERIORES-,4409841.56,2026-05-22 00:00:00,Libre Disponibilidad,Municipales
1.2.6.08.02,MULTAS POR CONTRAVENCIONES (EJERC.ANTERIORES,4097750,2026-05-22 00:00:00,Libre Disponibilidad,Municipales
1.1.9.08.01,PATENTE DE MOTOVEHICULOS DEL EJERCICIO,4004919.03,2026-05-22 00:00:00,Libre Disponibilidad,Municipales
1.2.6.02.02,INFRACCION A LAS OBLIGACIONES EJERCICIO ANTERIORES,3950349.71,2026-05-22 00:00:00,Libre Disponibilidad,Municipales
1.2.2.08.01,CEMENTERIO EJERCICIO,2338065,2026-05-22 00:00:00,Libre Disponibilidad,Municipales
1.2.6.02.01,INFRACCION A LAS OBLIGACIONES EJERCICIO,1818139.92,2026-05-22 00:00:00,Libre Disponibilidad,Municipales
1.2.2.11.01,DERECHOS DE CONSTRUCCION,1739524.92,2026-05-22 00:00:00,Libre Disponibilidad,Municipales
1.2.1.21,TASAS POR SERV.VARIOS EJERCICIO ANTERIOR,958081.96,2026-05-22 00:00:00,Libre Disponibilidad,Municipales
1.1.9.05.01,IMPUESTO AUTOMOTOR LEY 13.010 -EJERCICIO-,851452.4,2026-05-22 00:00:00,Libre Disponibilidad,Municipales
1.2.2.14.04,ALTAS Y/O BAJAS IMPOSIT.DE AUTOMOTORES,838280,2026-05-22 00:00:00,Libre Disponibilidad,Municipales
1.2.2.08.02,CEMENTERIO EJERCICIOS ANTERIORES,343539,2026-05-22 00:00:00,Libre Disponibilidad,Municipales
1.2.2.14.05,ALTAS Y/O BAJAS IMPOSIT.DE MOTOVEHICULOS,337518,2026-05-22 00:00:00,Libre Disponibilidad,Municipales
1.2.2.05.01,OCUPACION Y USO DE ESPACIOS PUBLICOS DEL EJERCICIO,228472.24,2026-05-22 00:00:00,Libre Disponibilidad,Municipales
1.2.2.14.02,DERECHOS DE OFICINA EJERCICIOS ANTERIORES,140049.14,2026-05-22 00:00:00,Libre Disponibilidad,Municipales
1.2.2.03.02,PUBLICIDAD Y PROPAGANDA -ANTERIORES-,114953.05,2026-05-22 00:00:00,Libre Disponibilidad,Municipales
1.2.6.08.01,MULTAS POR CONTRAVENCIONES (EJERCICIO),110750,2026-05-22 00:00:00,Libre Disponibilidad,Municipales
1.2.2.17.01,DERECHO POR OFICIO JUDICIAL DEL EJERCICIO,22060,2026-05-22 00:00:00,Libre Disponibilidad,Municipales
1.2.2.05.02,OCUPACION Y USO DE ESPACIOS PUBLICOS DE EJERCICOS ANTERIORES,16840.47,2026-05-22 00:00:00,Libre Disponibilidad,Municipales
1.2.1.05.01,INSPECCIÓN DE SEGURIDAD E HIGIENE -EJERCICIO-,2604843837,2026-05-26 00:00:00,Libre Disponibilidad,Municipales
1.2.1.01.01,TASA SERVICIOS GENERALES MUNICIPALES - EJERCICIO-,128760843.6,2026-05-26 00:00:00,Libre Disponibilidad,Municipales
1.2.1.14,TASA POR SERVICIOS VARIOS EJERCICIO,81097806,2026-05-26 00:00:00,Libre Disponibilidad,Municipales
1.2.2.05.01,OCUPACION Y USO DE ESPACIOS PUBLICOS DEL EJERCICIO,74706533.16,2026-05-26 00:00:00,Libre Disponibilidad,Municipales
1.2.6.01.02,MULTAS POR CONTRAVENCIONES EJERCICIOS ANTERIORES,39033547.48,2026-05-26 00:00:00,Libre Disponibilidad,Municipales
1.2.2.14.01,DERECHOS DE OFICINA DEL EJERCICIO,27430692,2026-05-26 00:00:00,Libre Disponibilidad,Municipales
1.2.1.01.02,TASA SERVICIOS GENERALES MUNICIPALES -ANTERIORES-,23672744.23,2026-05-26 00:00:00,Libre Disponibilidad,Municipales
1.2.2.03.01,PUBLICIDAD Y PROPAGANDA -EJERCICIO-,19941875.27,2026-05-26 00:00:00,Libre Disponibilidad,Municipales
1.2.6.01.01,MULTAS POR CONTRAVENCIONES DEL EJERCICIO,17236690.07,2026-05-26 00:00:00,Libre Disponibilidad,Municipales
1.2.6.08.02,MULTAS POR CONTRAVENCIONES (EJERC.ANTERIORES,12808925,2026-05-26 00:00:00,Libre Disponibilidad,Municipales
1.1.9.05.02,IMPUESTO AUTOMOTOR LEY 13.010 - ANTERIORES-,10726425.77,2026-05-26 00:00:00,Libre Disponibilidad,Municipales
1.2.1.21,TASAS POR SERV.VARIOS EJERCICIO ANTERIOR,8369433.83,2026-05-26 00:00:00,Libre Disponibilidad,Municipales
1.2.1.05.02,INSPECCIÓN DE SEGURIDAD E HIGIENE -ANTERIORES-,7937218.32,2026-05-26 00:00:00,Libre Disponibilidad,Municipales
1.2.2.08.01,CEMENTERIO EJERCICIO,7850660,2026-05-26 00:00:00,Libre Disponibilidad,Municipales
1.2.6.02.02,INFRACCION A LAS OBLIGACIONES EJERCICIO ANTERIORES,7723416.06,2026-05-26 00:00:00,Libre Disponibilidad,Municipales
1.1.9.08.01,PATENTE DE MOTOVEHICULOS DEL EJERCICIO,5062903.45,2026-05-26 00:00:00,Libre Disponibilidad,Municipales
1.2.6.02.01,INFRACCION A LAS OBLIGACIONES EJERCICIO,3557895.51,2026-05-26 00:00:00,Libre Disponibilidad,Municipales
1.2.2.14.04,ALTAS Y/O BAJAS IMPOSIT.DE AUTOMOTORES,1255700,2026-05-26 00:00:00,Libre Disponibilidad,Municipales
1.2.2.08.02,CEMENTERIO EJERCICIOS ANTERIORES,1227709,2026-05-26 00:00:00,Libre Disponibilidad,Municipales
1.1.9.05.01,IMPUESTO AUTOMOTOR LEY 13.010 -EJERCICIO-,886233.81,2026-05-26 00:00:00,Libre Disponibilidad,Municipales
1.2.2.14.05,ALTAS Y/O BAJAS IMPOSIT.DE MOTOVEHICULOS,673920,2026-05-26 00:00:00,Libre Disponibilidad,Municipales
1.2.1.04,HABILITACIÓN DE COMERCIOS E INDUSTRIAS,455800,2026-05-26 00:00:00,Libre Disponibilidad,Municipales
1.2.2.11.01,DERECHOS DE CONSTRUCCION,433354.98,2026-05-26 00:00:00,Libre Disponibilidad,Municipales
1.2.2.14.02,DERECHOS DE OFICINA EJERCICIOS ANTERIORES,350932.18,2026-05-26 00:00:00,Libre Disponibilidad,Municipales
1.2.2.05.02,OCUPACION Y USO DE ESPACIOS PUBLICOS DE EJERCICOS ANTERIORES,197622.01,2026-05-26 00:00:00,Libre Disponibilidad,Municipales
1.2.6.08.01,MULTAS POR CONTRAVENCIONES (EJERCICIO),110750,2026-05-26 00:00:00,Libre Disponibilidad,Municipales
1.2.2.03.02,PUBLICIDAD Y PROPAGANDA -ANTERIORES-,78766.54,2026-05-26 00:00:00,Libre Disponibilidad,Municipales
1.2.1.01.03,TASA DE ALUMBRADO GENERALES FACTURADO POR EDESUR,1674354677,2026-05-27 00:00:00,Libre Disponibilidad,Municipales
1.2.1.05.01,INSPECCIÓN DE SEGURIDAD E HIGIENE -EJERCICIO-,1188049667,2026-05-27 00:00:00,Libre Disponibilidad,Municipales
1.2.1.01.01,TASA SERVICIOS GENERALES MUNICIPALES - EJERCICIO-,36169916.65,2026-05-27 00:00:00,Libre Disponibilidad,Municipales
1.2.6.01.02,MULTAS POR CONTRAVENCIONES EJERCICIOS ANTERIORES,28403796.59,2026-05-27 00:00:00,Libre Disponibilidad,Municipales
1.2.1.14,TASA POR SERVICIOS VARIOS EJERCICIO,26965812,2026-05-27 00:00:00,Libre Disponibilidad,Municipales
1.2.2.14.01,DERECHOS DE OFICINA DEL EJERCICIO,21422378,2026-05-27 00:00:00,Libre Disponibilidad,Municipales
1.2.1.01.02,TASA SERVICIOS GENERALES MUNICIPALES -ANTERIORES-,16501965.82,2026-05-27 00:00:00,Libre Disponibilidad,Municipales
1.2.2.03.01,PUBLICIDAD Y PROPAGANDA -EJERCICIO-,12918938.62,2026-05-27 00:00:00,Libre Disponibilidad,Municipales
1.2.1.05.02,INSPECCIÓN DE SEGURIDAD E HIGIENE -ANTERIORES-,9824673.9,2026-05-27 00:00:00,Libre Disponibilidad,Municipales
1.2.6.08.02,MULTAS POR CONTRAVENCIONES (EJERC.ANTERIORES,8011450,2026-05-27 00:00:00,Libre Disponibilidad,Municipales
1.2.6.01.01,MULTAS POR CONTRAVENCIONES DEL EJERCICIO,6276985.04,2026-05-27 00:00:00,Libre Disponibilidad,Municipales
1.2.6.02.02,INFRACCION A LAS OBLIGACIONES EJERCICIO ANTERIORES,5798238.22,2026-05-27 00:00:00,Libre Disponibilidad,Municipales
1.1.9.05.02,IMPUESTO AUTOMOTOR LEY 13.010 - ANTERIORES-,5096156.86,2026-05-27 00:00:00,Libre Disponibilidad,Municipales
1.2.1.21,TASAS POR SERV.VARIOS EJERCICIO ANTERIOR,2689304.81,2026-05-27 00:00:00,Libre Disponibilidad,Municipales
1.2.6.02.01,INFRACCION A LAS OBLIGACIONES EJERCICIO,2469470.77,2026-05-27 00:00:00,Libre Disponibilidad,Municipales
1.2.2.08.01,CEMENTERIO EJERCICIO,1547132,2026-05-27 00:00:00,Libre Disponibilidad,Municipales
1.1.9.08.01,PATENTE DE MOTOVEHICULOS DEL EJERCICIO,1469804.96,2026-05-27 00:00:00,Libre Disponibilidad,Municipales
1.1.9.05.01,IMPUESTO AUTOMOTOR LEY 13.010 -EJERCICIO-,729709.22,2026-05-27 00:00:00,Libre Disponibilidad,Municipales
1.2.2.14.04,ALTAS Y/O BAJAS IMPOSIT.DE AUTOMOTORES,595620,2026-05-27 00:00:00,Libre Disponibilidad,Municipales
1.2.2.14.05,ALTAS Y/O BAJAS IMPOSIT.DE MOTOVEHICULOS,390690,2026-05-27 00:00:00,Libre Disponibilidad,Municipales
1.2.1.04,HABILITACIÓN DE COMERCIOS E INDUSTRIAS,264720,2026-05-27 00:00:00,Libre Disponibilidad,Municipales
1.2.2.08.02,CEMENTERIO EJERCICIOS ANTERIORES,257144,2026-05-27 00:00:00,Libre Disponibilidad,Municipales
1.2.2.05.01,OCUPACION Y USO DE ESPACIOS PUBLICOS DEL EJERCICIO,213514.8,2026-05-27 00:00:00,Libre Disponibilidad,Municipales
1.2.2.14.02,DERECHOS DE OFICINA EJERCICIOS ANTERIORES,187505.89,2026-05-27 00:00:00,Libre Disponibilidad,Municipales
1.2.2.03.02,PUBLICIDAD Y PROPAGANDA -ANTERIORES-,182411.63,2026-05-27 00:00:00,Libre Disponibilidad,Municipales
1.2.2.05.02,OCUPACION Y USO DE ESPACIOS PUBLICOS DE EJERCICOS ANTERIORES,70975.21,2026-05-27 00:00:00,Libre Disponibilidad,Municipales
1.2.1.02,SERVICIOS ESPECIALES DE LIMPIEZA E HIGIENE,30884,2026-05-27 00:00:00,Libre Disponibilidad,Municipales
1.2.2.11.01,DERECHOS DE CONSTRUCCION,30000,2026-05-27 00:00:00,Libre Disponibilidad,Municipales
1.2.2.17.01,DERECHO POR OFICIO JUDICIAL DEL EJERCICIO,22060,2026-05-27 00:00:00,Libre Disponibilidad,Municipales
1.2.1.05.01,INSPECCIÓN DE SEGURIDAD E HIGIENE -EJERCICIO-,114332766.6,2026-05-28 00:00:00,Libre Disponibilidad,Municipales
1.2.1.01.02,TASA SERVICIOS GENERALES MUNICIPALES -ANTERIORES-,53754726.64,2026-05-28 00:00:00,Libre Disponibilidad,Municipales
1.2.1.01.01,TASA SERVICIOS GENERALES MUNICIPALES - EJERCICIO-,35503499.12,2026-05-28 00:00:00,Libre Disponibilidad,Municipales
1.2.6.02.02,INFRACCION A LAS OBLIGACIONES EJERCICIO ANTERIORES,29854742.47,2026-05-28 00:00:00,Libre Disponibilidad,Municipales
1.2.6.01.02,MULTAS POR CONTRAVENCIONES EJERCICIOS ANTERIORES,25821319.22,2026-05-28 00:00:00,Libre Disponibilidad,Municipales
1.2.6.01.01,MULTAS POR CONTRAVENCIONES DEL EJERCICIO,19502065.5,2026-05-28 00:00:00,Libre Disponibilidad,Municipales
1.2.2.03.01,PUBLICIDAD Y PROPAGANDA -EJERCICIO-,15693262.44,2026-05-28 00:00:00,Libre Disponibilidad,Municipales
1.2.2.14.01,DERECHOS DE OFICINA DEL EJERCICIO,15024971,2026-05-28 00:00:00,Libre Disponibilidad,Municipales
1.2.1.05.02,INSPECCIÓN DE SEGURIDAD E HIGIENE -ANTERIORES-,7332127.19,2026-05-28 00:00:00,Libre Disponibilidad,Municipales
1.2.6.08.02,MULTAS POR CONTRAVENCIONES (EJERC.ANTERIORES,6830075,2026-05-28 00:00:00,Libre Disponibilidad,Municipales
1.1.9.05.02,IMPUESTO AUTOMOTOR LEY 13.010 - ANTERIORES-,4037025.32,2026-05-28 00:00:00,Libre Disponibilidad,Municipales
1.2.9.02,COMISIONES BAPRO PAGO,3209245,2026-05-28 00:00:00,Libre Disponibilidad,Municipales
1.2.1.14,TASA POR SERVICIOS VARIOS EJERCICIO,2705980.28,2026-05-28 00:00:00,Libre Disponibilidad,Municipales
1.2.2.08.01,CEMENTERIO EJERCICIO,2427905,2026-05-28 00:00:00,Libre Disponibilidad,Municipales
1.2.6.02.01,INFRACCION A LAS OBLIGACIONES EJERCICIO,2114548.21,2026-05-28 00:00:00,Libre Disponibilidad,Municipales
1.1.9.08.01,PATENTE DE MOTOVEHICULOS DEL EJERCICIO,1755067.13,2026-05-28 00:00:00,Libre Disponibilidad,Municipales
1.2.2.11.01,DERECHOS DE CONSTRUCCION,1053441.02,2026-05-28 00:00:00,Libre Disponibilidad,Municipales
1.2.2.14.04,ALTAS Y/O BAJAS IMPOSIT.DE AUTOMOTORES,685980,2026-05-28 00:00:00,Libre Disponibilidad,Municipales
1.2.2.08.02,CEMENTERIO EJERCICIOS ANTERIORES,520219.34,2026-05-28 00:00:00,Libre Disponibilidad,Municipales
1.1.9.05.01,IMPUESTO AUTOMOTOR LEY 13.010 -EJERCICIO-,427104.1,2026-05-28 00:00:00,Libre Disponibilidad,Municipales
1.2.2.14.05,ALTAS Y/O BAJAS IMPOSIT.DE MOTOVEHICULOS,335808,2026-05-28 00:00:00,Libre Disponibilidad,Municipales
1.2.2.03.02,PUBLICIDAD Y PROPAGANDA -ANTERIORES-,285112.42,2026-05-28 00:00:00,Libre Disponibilidad,Municipales
1.2.2.14.02,DERECHOS DE OFICINA EJERCICIOS ANTERIORES,215944.71,2026-05-28 00:00:00,Libre Disponibilidad,Municipales
1.2.1.04,HABILITACIÓN DE COMERCIOS E INDUSTRIAS,148905,2026-05-28 00:00:00,Libre Disponibilidad,Municipales
1.2.2.05.01,OCUPACION Y USO DE ESPACIOS PUBLICOS DEL EJERCICIO,113932.43,2026-05-28 00:00:00,Libre Disponibilidad,Municipales
1.2.1.21,TASAS POR SERV.VARIOS EJERCICIO ANTERIOR,93501.08,2026-05-28 00:00:00,Libre Disponibilidad,Municipales
1.2.2.05.02,OCUPACION Y USO DE ESPACIOS PUBLICOS DE EJERCICOS ANTERIORES,12514.98,2026-05-28 00:00:00,Libre Disponibilidad,Municipales
1.6.2.01.02,INTERESES POR COLOCACIONES FINANCIERAS,174257869.6,2026-05-29 00:00:00,Libre Disponibilidad,Municipales
1.2.1.01.01,TASA SERVICIOS GENERALES MUNICIPALES - EJERCICIO-,111951606.3,2026-05-29 00:00:00,Libre Disponibilidad,Municipales
1.2.1.05.01,INSPECCIÓN DE SEGURIDAD E HIGIENE -EJERCICIO-,103916814.9,2026-05-29 00:00:00,Libre Disponibilidad,Municipales
1.2.6.01.02,MULTAS POR CONTRAVENCIONES EJERCICIOS ANTERIORES,40226158.24,2026-05-29 00:00:00,Libre Disponibilidad,Municipales
1.2.1.01.02,TASA SERVICIOS GENERALES MUNICIPALES -ANTERIORES-,33963997.31,2026-05-29 00:00:00,Libre Disponibilidad,Municipales
1.2.1.05.02,INSPECCIÓN DE SEGURIDAD E HIGIENE -ANTERIORES-,23151374.25,2026-05-29 00:00:00,Libre Disponibilidad,Municipales
1.2.2.14.01,DERECHOS DE OFICINA DEL EJERCICIO,12482024,2026-05-29 00:00:00,Libre Disponibilidad,Municipales
1.2.6.02.02,INFRACCION A LAS OBLIGACIONES EJERCICIO ANTERIORES,10965829.55,2026-05-29 00:00:00,Libre Disponibilidad,Municipales
1.2.6.08.02,MULTAS POR CONTRAVENCIONES (EJERC.ANTERIORES,7547375,2026-05-29 00:00:00,Libre Disponibilidad,Municipales
1.2.2.03.01,PUBLICIDAD Y PROPAGANDA -EJERCICIO-,4796154.2,2026-05-29 00:00:00,Libre Disponibilidad,Municipales
1.1.9.05.02,IMPUESTO AUTOMOTOR LEY 13.010 - ANTERIORES-,4786810.91,2026-05-29 00:00:00,Libre Disponibilidad,Municipales
1.2.6.01.01,MULTAS POR CONTRAVENCIONES DEL EJERCICIO,2918352.54,2026-05-29 00:00:00,Libre Disponibilidad,Municipales
1.2.2.08.01,CEMENTERIO EJERCICIO,2585964,2026-05-29 00:00:00,Libre Disponibilidad,Municipales
1.2.6.02.01,INFRACCION A LAS OBLIGACIONES EJERCICIO,2382494.66,2026-05-29 00:00:00,Libre Disponibilidad,Municipales
1.2.1.14,TASA POR SERVICIOS VARIOS EJERCICIO,2239266,2026-05-29 00:00:00,Libre Disponibilidad,Municipales
1.1.9.08.01,PATENTE DE MOTOVEHICULOS DEL EJERCICIO,1169696.06,2026-05-29 00:00:00,Libre Disponibilidad,Municipales
1.2.2.14.04,ALTAS Y/O BAJAS IMPOSIT.DE AUTOMOTORES,650180.07,2026-05-29 00:00:00,Libre Disponibilidad,Municipales
1.2.2.14.05,ALTAS Y/O BAJAS IMPOSIT.DE MOTOVEHICULOS,414306,2026-05-29 00:00:00,Libre Disponibilidad,Municipales
1.1.9.05.01,IMPUESTO AUTOMOTOR LEY 13.010 -EJERCICIO-,388954.94,2026-05-29 00:00:00,Libre Disponibilidad,Municipales
1.2.2.14.02,DERECHOS DE OFICINA EJERCICIOS ANTERIORES,314765.46,2026-05-29 00:00:00,Libre Disponibilidad,Municipales
1.2.1.21,TASAS POR SERV.VARIOS EJERCICIO ANTERIOR,262512.79,2026-05-29 00:00:00,Libre Disponibilidad,Municipales
1.2.2.03.02,PUBLICIDAD Y PROPAGANDA -ANTERIORES-,246895.25,2026-05-29 00:00:00,Libre Disponibilidad,Municipales
1.2.2.08.02,CEMENTERIO EJERCICIOS ANTERIORES,180438,2026-05-29 00:00:00,Libre Disponibilidad,Municipales
1.2.6.08.01,MULTAS POR CONTRAVENCIONES (EJERCICIO),110750,2026-05-29 00:00:00,Libre Disponibilidad,Municipales
1.2.2.05.01,OCUPACION Y USO DE ESPACIOS PUBLICOS DEL EJERCICIO,98989.12,2026-05-29 00:00:00,Libre Disponibilidad,Municipales
1.2.2.11.01,DERECHOS DE CONSTRUCCION,64660,2026-05-29 00:00:00,Libre Disponibilidad,Municipales
1.2.2.05.02,OCUPACION Y USO DE ESPACIOS PUBLICOS DE EJERCICOS ANTERIORES,53168.59,2026-05-29 00:00:00,Libre Disponibilidad,Municipales
1.2.2.17.01,DERECHO POR OFICIO JUDICIAL DEL EJERCICIO,22060,2026-05-29 00:00:00,Libre Disponibilidad,Municipales
1.2.1.02,SERVICIOS ESPECIALES DE LIMPIEZA E HIGIENE,0.03,2026-05-29 00:00:00,Libre Disponibilidad,Municipales
1.2.6.01.02,MULTAS POR CONTRAVENCIONES EJERCICIOS ANTERIORES,41093466.97,2026-06-01 00:00:00,Libre Disponibilidad,Municipales
1.2.1.01.01,TASA SERVICIOS GENERALES MUNICIPALES - EJERCICIO-,26386550.67,2026-06-01 00:00:00,Libre Disponibilidad,Municipales
1.2.1.05.02,INSPECCIÓN DE SEGURIDAD E HIGIENE -ANTERIORES-,12467619.53,2026-06-01 00:00:00,Libre Disponibilidad,Municipales
1.2.1.05.01,INSPECCIÓN DE SEGURIDAD E HIGIENE -EJERCICIO-,9443709,2026-06-01 00:00:00,Libre Disponibilidad,Municipales
1.2.6.01.01,MULTAS POR CONTRAVENCIONES DEL EJERCICIO,9063234.07,2026-06-01 00:00:00,Libre Disponibilidad,Municipales
1.2.6.02.02,INFRACCION A LAS OBLIGACIONES EJERCICIO ANTERIORES,8622713.84,2026-06-01 00:00:00,Libre Disponibilidad,Municipales
1.2.1.01.02,TASA SERVICIOS GENERALES MUNICIPALES -ANTERIORES-,8279420.21,2026-06-01 00:00:00,Libre Disponibilidad,Municipales
1.2.2.14.01,DERECHOS DE OFICINA DEL EJERCICIO,7206319.31,2026-06-01 00:00:00,Libre Disponibilidad,Municipales
1.2.1.14,TASA POR SERVICIOS VARIOS EJERCICIO,3423483,2026-06-01 00:00:00,Libre Disponibilidad,Municipales
1.1.9.05.02,IMPUESTO AUTOMOTOR LEY 13.010 - ANTERIORES-,3137114.49,2026-06-01 00:00:00,Libre Disponibilidad,Municipales
1.2.6.08.02,MULTAS POR CONTRAVENCIONES (EJERC.ANTERIORES,2436500,2026-06-01 00:00:00,Libre Disponibilidad,Municipales
1.2.1.20.01,ANTENAS TASAS Y DERECHOS,1590000,2026-06-01 00:00:00,Libre Disponibilidad,Municipales
1.2.6.02.01,INFRACCION A LAS OBLIGACIONES EJERCICIO,1375694.31,2026-06-01 00:00:00,Libre Disponibilidad,Municipales
1.1.9.08.01,PATENTE DE MOTOVEHICULOS DEL EJERCICIO,737848.22,2026-06-01 00:00:00,Libre Disponibilidad,Municipales
1.2.1.26,CANON DAKOTA,727606.78,2026-06-01 00:00:00,Libre Disponibilidad,Municipales
1.1.9.05.01,IMPUESTO AUTOMOTOR LEY 13.010 -EJERCICIO-,384980.9,2026-06-01 00:00:00,Libre Disponibilidad,Municipales
1.2.2.14.04,ALTAS Y/O BAJAS IMPOSIT.DE AUTOMOTORES,350900,2026-06-01 00:00:00,Libre Disponibilidad,Municipales
1.2.2.03.01,PUBLICIDAD Y PROPAGANDA -EJERCICIO-,307308.43,2026-06-01 00:00:00,Libre Disponibilidad,Municipales
1.2.2.05.01,OCUPACION Y USO DE ESPACIOS PUBLICOS DEL EJERCICIO,277582.4,2026-06-01 00:00:00,Libre Disponibilidad,Municipales
1.2.2.14.02,DERECHOS DE OFICINA EJERCICIOS ANTERIORES,246150.11,2026-06-01 00:00:00,Libre Disponibilidad,Municipales
1.2.2.14.05,ALTAS Y/O BAJAS IMPOSIT.DE MOTOVEHICULOS,218394,2026-06-01 00:00:00,Libre Disponibilidad,Municipales
1.2.1.04,HABILITACIÓN DE COMERCIOS E INDUSTRIAS,189716,2026-06-01 00:00:00,Libre Disponibilidad,Municipales
1.2.1.21,TASAS POR SERV.VARIOS EJERCICIO ANTERIOR,181168.77,2026-06-01 00:00:00,Libre Disponibilidad,Municipales
1.2.2.08.01,CEMENTERIO EJERCICIO,163244,2026-06-01 00:00:00,Libre Disponibilidad,Municipales
1.2.2.03.02,PUBLICIDAD Y PROPAGANDA -ANTERIORES-,128535.76,2026-06-01 00:00:00,Libre Disponibilidad,Municipales
1.2.2.05.02,OCUPACION Y USO DE ESPACIOS PUBLICOS DE EJERCICOS ANTERIORES,70731.07,2026-06-01 00:00:00,Libre Disponibilidad,Municipales
1.2.1.02,SERVICIOS ESPECIALES DE LIMPIEZA E HIGIENE,46326,2026-06-01 00:00:00,Libre Disponibilidad,Municipales
1.2.2.08.02,CEMENTERIO EJERCICIOS ANTERIORES,43368,2026-06-01 00:00:00,Libre Disponibilidad,Municipales
1.2.1.22,INGRESOS VARIOS,-2051410.75,2026-06-01 00:00:00,Libre Disponibilidad,Municipales
1.2.1.01.01,TASA SERVICIOS GENERALES MUNICIPALES - EJERCICIO-,50968156.52,2026-06-02 00:00:00,Libre Disponibilidad,Municipales
1.2.1.05.01,INSPECCIÓN DE SEGURIDAD E HIGIENE -EJERCICIO-,26066278.12,2026-06-02 00:00:00,Libre Disponibilidad,Municipales
1.2.6.01.02,MULTAS POR CONTRAVENCIONES EJERCICIOS ANTERIORES,22316410.37,2026-06-02 00:00:00,Libre Disponibilidad,Municipales
1.2.1.05.02,INSPECCIÓN DE SEGURIDAD E HIGIENE -ANTERIORES-,18557991.34,2026-06-02 00:00:00,Libre Disponibilidad,Municipales
1.2.1.01.02,TASA SERVICIOS GENERALES MUNICIPALES -ANTERIORES-,16378140.27,2026-06-02 00:00:00,Libre Disponibilidad,Municipales
1.2.6.01.01,MULTAS POR CONTRAVENCIONES DEL EJERCICIO,8360139.54,2026-06-02 00:00:00,Libre Disponibilidad,Municipales
1.2.2.14.01,DERECHOS DE OFICINA DEL EJERCICIO,6467084,2026-06-02 00:00:00,Libre Disponibilidad,Municipales
1.2.6.08.02,MULTAS POR CONTRAVENCIONES (EJERC.ANTERIORES,5127650,2026-06-02 00:00:00,Libre Disponibilidad,Municipales
1.1.9.05.02,IMPUESTO AUTOMOTOR LEY 13.010 - ANTERIORES-,4240666.43,2026-06-02 00:00:00,Libre Disponibilidad,Municipales
1.2.2.11.01,DERECHOS DE CONSTRUCCION,3722397.93,2026-06-02 00:00:00,Libre Disponibilidad,Municipales
1.2.6.02.02,INFRACCION A LAS OBLIGACIONES EJERCICIO ANTERIORES,3299061.57,2026-06-02 00:00:00,Libre Disponibilidad,Municipales
1.2.2.08.01,CEMENTERIO EJERCICIO,1836579,2026-06-02 00:00:00,Libre Disponibilidad,Municipales
1.2.6.02.01,INFRACCION A LAS OBLIGACIONES EJERCICIO,1161019.62,2026-06-02 00:00:00,Libre Disponibilidad,Municipales
1.2.1.22,INGRESOS VARIOS,1147678.56,2026-06-02 00:00:00,Libre Disponibilidad,Municipales
1.1.9.08.01,PATENTE DE MOTOVEHICULOS DEL EJERCICIO,995360.17,2026-06-02 00:00:00,Libre Disponibilidad,Municipales
1.2.2.14.04,ALTAS Y/O BAJAS IMPOSIT.DE AUTOMOTORES,896220,2026-06-02 00:00:00,Libre Disponibilidad,Municipales
1.1.9.05.01,IMPUESTO AUTOMOTOR LEY 13.010 -EJERCICIO-,734895.02,2026-06-02 00:00:00,Libre Disponibilidad,Municipales
1.2.2.03.01,PUBLICIDAD Y PROPAGANDA -EJERCICIO-,641274.42,2026-06-02 00:00:00,Libre Disponibilidad,Municipales
1.2.2.08.02,CEMENTERIO EJERCICIOS ANTERIORES,418865,2026-06-02 00:00:00,Libre Disponibilidad,Municipales
1.2.1.14,TASA POR SERVICIOS VARIOS EJERCICIO,374111,2026-06-02 00:00:00,Libre Disponibilidad,Municipales
1.2.2.05.01,OCUPACION Y USO DE ESPACIOS PUBLICOS DEL EJERCICIO,314865.44,2026-06-02 00:00:00,Libre Disponibilidad,Municipales
1.2.2.14.05,ALTAS Y/O BAJAS IMPOSIT.DE MOTOVEHICULOS,297810,2026-06-02 00:00:00,Libre Disponibilidad,Municipales
1.2.2.03.02,PUBLICIDAD Y PROPAGANDA -ANTERIORES-,208703.15,2026-06-02 00:00:00,Libre Disponibilidad,Municipales
1.2.2.14.02,DERECHOS DE OFICINA EJERCICIOS ANTERIORES,131337.26,2026-06-02 00:00:00,Libre Disponibilidad,Municipales
1.2.1.21,TASAS POR SERV.VARIOS EJERCICIO ANTERIOR,73809.89,2026-06-02 00:00:00,Libre Disponibilidad,Municipales
1.2.1.04,HABILITACIÓN DE COMERCIOS E INDUSTRIAS,43240,2026-06-02 00:00:00,Libre Disponibilidad,Municipales
1.2.1.02,SERVICIOS ESPECIALES DE LIMPIEZA E HIGIENE,30884,2026-06-02 00:00:00,Libre Disponibilidad,Municipales
1.2.2.05.02,OCUPACION Y USO DE ESPACIOS PUBLICOS DE EJERCICOS ANTERIORES,18434.25,2026-06-02 00:00:00,Libre Disponibilidad,Municipales
1.2.1.01.01,TASA SERVICIOS GENERALES MUNICIPALES - EJERCICIO-,58262775.89,2026-06-03 00:00:00,Libre Disponibilidad,Municipales
1.2.6.01.02,MULTAS POR CONTRAVENCIONES EJERCICIOS ANTERIORES,37953766.04,2026-06-03 00:00:00,Libre Disponibilidad,Municipales
1.2.1.05.01,INSPECCIÓN DE SEGURIDAD E HIGIENE -EJERCICIO-,19060594.43,2026-06-03 00:00:00,Libre Disponibilidad,Municipales
1.2.2.14.01,DERECHOS DE OFICINA DEL EJERCICIO,15875877.65,2026-06-03 00:00:00,Libre Disponibilidad,Municipales
1.2.1.01.02,TASA SERVICIOS GENERALES MUNICIPALES -ANTERIORES-,13514267.68,2026-06-03 00:00:00,Libre Disponibilidad,Municipales
1.2.1.05.02,INSPECCIÓN DE SEGURIDAD E HIGIENE -ANTERIORES-,10526084.12,2026-06-03 00:00:00,Libre Disponibilidad,Municipales
1.2.2.11.01,DERECHOS DE CONSTRUCCION,8787928.36,2026-06-03 00:00:00,Libre Disponibilidad,Municipales
1.2.6.08.02,MULTAS POR CONTRAVENCIONES (EJERC.ANTERIORES,7442600,2026-06-03 00:00:00,Libre Disponibilidad,Municipales
1.2.6.01.01,MULTAS POR CONTRAVENCIONES DEL EJERCICIO,6405875,2026-06-03 00:00:00,Libre Disponibilidad,Municipales
1.1.9.05.02,IMPUESTO AUTOMOTOR LEY 13.010 - ANTERIORES-,5325803.45,2026-06-03 00:00:00,Libre Disponibilidad,Municipales
1.2.6.02.02,INFRACCION A LAS OBLIGACIONES EJERCICIO ANTERIORES,2928013.59,2026-06-03 00:00:00,Libre Disponibilidad,Municipales
1.2.1.14,TASA POR SERVICIOS VARIOS EJERCICIO,2598079,2026-06-03 00:00:00,Libre Disponibilidad,Municipales
1.2.2.08.01,CEMENTERIO EJERCICIO,1418071,2026-06-03 00:00:00,Libre Disponibilidad,Municipales
1.2.6.02.01,INFRACCION A LAS OBLIGACIONES EJERCICIO,1311953.8,2026-06-03 00:00:00,Libre Disponibilidad,Municipales
1.2.1.26,CANON DAKOTA,1147678.56,2026-06-03 00:00:00,Libre Disponibilidad,Municipales
1.1.9.08.01,PATENTE DE MOTOVEHICULOS DEL EJERCICIO,1139264.44,2026-06-03 00:00:00,Libre Disponibilidad,Municipales
1.2.2.03.01,PUBLICIDAD Y PROPAGANDA -EJERCICIO-,715129.8,2026-06-03 00:00:00,Libre Disponibilidad,Municipales
1.2.1.04,HABILITACIÓN DE COMERCIOS E INDUSTRIAS,529440,2026-06-03 00:00:00,Libre Disponibilidad,Municipales
1.2.2.14.04,ALTAS Y/O BAJAS IMPOSIT.DE AUTOMOTORES,483260,2026-06-03 00:00:00,Libre Disponibilidad,Municipales
1.2.2.05.01,OCUPACION Y USO DE ESPACIOS PUBLICOS DEL EJERCICIO,475755.28,2026-06-03 00:00:00,Libre Disponibilidad,Municipales
1.2.2.08.02,CEMENTERIO EJERCICIOS ANTERIORES,391567,2026-06-03 00:00:00,Libre Disponibilidad,Municipales
1.2.2.14.05,ALTAS Y/O BAJAS IMPOSIT.DE MOTOVEHICULOS,292914,2026-06-03 00:00:00,Libre Disponibilidad,Municipales
1.2.2.14.02,DERECHOS DE OFICINA EJERCICIOS ANTERIORES,249288.7,2026-06-03 00:00:00,Libre Disponibilidad,Municipales
1.1.9.05.01,IMPUESTO AUTOMOTOR LEY 13.010 -EJERCICIO-,201561.99,2026-06-03 00:00:00,Libre Disponibilidad,Municipales
1.2.2.03.02,PUBLICIDAD Y PROPAGANDA -ANTERIORES-,192508.61,2026-06-03 00:00:00,Libre Disponibilidad,Municipales
1.2.6.08.01,MULTAS POR CONTRAVENCIONES (EJERCICIO),110750,2026-06-03 00:00:00,Libre Disponibilidad,Municipales
1.2.1.21,TASAS POR SERV.VARIOS EJERCICIO ANTERIOR,79908.58,2026-06-03 00:00:00,Libre Disponibilidad,Municipales
1.2.2.05.02,OCUPACION Y USO DE ESPACIOS PUBLICOS DE EJERCICOS ANTERIORES,53612.13,2026-06-03 00:00:00,Libre Disponibilidad,Municipales
1.2.1.22,INGRESOS VARIOS,-1147678.56,2026-06-03 00:00:00,Libre Disponibilidad,Municipales
1.2.1.01.01,TASA SERVICIOS GENERALES MUNICIPALES - EJERCICIO-,98419024.35,2026-06-04 00:00:00,Libre Disponibilidad,Municipales
1.2.1.01.02,TASA SERVICIOS GENERALES MUNICIPALES -ANTERIORES-,30745769.82,2026-06-04 00:00:00,Libre Disponibilidad,Municipales
1.2.6.01.02,MULTAS POR CONTRAVENCIONES EJERCICIOS ANTERIORES,25124458.48,2026-06-04 00:00:00,Libre Disponibilidad,Municipales
1.2.6.01.01,MULTAS POR CONTRAVENCIONES DEL EJERCICIO,15489252.06,2026-06-04 00:00:00,Libre Disponibilidad,Municipales
1.2.2.14.01,DERECHOS DE OFICINA DEL EJERCICIO,14102620,2026-06-04 00:00:00,Libre Disponibilidad,Municipales
1.2.1.05.01,INSPECCIÓN DE SEGURIDAD E HIGIENE -EJERCICIO-,12950805,2026-06-04 00:00:00,Libre Disponibilidad,Municipales
1.1.9.05.02,IMPUESTO AUTOMOTOR LEY 13.010 - ANTERIORES-,10533163.81,2026-06-04 00:00:00,Libre Disponibilidad,Municipales
1.2.2.14.02,DERECHOS DE OFICINA EJERCICIOS ANTERIORES,9962065.7,2026-06-04 00:00:00,Libre Disponibilidad,Municipales
1.2.6.02.02,INFRACCION A LAS OBLIGACIONES EJERCICIO ANTERIORES,3848775.03,2026-06-04 00:00:00,Libre Disponibilidad,Municipales
1.2.6.08.02,MULTAS POR CONTRAVENCIONES (EJERC.ANTERIORES,3606900,2026-06-04 00:00:00,Libre Disponibilidad,Municipales
1.2.2.03.02,PUBLICIDAD Y PROPAGANDA -ANTERIORES-,2016805.47,2026-06-04 00:00:00,Libre Disponibilidad,Municipales
1.2.2.08.01,CEMENTERIO EJERCICIO,1774832,2026-06-04 00:00:00,Libre Disponibilidad,Municipales
1.2.6.02.01,INFRACCION A LAS OBLIGACIONES EJERCICIO,1743916.12,2026-06-04 00:00:00,Libre Disponibilidad,Municipales
1.2.2.11.01,DERECHOS DE CONSTRUCCION,1486105,2026-06-04 00:00:00,Libre Disponibilidad,Municipales
1.2.1.05.02,INSPECCIÓN DE SEGURIDAD E HIGIENE -ANTERIORES-,1453448.57,2026-06-04 00:00:00,Libre Disponibilidad,Municipales
1.1.9.08.01,PATENTE DE MOTOVEHICULOS DEL EJERCICIO,1254891.77,2026-06-04 00:00:00,Libre Disponibilidad,Municipales
1.1.9.05.01,IMPUESTO AUTOMOTOR LEY 13.010 -EJERCICIO-,1085928.65,2026-06-04 00:00:00,Libre Disponibilidad,Municipales
1.2.1.14,TASA POR SERVICIOS VARIOS EJERCICIO,1067324,2026-06-04 00:00:00,Libre Disponibilidad,Municipales
1.2.2.03.01,PUBLICIDAD Y PROPAGANDA -EJERCICIO-,945742.63,2026-06-04 00:00:00,Libre Disponibilidad,Municipales
1.2.2.14.04,ALTAS Y/O BAJAS IMPOSIT.DE AUTOMOTORES,529440,2026-06-04 00:00:00,Libre Disponibilidad,Municipales
1.2.2.14.05,ALTAS Y/O BAJAS IMPOSIT.DE MOTOVEHICULOS,277956,2026-06-04 00:00:00,Libre Disponibilidad,Municipales
1.2.2.08.02,CEMENTERIO EJERCICIOS ANTERIORES,220054,2026-06-04 00:00:00,Libre Disponibilidad,Municipales
1.2.2.05.01,OCUPACION Y USO DE ESPACIOS PUBLICOS DEL EJERCICIO,145831.12,2026-06-04 00:00:00,Libre Disponibilidad,Municipales
1.2.1.21,TASAS POR SERV.VARIOS EJERCICIO ANTERIOR,26430.21,2026-06-04 00:00:00,Libre Disponibilidad,Municipales
1.2.2.05.02,OCUPACION Y USO DE ESPACIOS PUBLICOS DE EJERCICOS ANTERIORES,3157.54,2026-06-04 00:00:00,Libre Disponibilidad,Municipales
1.2.1.01.03,TASA DE ALUMBRADO GENERALES FACTURADO POR EDESUR,804220871.9,2026-06-05 00:00:00,Libre Disponibilidad,Municipales
1.1.9.01,PARTICIPACION EDESUR,627283129.4,2026-06-05 00:00:00,Libre Disponibilidad,Municipales
1.6.2.01.02,INTERESES POR COLOCACIONES FINANCIERAS,93412248.9,2026-06-05 00:00:00,Libre Disponibilidad,Municipales
1.2.1.01.01,TASA SERVICIOS GENERALES MUNICIPALES - EJERCICIO-,73018841.47,2026-06-05 00:00:00,Libre Disponibilidad,Municipales
1.2.6.01.02,MULTAS POR CONTRAVENCIONES EJERCICIOS ANTERIORES,33467901.56,2026-06-05 00:00:00,Libre Disponibilidad,Municipales
1.2.1.01.02,TASA SERVICIOS GENERALES MUNICIPALES -ANTERIORES-,19008502.21,2026-06-05 00:00:00,Libre Disponibilidad,Municipales
1.2.2.14.01,DERECHOS DE OFICINA DEL EJERCICIO,12304857,2026-06-05 00:00:00,Libre Disponibilidad,Municipales
1.2.1.05.02,INSPECCIÓN DE SEGURIDAD E HIGIENE -ANTERIORES-,11364206.67,2026-06-05 00:00:00,Libre Disponibilidad,Municipales
1.2.1.05.01,INSPECCIÓN DE SEGURIDAD E HIGIENE -EJERCICIO-,10327997.52,2026-06-05 00:00:00,Libre Disponibilidad,Municipales
1.2.2.11.01,DERECHOS DE CONSTRUCCION,8280088.16,2026-06-05 00:00:00,Libre Disponibilidad,Municipales
1.2.6.01.01,MULTAS POR CONTRAVENCIONES DEL EJERCICIO,6988837.5,2026-06-05 00:00:00,Libre Disponibilidad,Municipales
1.1.9.05.02,IMPUESTO AUTOMOTOR LEY 13.010 - ANTERIORES-,6136456.49,2026-06-05 00:00:00,Libre Disponibilidad,Municipales
1.2.6.08.02,MULTAS POR CONTRAVENCIONES (EJERC.ANTERIORES,4334750,2026-06-05 00:00:00,Libre Disponibilidad,Municipales
1.2.6.02.02,INFRACCION A LAS OBLIGACIONES EJERCICIO ANTERIORES,4261624.95,2026-06-05 00:00:00,Libre Disponibilidad,Municipales
1.2.2.14.02,DERECHOS DE OFICINA EJERCICIOS ANTERIORES,3067045.77,2026-06-05 00:00:00,Libre Disponibilidad,Municipales
1.2.2.08.01,CEMENTERIO EJERCICIO,2401705,2026-06-05 00:00:00,Libre Disponibilidad,Municipales
1.2.6.02.01,INFRACCION A LAS OBLIGACIONES EJERCICIO,1559788.94,2026-06-05 00:00:00,Libre Disponibilidad,Municipales
1.2.1.22,INGRESOS VARIOS,1147678.56,2026-06-05 00:00:00,Libre Disponibilidad,Municipales
1.1.9.05.01,IMPUESTO AUTOMOTOR LEY 13.010 -EJERCICIO-,794194.86,2026-06-05 00:00:00,Libre Disponibilidad,Municipales
1.2.2.03.01,PUBLICIDAD Y PROPAGANDA -EJERCICIO-,643410.39,2026-06-05 00:00:00,Libre Disponibilidad,Municipales
1.2.2.14.04,ALTAS Y/O BAJAS IMPOSIT.DE AUTOMOTORES,614040.09,2026-06-05 00:00:00,Libre Disponibilidad,Municipales
1.2.2.08.02,CEMENTERIO EJERCICIOS ANTERIORES,523756,2026-06-05 00:00:00,Libre Disponibilidad,Municipales
1.1.9.08.01,PATENTE DE MOTOVEHICULOS DEL EJERCICIO,520866.6,2026-06-05 00:00:00,Libre Disponibilidad,Municipales
1.2.2.14.05,ALTAS Y/O BAJAS IMPOSIT.DE MOTOVEHICULOS,397080,2026-06-05 00:00:00,Libre Disponibilidad,Municipales
1.2.1.14,TASA POR SERVICIOS VARIOS EJERCICIO,336209,2026-06-05 00:00:00,Libre Disponibilidad,Municipales
1.2.1.21,TASAS POR SERV.VARIOS EJERCICIO ANTERIOR,140490.29,2026-06-05 00:00:00,Libre Disponibilidad,Municipales
1.2.2.05.01,OCUPACION Y USO DE ESPACIOS PUBLICOS DEL EJERCICIO,135991.4,2026-06-05 00:00:00,Libre Disponibilidad,Municipales
1.2.1.02,SERVICIOS ESPECIALES DE LIMPIEZA E HIGIENE,77210,2026-06-05 00:00:00,Libre Disponibilidad,Municipales
1.2.2.17.01,DERECHO POR OFICIO JUDICIAL DEL EJERCICIO,22060,2026-06-05 00:00:00,Libre Disponibilidad,Municipales
1.2.2.05.02,OCUPACION Y USO DE ESPACIOS PUBLICOS DE EJERCICOS ANTERIORES,10122.22,2026-06-05 00:00:00,Libre Disponibilidad,Municipales
1.2.6.06,CONVENIO A.C.A.R.A.,141076262.8,2026-06-08 00:00:00,Libre Disponibilidad,Municipales
1.2.1.01.01,TASA SERVICIOS GENERALES MUNICIPALES - EJERCICIO-,116640136.2,2026-06-08 00:00:00,Libre Disponibilidad,Municipales
1.2.6.01.02,MULTAS POR CONTRAVENCIONES EJERCICIOS ANTERIORES,52286055.36,2026-06-08 00:00:00,Libre Disponibilidad,Municipales
1.2.1.01.02,TASA SERVICIOS GENERALES MUNICIPALES -ANTERIORES-,23404955.05,2026-06-08 00:00:00,Libre Disponibilidad,Municipales
1.2.1.05.01,INSPECCIÓN DE SEGURIDAD E HIGIENE -EJERCICIO-,17938165.77,2026-06-08 00:00:00,Libre Disponibilidad,Municipales
1.2.6.01.01,MULTAS POR CONTRAVENCIONES DEL EJERCICIO,17425261.5,2026-06-08 00:00:00,Libre Disponibilidad,Municipales
1.2.2.14.01,DERECHOS DE OFICINA DEL EJERCICIO,16081837,2026-06-08 00:00:00,Libre Disponibilidad,Municipales
1.2.6.08.02,MULTAS POR CONTRAVENCIONES (EJERC.ANTERIORES,9221900,2026-06-08 00:00:00,Libre Disponibilidad,Municipales
1.1.9.05.02,IMPUESTO AUTOMOTOR LEY 13.010 - ANTERIORES-,8410506.23,2026-06-08 00:00:00,Libre Disponibilidad,Municipales
1.2.6.02.02,INFRACCION A LAS OBLIGACIONES EJERCICIO ANTERIORES,6075706.48,2026-06-08 00:00:00,Libre Disponibilidad,Municipales
1.2.1.05.02,INSPECCIÓN DE SEGURIDAD E HIGIENE -ANTERIORES-,5395869.97,2026-06-08 00:00:00,Libre Disponibilidad,Municipales
1.2.2.14.02,DERECHOS DE OFICINA EJERCICIOS ANTERIORES,4607191.13,2026-06-08 00:00:00,Libre Disponibilidad,Municipales
1.2.2.08.01,CEMENTERIO EJERCICIO,3666478,2026-06-08 00:00:00,Libre Disponibilidad,Municipales
1.2.6.02.01,INFRACCION A LAS OBLIGACIONES EJERCICIO,1971420.23,2026-06-08 00:00:00,Libre Disponibilidad,Municipales
1.1.9.08.01,PATENTE DE MOTOVEHICULOS DEL EJERCICIO,901130.42,2026-06-08 00:00:00,Libre Disponibilidad,Municipales
1.2.1.14,TASA POR SERVICIOS VARIOS EJERCICIO,871612.41,2026-06-08 00:00:00,Libre Disponibilidad,Municipales
1.2.2.03.01,PUBLICIDAD Y PROPAGANDA -EJERCICIO-,817771.3,2026-06-08 00:00:00,Libre Disponibilidad,Municipales
1.2.2.14.04,ALTAS Y/O BAJAS IMPOSIT.DE AUTOMOTORES,724720.02,2026-06-08 00:00:00,Libre Disponibilidad,Municipales
1.1.9.05.01,IMPUESTO AUTOMOTOR LEY 13.010 -EJERCICIO-,701586.7,2026-06-08 00:00:00,Libre Disponibilidad,Municipales
1.2.2.08.02,CEMENTERIO EJERCICIOS ANTERIORES,657367,2026-06-08 00:00:00,Libre Disponibilidad,Municipales
1.2.2.05.01,OCUPACION Y USO DE ESPACIOS PUBLICOS DEL EJERCICIO,308961.84,2026-06-08 00:00:00,Libre Disponibilidad,Municipales
1.2.1.21,TASAS POR SERV.VARIOS EJERCICIO ANTERIOR,151374.8,2026-06-08 00:00:00,Libre Disponibilidad,Municipales
1.2.2.11.01,DERECHOS DE CONSTRUCCION,110220,2026-06-08 00:00:00,Libre Disponibilidad,Municipales
1.2.2.14.05,ALTAS Y/O BAJAS IMPOSIT.DE MOTOVEHICULOS,99270,2026-06-08 00:00:00,Libre Disponibilidad,Municipales
1.2.2.03.02,PUBLICIDAD Y PROPAGANDA -ANTERIORES-,69505.94,2026-06-08 00:00:00,Libre Disponibilidad,Municipales
1.2.2.05.02,OCUPACION Y USO DE ESPACIOS PUBLICOS DE EJERCICOS ANTERIORES,60200.49,2026-06-08 00:00:00,Libre Disponibilidad,Municipales
1.2.1.02,SERVICIOS ESPECIALES DE LIMPIEZA E HIGIENE,30884,2026-06-08 00:00:00,Libre Disponibilidad,Municipales
1.2.1.01.01,TASA SERVICIOS GENERALES MUNICIPALES - EJERCICIO-,121972506.2,2026-06-09 00:00:00,Libre Disponibilidad,Municipales
1.6.2.01.02,INTERESES POR COLOCACIONES FINANCIERAS,116750848.2,2026-06-09 00:00:00,Libre Disponibilidad,Municipales
1.2.2.14.01,DERECHOS DE OFICINA DEL EJERCICIO,53190401,2026-06-09 00:00:00,Libre Disponibilidad,Municipales
1.2.1.05.01,INSPECCIÓN DE SEGURIDAD E HIGIENE -EJERCICIO-,31749840.26,2026-06-09 00:00:00,Libre Disponibilidad,Municipales
1.2.6.01.02,MULTAS POR CONTRAVENCIONES EJERCICIOS ANTERIORES,29264881.1,2026-06-09 00:00:00,Libre Disponibilidad,Municipales
1.2.1.01.02,TASA SERVICIOS GENERALES MUNICIPALES -ANTERIORES-,9097491.52,2026-06-09 00:00:00,Libre Disponibilidad,Municipales
1.2.6.01.01,MULTAS POR CONTRAVENCIONES DEL EJERCICIO,8993547.58,2026-06-09 00:00:00,Libre Disponibilidad,Municipales
1.2.6.08.02,MULTAS POR CONTRAVENCIONES (EJERC.ANTERIORES,7450350,2026-06-09 00:00:00,Libre Disponibilidad,Municipales
1.2.1.05.02,INSPECCIÓN DE SEGURIDAD E HIGIENE -ANTERIORES-,6039393.96,2026-06-09 00:00:00,Libre Disponibilidad,Municipales
1.2.2.14.02,DERECHOS DE OFICINA EJERCICIOS ANTERIORES,5131962.84,2026-06-09 00:00:00,Libre Disponibilidad,Municipales
1.1.9.05.02,IMPUESTO AUTOMOTOR LEY 13.010 - ANTERIORES-,4823085.15,2026-06-09 00:00:00,Libre Disponibilidad,Municipales
1.2.6.02.02,INFRACCION A LAS OBLIGACIONES EJERCICIO ANTERIORES,4434763.2,2026-06-09 00:00:00,Libre Disponibilidad,Municipales
1.1.9.05.01,IMPUESTO AUTOMOTOR LEY 13.010 -EJERCICIO-,2239535.83,2026-06-09 00:00:00,Libre Disponibilidad,Municipales
1.2.6.02.01,INFRACCION A LAS OBLIGACIONES EJERCICIO,2013864.1,2026-06-09 00:00:00,Libre Disponibilidad,Municipales
1.2.2.08.01,CEMENTERIO EJERCICIO,1949331,2026-06-09 00:00:00,Libre Disponibilidad,Municipales
1.2.1.04,HABILITACIÓN DE COMERCIOS E INDUSTRIAS,1897160,2026-06-09 00:00:00,Libre Disponibilidad,Municipales
1.2.2.03.01,PUBLICIDAD Y PROPAGANDA -EJERCICIO-,1007492.89,2026-06-09 00:00:00,Libre Disponibilidad,Municipales
1.1.9.08.01,PATENTE DE MOTOVEHICULOS DEL EJERCICIO,900109.61,2026-06-09 00:00:00,Libre Disponibilidad,Municipales
1.2.1.21,TASAS POR SERV.VARIOS EJERCICIO ANTERIOR,898001.93,2026-06-09 00:00:00,Libre Disponibilidad,Municipales
1.2.1.14,TASA POR SERVICIOS VARIOS EJERCICIO,699068,2026-06-09 00:00:00,Libre Disponibilidad,Municipales
1.2.2.11.01,DERECHOS DE CONSTRUCCION,624881.51,2026-06-09 00:00:00,Libre Disponibilidad,Municipales
1.2.2.14.04,ALTAS Y/O BAJAS IMPOSIT.DE AUTOMOTORES,617680,2026-06-09 00:00:00,Libre Disponibilidad,Municipales
1.2.2.14.05,ALTAS Y/O BAJAS IMPOSIT.DE MOTOVEHICULOS,392561.99,2026-06-09 00:00:00,Libre Disponibilidad,Municipales
1.2.2.05.01,OCUPACION Y USO DE ESPACIOS PUBLICOS DEL EJERCICIO,229938.6,2026-06-09 00:00:00,Libre Disponibilidad,Municipales
1.2.2.03.02,PUBLICIDAD Y PROPAGANDA -ANTERIORES-,199394.65,2026-06-09 00:00:00,Libre Disponibilidad,Municipales
1.2.2.08.02,CEMENTERIO EJERCICIOS ANTERIORES,127910,2026-06-09 00:00:00,Libre Disponibilidad,Municipales
1.2.2.17.01,DERECHO POR OFICIO JUDICIAL DEL EJERCICIO,22060,2026-06-09 00:00:00,Libre Disponibilidad,Municipales
1.2.2.05.02,OCUPACION Y USO DE ESPACIOS PUBLICOS DE EJERCICOS ANTERIORES,2206.66,2026-06-09 00:00:00,Libre Disponibilidad,Municipales
1.2.1.01.01,TASA SERVICIOS GENERALES MUNICIPALES - EJERCICIO-,106860289.2,2026-06-10 00:00:00,Libre Disponibilidad,Municipales
1.6.2.01.02,INTERESES POR COLOCACIONES FINANCIERAS,41589041.1,2026-06-10 00:00:00,Libre Disponibilidad,Municipales
1.2.1.05.01,INSPECCIÓN DE SEGURIDAD E HIGIENE -EJERCICIO-,27951227.65,2026-06-10 00:00:00,Libre Disponibilidad,Municipales
1.2.6.01.02,MULTAS POR CONTRAVENCIONES EJERCICIOS ANTERIORES,26676208.52,2026-06-10 00:00:00,Libre Disponibilidad,Municipales
1.2.6.06,CONVENIO A.C.A.R.A.,24895811.1,2026-06-10 00:00:00,Libre Disponibilidad,Municipales
1.2.2.14.01,DERECHOS DE OFICINA DEL EJERCICIO,16928911,2026-06-10 00:00:00,Libre Disponibilidad,Municipales
1.2.6.08.02,MULTAS POR CONTRAVENCIONES (EJERC.ANTERIORES,15265300,2026-06-10 00:00:00,Libre Disponibilidad,Municipales
1.2.6.01.01,MULTAS POR CONTRAVENCIONES DEL EJERCICIO,13732488,2026-06-10 00:00:00,Libre Disponibilidad,Municipales
1.2.1.01.02,TASA SERVICIOS GENERALES MUNICIPALES -ANTERIORES-,10564847.13,2026-06-10 00:00:00,Libre Disponibilidad,Municipales
1.1.9.05.02,IMPUESTO AUTOMOTOR LEY 13.010 - ANTERIORES-,6670514.89,2026-06-10 00:00:00,Libre Disponibilidad,Municipales
1.2.1.05.02,INSPECCIÓN DE SEGURIDAD E HIGIENE -ANTERIORES-,5224589.09,2026-06-10 00:00:00,Libre Disponibilidad,Municipales
1.1.9.05.01,IMPUESTO AUTOMOTOR LEY 13.010 -EJERCICIO-,3630690.41,2026-06-10 00:00:00,Libre Disponibilidad,Municipales
1.2.2.11.01,DERECHOS DE CONSTRUCCION,2908433.98,2026-06-10 00:00:00,Libre Disponibilidad,Municipales
1.2.6.02.02,INFRACCION A LAS OBLIGACIONES EJERCICIO ANTERIORES,2801827.18,2026-06-10 00:00:00,Libre Disponibilidad,Municipales
1.2.2.08.01,CEMENTERIO EJERCICIO,1865168,2026-06-10 00:00:00,Libre Disponibilidad,Municipales
1.2.1.14,TASA POR SERVICIOS VARIOS EJERCICIO,1524266,2026-06-10 00:00:00,Libre Disponibilidad,Municipales
1.2.6.02.01,INFRACCION A LAS OBLIGACIONES EJERCICIO,1295483.01,2026-06-10 00:00:00,Libre Disponibilidad,Municipales
1.2.2.03.01,PUBLICIDAD Y PROPAGANDA -EJERCICIO-,1281409.23,2026-06-10 00:00:00,Libre Disponibilidad,Municipales
1.1.9.08.01,PATENTE DE MOTOVEHICULOS DEL EJERCICIO,903158.82,2026-06-10 00:00:00,Libre Disponibilidad,Municipales
1.2.2.14.04,ALTAS Y/O BAJAS IMPOSIT.DE AUTOMOTORES,595620,2026-06-10 00:00:00,Libre Disponibilidad,Municipales
1.2.6.08.01,MULTAS POR CONTRAVENCIONES (EJERCICIO),332250,2026-06-10 00:00:00,Libre Disponibilidad,Municipales
1.2.1.04,HABILITACIÓN DE COMERCIOS E INDUSTRIAS,264720,2026-06-10 00:00:00,Libre Disponibilidad,Municipales
1.2.2.05.01,OCUPACION Y USO DE ESPACIOS PUBLICOS DEL EJERCICIO,261922.76,2026-06-10 00:00:00,Libre Disponibilidad,Municipales
1.2.2.08.02,CEMENTERIO EJERCICIOS ANTERIORES,257596,2026-06-10 00:00:00,Libre Disponibilidad,Municipales
1.2.2.14.02,DERECHOS DE OFICINA EJERCICIOS ANTERIORES,253839.16,2026-06-10 00:00:00,Libre Disponibilidad,Municipales
1.2.2.14.05,ALTAS Y/O BAJAS IMPOSIT.DE MOTOVEHICULOS,238248,2026-06-10 00:00:00,Libre Disponibilidad,Municipales
1.2.2.03.02,PUBLICIDAD Y PROPAGANDA -ANTERIORES-,236870.6,2026-06-10 00:00:00,Libre Disponibilidad,Municipales
1.2.1.21,TASAS POR SERV.VARIOS EJERCICIO ANTERIOR,197972.89,2026-06-10 00:00:00,Libre Disponibilidad,Municipales
1.2.2.05.02,OCUPACION Y USO DE ESPACIOS PUBLICOS DE EJERCICOS ANTERIORES,36494.75,2026-06-10 00:00:00,Libre Disponibilidad,Municipales
1.2.1.01.01,TASA SERVICIOS GENERALES MUNICIPALES - EJERCICIO-,291375744.3,2026-06-11 00:00:00,Libre Disponibilidad,Municipales
1.2.2.11.01,DERECHOS DE CONSTRUCCION,132302009,2026-06-11 00:00:00,Libre Disponibilidad,Municipales
1.2.1.05.01,INSPECCIÓN DE SEGURIDAD E HIGIENE -EJERCICIO-,49189540.75,2026-06-11 00:00:00,Libre Disponibilidad,Municipales
1.2.1.01.02,TASA SERVICIOS GENERALES MUNICIPALES -ANTERIORES-,38695899.1,2026-06-11 00:00:00,Libre Disponibilidad,Municipales
1.2.6.01.02,MULTAS POR CONTRAVENCIONES EJERCICIOS ANTERIORES,35380829.22,2026-06-11 00:00:00,Libre Disponibilidad,Municipales
1.2.2.14.01,DERECHOS DE OFICINA DEL EJERCICIO,21681787,2026-06-11 00:00:00,Libre Disponibilidad,Municipales
1.2.6.01.01,MULTAS POR CONTRAVENCIONES DEL EJERCICIO,16237665.04,2026-06-11 00:00:00,Libre Disponibilidad,Municipales
1.2.6.08.02,MULTAS POR CONTRAVENCIONES (EJERC.ANTERIORES,10091950,2026-06-11 00:00:00,Libre Disponibilidad,Municipales
1.2.1.05.02,INSPECCIÓN DE SEGURIDAD E HIGIENE -ANTERIORES-,7320748.91,2026-06-11 00:00:00,Libre Disponibilidad,Municipales
1.1.9.05.02,IMPUESTO AUTOMOTOR LEY 13.010 - ANTERIORES-,5519174.23,2026-06-11 00:00:00,Libre Disponibilidad,Municipales
1.2.6.02.02,INFRACCION A LAS OBLIGACIONES EJERCICIO ANTERIORES,4191481.29,2026-06-11 00:00:00,Libre Disponibilidad,Municipales
1.1.9.05.01,IMPUESTO AUTOMOTOR LEY 13.010 -EJERCICIO-,3786775.9,2026-06-11 00:00:00,Libre Disponibilidad,Municipales
1.2.2.08.01,CEMENTERIO EJERCICIO,2251387,2026-06-11 00:00:00,Libre Disponibilidad,Municipales
1.2.1.14,TASA POR SERVICIOS VARIOS EJERCICIO,2062624,2026-06-11 00:00:00,Libre Disponibilidad,Municipales
1.2.2.03.01,PUBLICIDAD Y PROPAGANDA -EJERCICIO-,1082260.09,2026-06-11 00:00:00,Libre Disponibilidad,Municipales
1.2.6.02.01,INFRACCION A LAS OBLIGACIONES EJERCICIO,1022461.8,2026-06-11 00:00:00,Libre Disponibilidad,Municipales
1.1.9.08.01,PATENTE DE MOTOVEHICULOS DEL EJERCICIO,928694.4,2026-06-11 00:00:00,Libre Disponibilidad,Municipales
1.2.2.14.04,ALTAS Y/O BAJAS IMPOSIT.DE AUTOMOTORES,527380,2026-06-11 00:00:00,Libre Disponibilidad,Municipales
1.2.1.21,TASAS POR SERV.VARIOS EJERCICIO ANTERIOR,469575.77,2026-06-11 00:00:00,Libre Disponibilidad,Municipales
1.2.2.08.02,CEMENTERIO EJERCICIOS ANTERIORES,236148,2026-06-11 00:00:00,Libre Disponibilidad,Municipales
1.2.2.05.01,OCUPACION Y USO DE ESPACIOS PUBLICOS DEL EJERCICIO,204131.44,2026-06-11 00:00:00,Libre Disponibilidad,Municipales
1.2.2.14.05,ALTAS Y/O BAJAS IMPOSIT.DE MOTOVEHICULOS,178686,2026-06-11 00:00:00,Libre Disponibilidad,Municipales
1.2.6.08.01,MULTAS POR CONTRAVENCIONES (EJERCICIO),110750,2026-06-11 00:00:00,Libre Disponibilidad,Municipales
1.2.2.14.02,DERECHOS DE OFICINA EJERCICIOS ANTERIORES,99269.19,2026-06-11 00:00:00,Libre Disponibilidad,Municipales
1.2.2.05.02,OCUPACION Y USO DE ESPACIOS PUBLICOS DE EJERCICOS ANTERIORES,81365.05,2026-06-11 00:00:00,Libre Disponibilidad,Municipales
1.2.2.03.02,PUBLICIDAD Y PROPAGANDA -ANTERIORES-,43153.26,2026-06-11 00:00:00,Libre Disponibilidad,Municipales
1.2.1.01.01,TASA SERVICIOS GENERALES MUNICIPALES - EJERCICIO-,351456158.8,2026-06-12 00:00:00,Libre Disponibilidad,Municipales
1.2.1.05.01,INSPECCIÓN DE SEGURIDAD E HIGIENE -EJERCICIO-,66173901,2026-06-12 00:00:00,Libre Disponibilidad,Municipales
1.2.6.01.02,MULTAS POR CONTRAVENCIONES EJERCICIOS ANTERIORES,22945568.29,2026-06-12 00:00:00,Libre Disponibilidad,Municipales
1.2.2.11.01,DERECHOS DE CONSTRUCCION,19593888.74,2026-06-12 00:00:00,Libre Disponibilidad,Municipales
1.2.6.08.02,MULTAS POR CONTRAVENCIONES (EJERC.ANTERIORES,13352900,2026-06-12 00:00:00,Libre Disponibilidad,Municipales
1.2.2.14.01,DERECHOS DE OFICINA DEL EJERCICIO,12981044,2026-06-12 00:00:00,Libre Disponibilidad,Municipales
1.2.1.01.02,TASA SERVICIOS GENERALES MUNICIPALES -ANTERIORES-,11314287.89,2026-06-12 00:00:00,Libre Disponibilidad,Municipales
1.2.6.01.01,MULTAS POR CONTRAVENCIONES DEL EJERCICIO,9656026.11,2026-06-12 00:00:00,Libre Disponibilidad,Municipales
1.2.2.03.01,PUBLICIDAD Y PROPAGANDA -EJERCICIO-,9489908.16,2026-06-12 00:00:00,Libre Disponibilidad,Municipales
1.2.6.02.02,INFRACCION A LAS OBLIGACIONES EJERCICIO ANTERIORES,7029317.68,2026-06-12 00:00:00,Libre Disponibilidad,Municipales
1.2.1.05.02,INSPECCIÓN DE SEGURIDAD E HIGIENE -ANTERIORES-,6112806.56,2026-06-12 00:00:00,Libre Disponibilidad,Municipales
1.1.9.05.01,IMPUESTO AUTOMOTOR LEY 13.010 -EJERCICIO-,4869685.61,2026-06-12 00:00:00,Libre Disponibilidad,Municipales
1.2.1.17,"LEY 11018 BINGOS, CASINOS E HIPODROMOS",3723960,2026-06-12 00:00:00,Libre Disponibilidad,Municipales
1.1.9.05.02,IMPUESTO AUTOMOTOR LEY 13.010 - ANTERIORES-,3026529.96,2026-06-12 00:00:00,Libre Disponibilidad,Municipales
1.2.2.08.01,CEMENTERIO EJERCICIO,2425895,2026-06-12 00:00:00,Libre Disponibilidad,Municipales
1.2.6.02.01,INFRACCION A LAS OBLIGACIONES EJERCICIO,1636242.61,2026-06-12 00:00:00,Libre Disponibilidad,Municipales
1.2.1.14,TASA POR SERVICIOS VARIOS EJERCICIO,1556524,2026-06-12 00:00:00,Libre Disponibilidad,Municipales
1.1.9.08.01,PATENTE DE MOTOVEHICULOS DEL EJERCICIO,738301.16,2026-06-12 00:00:00,Libre Disponibilidad,Municipales
1.2.1.04,HABILITACIÓN DE COMERCIOS E INDUSTRIAS,623195,2026-06-12 00:00:00,Libre Disponibilidad,Municipales
1.2.2.14.04,ALTAS Y/O BAJAS IMPOSIT.DE AUTOMOTORES,551500,2026-06-12 00:00:00,Libre Disponibilidad,Municipales
1.2.2.08.02,CEMENTERIO EJERCICIOS ANTERIORES,397972,2026-06-12 00:00:00,Libre Disponibilidad,Municipales
1.2.2.05.01,OCUPACION Y USO DE ESPACIOS PUBLICOS DEL EJERCICIO,334973.93,2026-06-12 00:00:00,Libre Disponibilidad,Municipales
1.2.2.14.05,ALTAS Y/O BAJAS IMPOSIT.DE MOTOVEHICULOS,272340,2026-06-12 00:00:00,Libre Disponibilidad,Municipales
1.2.2.14.02,DERECHOS DE OFICINA EJERCICIOS ANTERIORES,148211.74,2026-06-12 00:00:00,Libre Disponibilidad,Municipales
1.2.2.05.02,OCUPACION Y USO DE ESPACIOS PUBLICOS DE EJERCICOS ANTERIORES,135574.04,2026-06-12 00:00:00,Libre Disponibilidad,Municipales
1.2.1.21,TASAS POR SERV.VARIOS EJERCICIO ANTERIOR,132249.05,2026-06-12 00:00:00,Libre Disponibilidad,Municipales
1.2.6.08.01,MULTAS POR CONTRAVENCIONES (EJERCICIO),110750,2026-06-12 00:00:00,Libre Disponibilidad,Municipales
1.2.2.03.02,PUBLICIDAD Y PROPAGANDA -ANTERIORES-,97902.25,2026-06-12 00:00:00,Libre Disponibilidad,Municipales
1.2.1.01.01,TASA SERVICIOS GENERALES MUNICIPALES - EJERCICIO-,168759157.1,2026-06-16 00:00:00,Libre Disponibilidad,Municipales
1.2.1.05.01,INSPECCIÓN DE SEGURIDAD E HIGIENE -EJERCICIO-,88644097.97,2026-06-16 00:00:00,Libre Disponibilidad,Municipales
1.2.6.01.02,MULTAS POR CONTRAVENCIONES EJERCICIOS ANTERIORES,30281036.62,2026-06-16 00:00:00,Libre Disponibilidad,Municipales
1.2.2.14.01,DERECHOS DE OFICINA DEL EJERCICIO,14950340,2026-06-16 00:00:00,Libre Disponibilidad,Municipales
1.2.6.08.02,MULTAS POR CONTRAVENCIONES (EJERC.ANTERIORES,14080750,2026-06-16 00:00:00,Libre Disponibilidad,Municipales
1.2.1.01.02,TASA SERVICIOS GENERALES MUNICIPALES -ANTERIORES-,11669108.06,2026-06-16 00:00:00,Libre Disponibilidad,Municipales
1.1.9.05.02,IMPUESTO AUTOMOTOR LEY 13.010 - ANTERIORES-,11366933.77,2026-06-16 00:00:00,Libre Disponibilidad,Municipales
1.2.6.01.01,MULTAS POR CONTRAVENCIONES DEL EJERCICIO,7556684,2026-06-16 00:00:00,Libre Disponibilidad,Municipales
1.1.9.05.01,IMPUESTO AUTOMOTOR LEY 13.010 -EJERCICIO-,5994847.88,2026-06-16 00:00:00,Libre Disponibilidad,Municipales
1.2.1.05.02,INSPECCIÓN DE SEGURIDAD E HIGIENE -ANTERIORES-,4226519.63,2026-06-16 00:00:00,Libre Disponibilidad,Municipales
1.2.6.02.02,INFRACCION A LAS OBLIGACIONES EJERCICIO ANTERIORES,3417244.77,2026-06-16 00:00:00,Libre Disponibilidad,Municipales
1.2.2.08.01,CEMENTERIO EJERCICIO,2700897,2026-06-16 00:00:00,Libre Disponibilidad,Municipales
1.2.1.14,TASA POR SERVICIOS VARIOS EJERCICIO,2170826,2026-06-16 00:00:00,Libre Disponibilidad,Municipales
1.2.2.03.01,PUBLICIDAD Y PROPAGANDA -EJERCICIO-,2151022.26,2026-06-16 00:00:00,Libre Disponibilidad,Municipales
1.2.6.02.01,INFRACCION A LAS OBLIGACIONES EJERCICIO,1290723.01,2026-06-16 00:00:00,Libre Disponibilidad,Municipales
1.1.9.08.01,PATENTE DE MOTOVEHICULOS DEL EJERCICIO,1101435.62,2026-06-16 00:00:00,Libre Disponibilidad,Municipales
1.2.2.14.04,ALTAS Y/O BAJAS IMPOSIT.DE AUTOMOTORES,874980,2026-06-16 00:00:00,Libre Disponibilidad,Municipales
1.2.2.08.02,CEMENTERIO EJERCICIOS ANTERIORES,467070,2026-06-16 00:00:00,Libre Disponibilidad,Municipales
1.2.2.05.01,OCUPACION Y USO DE ESPACIOS PUBLICOS DEL EJERCICIO,373618.72,2026-06-16 00:00:00,Libre Disponibilidad,Municipales
1.2.2.14.05,ALTAS Y/O BAJAS IMPOSIT.DE MOTOVEHICULOS,198540,2026-06-16 00:00:00,Libre Disponibilidad,Municipales
1.2.1.21,TASAS POR SERV.VARIOS EJERCICIO ANTERIOR,139724.38,2026-06-16 00:00:00,Libre Disponibilidad,Municipales
1.2.2.14.02,DERECHOS DE OFICINA EJERCICIOS ANTERIORES,138465.19,2026-06-16 00:00:00,Libre Disponibilidad,Municipales
1.2.6.08.01,MULTAS POR CONTRAVENCIONES (EJERCICIO),110750,2026-06-16 00:00:00,Libre Disponibilidad,Municipales
1.2.2.03.02,PUBLICIDAD Y PROPAGANDA -ANTERIORES-,72371.58,2026-06-16 00:00:00,Libre Disponibilidad,Municipales
1.2.2.05.02,OCUPACION Y USO DE ESPACIOS PUBLICOS DE EJERCICOS ANTERIORES,653.95,2026-06-16 00:00:00,Libre Disponibilidad,Municipales
1.2.1.01.01,TASA SERVICIOS GENERALES MUNICIPALES - EJERCICIO-,231069683.3,2026-06-17 00:00:00,Libre Disponibilidad,Municipales
1.2.1.05.01,INSPECCIÓN DE SEGURIDAD E HIGIENE -EJERCICIO-,176051305.3,2026-06-17 00:00:00,Libre Disponibilidad,Municipales
1.2.6.01.02,MULTAS POR CONTRAVENCIONES EJERCICIOS ANTERIORES,36197737.92,2026-06-17 00:00:00,Libre Disponibilidad,Municipales
1.2.2.11.01,DERECHOS DE CONSTRUCCION,18907385.57,2026-06-17 00:00:00,Libre Disponibilidad,Municipales
1.2.2.14.01,DERECHOS DE OFICINA DEL EJERCICIO,13907750,2026-06-17 00:00:00,Libre Disponibilidad,Municipales
1.2.1.05.02,INSPECCIÓN DE SEGURIDAD E HIGIENE -ANTERIORES-,11563616.79,2026-06-17 00:00:00,Libre Disponibilidad,Municipales
1.2.6.01.01,MULTAS POR CONTRAVENCIONES DEL EJERCICIO,9212884,2026-06-17 00:00:00,Libre Disponibilidad,Municipales
1.2.1.01.02,TASA SERVICIOS GENERALES MUNICIPALES -ANTERIORES-,7800207.73,2026-06-17 00:00:00,Libre Disponibilidad,Municipales
1.2.1.14,TASA POR SERVICIOS VARIOS EJERCICIO,5666633,2026-06-17 00:00:00,Libre Disponibilidad,Municipales
1.1.9.05.01,IMPUESTO AUTOMOTOR LEY 13.010 -EJERCICIO-,5428858.06,2026-06-17 00:00:00,Libre Disponibilidad,Municipales
1.2.6.02.02,INFRACCION A LAS OBLIGACIONES EJERCICIO ANTERIORES,5178275.48,2026-06-17 00:00:00,Libre Disponibilidad,Municipales
1.1.9.05.02,IMPUESTO AUTOMOTOR LEY 13.010 - ANTERIORES-,4283876.28,2026-06-17 00:00:00,Libre Disponibilidad,Municipales
1.2.6.08.02,MULTAS POR CONTRAVENCIONES (EJERC.ANTERIORES,2768300,2026-06-17 00:00:00,Libre Disponibilidad,Municipales
1.2.6.02.01,INFRACCION A LAS OBLIGACIONES EJERCICIO,2534717.16,2026-06-17 00:00:00,Libre Disponibilidad,Municipales
1.2.2.03.01,PUBLICIDAD Y PROPAGANDA -EJERCICIO-,2365857.85,2026-06-17 00:00:00,Libre Disponibilidad,Municipales
1.2.1.21,TASAS POR SERV.VARIOS EJERCICIO ANTERIOR,2212194.32,2026-06-17 00:00:00,Libre Disponibilidad,Municipales
1.2.2.08.01,CEMENTERIO EJERCICIO,1908487,2026-06-17 00:00:00,Libre Disponibilidad,Municipales
1.2.2.14.04,ALTAS Y/O BAJAS IMPOSIT.DE AUTOMOTORES,661800,2026-06-17 00:00:00,Libre Disponibilidad,Municipales
1.1.9.08.01,PATENTE DE MOTOVEHICULOS DEL EJERCICIO,498184.69,2026-06-17 00:00:00,Libre Disponibilidad,Municipales
1.2.2.05.01,OCUPACION Y USO DE ESPACIOS PUBLICOS DEL EJERCICIO,283401.84,2026-06-17 00:00:00,Libre Disponibilidad,Municipales
1.2.2.14.05,ALTAS Y/O BAJAS IMPOSIT.DE MOTOVEHICULOS,198540,2026-06-17 00:00:00,Libre Disponibilidad,Municipales
1.2.2.08.02,CEMENTERIO EJERCICIOS ANTERIORES,178805.7,2026-06-17 00:00:00,Libre Disponibilidad,Municipales
1.2.2.14.02,DERECHOS DE OFICINA EJERCICIOS ANTERIORES,119124.19,2026-06-17 00:00:00,Libre Disponibilidad,Municipales
1.2.2.03.02,PUBLICIDAD Y PROPAGANDA -ANTERIORES-,94383.08,2026-06-17 00:00:00,Libre Disponibilidad,Municipales
1.2.2.05.02,OCUPACION Y USO DE ESPACIOS PUBLICOS DE EJERCICOS ANTERIORES,1022.56,2026-06-17 00:00:00,Libre Disponibilidad,Municipales
1.2.1.05.01,INSPECCIÓN DE SEGURIDAD E HIGIENE -EJERCICIO-,356164621.9,2026-06-18 00:00:00,Libre Disponibilidad,Municipales
1.2.1.01.01,TASA SERVICIOS GENERALES MUNICIPALES - EJERCICIO-,138697096.4,2026-06-18 00:00:00,Libre Disponibilidad,Municipales
1.2.6.01.02,MULTAS POR CONTRAVENCIONES EJERCICIOS ANTERIORES,33095006.37,2026-06-18 00:00:00,Libre Disponibilidad,Municipales
1.2.2.14.01,DERECHOS DE OFICINA DEL EJERCICIO,12924514,2026-06-18 00:00:00,Libre Disponibilidad,Municipales
1.2.1.05.02,INSPECCIÓN DE SEGURIDAD E HIGIENE -ANTERIORES-,11848037.05,2026-06-18 00:00:00,Libre Disponibilidad,Municipales
1.2.6.01.01,MULTAS POR CONTRAVENCIONES DEL EJERCICIO,8835723.02,2026-06-18 00:00:00,Libre Disponibilidad,Municipales
1.2.1.14,TASA POR SERVICIOS VARIOS EJERCICIO,7602356,2026-06-18 00:00:00,Libre Disponibilidad,Municipales
1.1.9.05.01,IMPUESTO AUTOMOTOR LEY 13.010 -EJERCICIO-,6497146.89,2026-06-18 00:00:00,Libre Disponibilidad,Municipales
1.2.1.01.02,TASA SERVICIOS GENERALES MUNICIPALES -ANTERIORES-,5365603.75,2026-06-18 00:00:00,Libre Disponibilidad,Municipales
1.2.6.08.02,MULTAS POR CONTRAVENCIONES (EJERC.ANTERIORES,4966000,2026-06-18 00:00:00,Libre Disponibilidad,Municipales
1.2.2.03.01,PUBLICIDAD Y PROPAGANDA -EJERCICIO-,4123598.55,2026-06-18 00:00:00,Libre Disponibilidad,Municipales
1.1.9.05.02,IMPUESTO AUTOMOTOR LEY 13.010 - ANTERIORES-,3328768.07,2026-06-18 00:00:00,Libre Disponibilidad,Municipales
1.2.2.08.01,CEMENTERIO EJERCICIO,2935797,2026-06-18 00:00:00,Libre Disponibilidad,Municipales
1.2.6.02.02,INFRACCION A LAS OBLIGACIONES EJERCICIO ANTERIORES,1968346.95,2026-06-18 00:00:00,Libre Disponibilidad,Municipales
1.2.6.02.01,INFRACCION A LAS OBLIGACIONES EJERCICIO,1326208.5,2026-06-18 00:00:00,Libre Disponibilidad,Municipales
1.2.1.21,TASAS POR SERV.VARIOS EJERCICIO ANTERIOR,1174134.31,2026-06-18 00:00:00,Libre Disponibilidad,Municipales
1.2.2.11.01,DERECHOS DE CONSTRUCCION,990311.21,2026-06-18 00:00:00,Libre Disponibilidad,Municipales
1.1.9.08.01,PATENTE DE MOTOVEHICULOS DEL EJERCICIO,588784.76,2026-06-18 00:00:00,Libre Disponibilidad,Municipales
1.2.2.05.01,OCUPACION Y USO DE ESPACIOS PUBLICOS DEL EJERCICIO,512024.92,2026-06-18 00:00:00,Libre Disponibilidad,Municipales
1.2.2.14.04,ALTAS Y/O BAJAS IMPOSIT.DE AUTOMOTORES,485320,2026-06-18 00:00:00,Libre Disponibilidad,Municipales
1.2.2.08.02,CEMENTERIO EJERCICIOS ANTERIORES,337080,2026-06-18 00:00:00,Libre Disponibilidad,Municipales
1.2.2.14.05,ALTAS Y/O BAJAS IMPOSIT.DE MOTOVEHICULOS,297810,2026-06-18 00:00:00,Libre Disponibilidad,Municipales
1.2.2.03.02,PUBLICIDAD Y PROPAGANDA -ANTERIORES-,213979.57,2026-06-18 00:00:00,Libre Disponibilidad,Municipales
1.2.2.14.02,DERECHOS DE OFICINA EJERCICIOS ANTERIORES,207539.58,2026-06-18 00:00:00,Libre Disponibilidad,Municipales
1.2.2.05.02,OCUPACION Y USO DE ESPACIOS PUBLICOS DE EJERCICOS ANTERIORES,59920.67,2026-06-18 00:00:00,Libre Disponibilidad,Municipales
1.2.1.05.01,INSPECCIÓN DE SEGURIDAD E HIGIENE -EJERCICIO-,649602602.8,2026-06-19 00:00:00,Libre Disponibilidad,Municipales
1.2.1.01.01,TASA SERVICIOS GENERALES MUNICIPALES - EJERCICIO-,131080896.9,2026-06-19 00:00:00,Libre Disponibilidad,Municipales
1.2.6.01.02,MULTAS POR CONTRAVENCIONES EJERCICIOS ANTERIORES,32772552.16,2026-06-19 00:00:00,Libre Disponibilidad,Municipales
1.2.2.14.01,DERECHOS DE OFICINA DEL EJERCICIO,19250678,2026-06-19 00:00:00,Libre Disponibilidad,Municipales
1.2.2.03.01,PUBLICIDAD Y PROPAGANDA -EJERCICIO-,8308956.84,2026-06-19 00:00:00,Libre Disponibilidad,Municipales
1.2.6.01.01,MULTAS POR CONTRAVENCIONES DEL EJERCICIO,8187462.48,2026-06-19 00:00:00,Libre Disponibilidad,Municipales
1.2.1.01.02,TASA SERVICIOS GENERALES MUNICIPALES -ANTERIORES-,7133576.91,2026-06-19 00:00:00,Libre Disponibilidad,Municipales
1.2.6.08.02,MULTAS POR CONTRAVENCIONES (EJERC.ANTERIORES,7016700,2026-06-19 00:00:00,Libre Disponibilidad,Municipales
1.1.9.05.01,IMPUESTO AUTOMOTOR LEY 13.010 -EJERCICIO-,6560754.66,2026-06-19 00:00:00,Libre Disponibilidad,Municipales
1.2.1.05.02,INSPECCIÓN DE SEGURIDAD E HIGIENE -ANTERIORES-,5539531.24,2026-06-19 00:00:00,Libre Disponibilidad,Municipales
1.1.9.05.02,IMPUESTO AUTOMOTOR LEY 13.010 - ANTERIORES-,5169997.58,2026-06-19 00:00:00,Libre Disponibilidad,Municipales
1.2.2.08.01,CEMENTERIO EJERCICIO,5011734,2026-06-19 00:00:00,Libre Disponibilidad,Municipales
1.2.1.14,TASA POR SERVICIOS VARIOS EJERCICIO,4100787,2026-06-19 00:00:00,Libre Disponibilidad,Municipales
1.2.6.02.02,INFRACCION A LAS OBLIGACIONES EJERCICIO ANTERIORES,3302196.16,2026-06-19 00:00:00,Libre Disponibilidad,Municipales
1.2.6.02.01,INFRACCION A LAS OBLIGACIONES EJERCICIO,2906150.46,2026-06-19 00:00:00,Libre Disponibilidad,Municipales
1.2.2.11.01,DERECHOS DE CONSTRUCCION,1615451.04,2026-06-19 00:00:00,Libre Disponibilidad,Municipales
1.1.9.08.01,PATENTE DE MOTOVEHICULOS DEL EJERCICIO,899739.96,2026-06-19 00:00:00,Libre Disponibilidad,Municipales
1.2.2.14.04,ALTAS Y/O BAJAS IMPOSIT.DE AUTOMOTORES,661800,2026-06-19 00:00:00,Libre Disponibilidad,Municipales
1.2.2.08.02,CEMENTERIO EJERCICIOS ANTERIORES,531596,2026-06-19 00:00:00,Libre Disponibilidad,Municipales
1.2.2.14.05,ALTAS Y/O BAJAS IMPOSIT.DE MOTOVEHICULOS,438696.01,2026-06-19 00:00:00,Libre Disponibilidad,Municipales
1.2.2.05.01,OCUPACION Y USO DE ESPACIOS PUBLICOS DEL EJERCICIO,334082.64,2026-06-19 00:00:00,Libre Disponibilidad,Municipales
1.2.1.21,TASAS POR SERV.VARIOS EJERCICIO ANTERIOR,265027.83,2026-06-19 00:00:00,Libre Disponibilidad,Municipales
1.2.2.03.02,PUBLICIDAD Y PROPAGANDA -ANTERIORES-,233785.39,2026-06-19 00:00:00,Libre Disponibilidad,Municipales
1.2.2.14.02,DERECHOS DE OFICINA EJERCICIOS ANTERIORES,120078.07,2026-06-19 00:00:00,Libre Disponibilidad,Municipales
1.2.6.08.01,MULTAS POR CONTRAVENCIONES (EJERCICIO),110750,2026-06-19 00:00:00,Libre Disponibilidad,Municipales
1.2.2.17.01,DERECHO POR OFICIO JUDICIAL DEL EJERCICIO,22060,2026-06-19 00:00:00,Libre Disponibilidad,Municipales
1.2.2.05.02,OCUPACION Y USO DE ESPACIOS PUBLICOS DE EJERCICOS ANTERIORES,18818.6,2026-06-19 00:00:00,Libre Disponibilidad,Municipales
1.2.1.05.01,INSPECCIÓN DE SEGURIDAD E HIGIENE -EJERCICIO-,284441528.5,2026-06-22 00:00:00,Libre Disponibilidad,Municipales
1.2.1.01.01,TASA SERVICIOS GENERALES MUNICIPALES - EJERCICIO-,63164199.56,2026-06-22 00:00:00,Libre Disponibilidad,Municipales
1.2.6.01.02,MULTAS POR CONTRAVENCIONES EJERCICIOS ANTERIORES,28616708.92,2026-06-22 00:00:00,Libre Disponibilidad,Municipales
1.2.2.14.01,DERECHOS DE OFICINA DEL EJERCICIO,13638961.5,2026-06-22 00:00:00,Libre Disponibilidad,Municipales
1.2.2.03.01,PUBLICIDAD Y PROPAGANDA -EJERCICIO-,8878899.13,2026-06-22 00:00:00,Libre Disponibilidad,Municipales
1.2.1.05.02,INSPECCIÓN DE SEGURIDAD E HIGIENE -ANTERIORES-,8596856.56,2026-06-22 00:00:00,Libre Disponibilidad,Municipales
1.2.6.01.01,MULTAS POR CONTRAVENCIONES DEL EJERCICIO,7687474.38,2026-06-22 00:00:00,Libre Disponibilidad,Municipales
1.2.1.01.02,TASA SERVICIOS GENERALES MUNICIPALES -ANTERIORES-,7197707.66,2026-06-22 00:00:00,Libre Disponibilidad,Municipales
1.2.6.08.02,MULTAS POR CONTRAVENCIONES (EJERC.ANTERIORES,6777875,2026-06-22 00:00:00,Libre Disponibilidad,Municipales
1.1.9.05.01,IMPUESTO AUTOMOTOR LEY 13.010 -EJERCICIO-,6716209.99,2026-06-22 00:00:00,Libre Disponibilidad,Municipales
1.2.1.14,TASA POR SERVICIOS VARIOS EJERCICIO,4960901,2026-06-22 00:00:00,Libre Disponibilidad,Municipales
1.2.6.02.02,INFRACCION A LAS OBLIGACIONES EJERCICIO ANTERIORES,4721394.86,2026-06-22 00:00:00,Libre Disponibilidad,Municipales
1.1.9.05.02,IMPUESTO AUTOMOTOR LEY 13.010 - ANTERIORES-,3946848.83,2026-06-22 00:00:00,Libre Disponibilidad,Municipales
1.2.2.08.01,CEMENTERIO EJERCICIO,3046427,2026-06-22 00:00:00,Libre Disponibilidad,Municipales
1.2.6.02.01,INFRACCION A LAS OBLIGACIONES EJERCICIO,2497604,2026-06-22 00:00:00,Libre Disponibilidad,Municipales
1.2.2.11.01,DERECHOS DE CONSTRUCCION,1132986.22,2026-06-22 00:00:00,Libre Disponibilidad,Municipales
1.1.9.08.01,PATENTE DE MOTOVEHICULOS DEL EJERCICIO,949923.29,2026-06-22 00:00:00,Libre Disponibilidad,Municipales
1.2.2.08.02,CEMENTERIO EJERCICIOS ANTERIORES,711075,2026-06-22 00:00:00,Libre Disponibilidad,Municipales
1.2.2.05.01,OCUPACION Y USO DE ESPACIOS PUBLICOS DEL EJERCICIO,685544.94,2026-06-22 00:00:00,Libre Disponibilidad,Municipales
1.2.2.14.04,ALTAS Y/O BAJAS IMPOSIT.DE AUTOMOTORES,637680,2026-06-22 00:00:00,Libre Disponibilidad,Municipales
1.2.2.14.05,ALTAS Y/O BAJAS IMPOSIT.DE MOTOVEHICULOS,256248,2026-06-22 00:00:00,Libre Disponibilidad,Municipales
1.2.1.21,TASAS POR SERV.VARIOS EJERCICIO ANTERIOR,209301.42,2026-06-22 00:00:00,Libre Disponibilidad,Municipales
1.2.6.08.01,MULTAS POR CONTRAVENCIONES (EJERCICIO),110750,2026-06-22 00:00:00,Libre Disponibilidad,Municipales
1.2.2.14.02,DERECHOS DE OFICINA EJERCICIOS ANTERIORES,69902.91,2026-06-22 00:00:00,Libre Disponibilidad,Municipales
1.2.2.05.02,OCUPACION Y USO DE ESPACIOS PUBLICOS DE EJERCICOS ANTERIORES,40391.79,2026-06-22 00:00:00,Libre Disponibilidad,Municipales
1.2.2.03.02,PUBLICIDAD Y PROPAGANDA -ANTERIORES-,17437.8,2026-06-22 00:00:00,Libre Disponibilidad,Municipales
1.2.1.02,SERVICIOS ESPECIALES DE LIMPIEZA E HIGIENE,15442,2026-06-22 00:00:00,Libre Disponibilidad,Municipales
1.2.1.05.01,INSPECCIÓN DE SEGURIDAD E HIGIENE -EJERCICIO-,2023700370,2026-06-23 00:00:00,Libre Disponibilidad,Municipales
1.6.2.01.02,INTERESES POR COLOCACIONES FINANCIERAS,104691891.5,2026-06-23 00:00:00,Libre Disponibilidad,Municipales
1.2.1.01.01,TASA SERVICIOS GENERALES MUNICIPALES - EJERCICIO-,99843381.67,2026-06-23 00:00:00,Libre Disponibilidad,Municipales
1.2.2.14.01,DERECHOS DE OFICINA DEL EJERCICIO,28404115,2026-06-23 00:00:00,Libre Disponibilidad,Municipales
1.2.6.01.02,MULTAS POR CONTRAVENCIONES EJERCICIOS ANTERIORES,27358899.39,2026-06-23 00:00:00,Libre Disponibilidad,Municipales
1.2.1.14,TASA POR SERVICIOS VARIOS EJERCICIO,21342098.25,2026-06-23 00:00:00,Libre Disponibilidad,Municipales
1.2.1.05.02,INSPECCIÓN DE SEGURIDAD E HIGIENE -ANTERIORES-,21039358.36,2026-06-23 00:00:00,Libre Disponibilidad,Municipales
1.1.9.05.01,IMPUESTO AUTOMOTOR LEY 13.010 -EJERCICIO-,20017776.64,2026-06-23 00:00:00,Libre Disponibilidad,Municipales
1.2.6.08.02,MULTAS POR CONTRAVENCIONES (EJERC.ANTERIORES,13671775,2026-06-23 00:00:00,Libre Disponibilidad,Municipales
1.2.2.03.01,PUBLICIDAD Y PROPAGANDA -EJERCICIO-,13565666.11,2026-06-23 00:00:00,Libre Disponibilidad,Municipales
1.2.1.01.02,TASA SERVICIOS GENERALES MUNICIPALES -ANTERIORES-,13192869.24,2026-06-23 00:00:00,Libre Disponibilidad,Municipales
1.2.2.08.01,CEMENTERIO EJERCICIO,12419499,2026-06-23 00:00:00,Libre Disponibilidad,Municipales
1.1.9.05.02,IMPUESTO AUTOMOTOR LEY 13.010 - ANTERIORES-,8832820.43,2026-06-23 00:00:00,Libre Disponibilidad,Municipales
1.2.6.01.01,MULTAS POR CONTRAVENCIONES DEL EJERCICIO,7113541.78,2026-06-23 00:00:00,Libre Disponibilidad,Municipales
1.2.6.02.02,INFRACCION A LAS OBLIGACIONES EJERCICIO ANTERIORES,6763750.19,2026-06-23 00:00:00,Libre Disponibilidad,Municipales
1.2.6.02.01,INFRACCION A LAS OBLIGACIONES EJERCICIO,4358034.12,2026-06-23 00:00:00,Libre Disponibilidad,Municipales
1.2.2.08.02,CEMENTERIO EJERCICIOS ANTERIORES,1873348,2026-06-23 00:00:00,Libre Disponibilidad,Municipales
1.2.1.21,TASAS POR SERV.VARIOS EJERCICIO ANTERIOR,1499027.68,2026-06-23 00:00:00,Libre Disponibilidad,Municipales
1.2.1.22,INGRESOS VARIOS,1411505.25,2026-06-23 00:00:00,Libre Disponibilidad,Municipales
1.1.9.08.01,PATENTE DE MOTOVEHICULOS DEL EJERCICIO,967086.99,2026-06-23 00:00:00,Libre Disponibilidad,Municipales
1.2.2.14.04,ALTAS Y/O BAJAS IMPOSIT.DE AUTOMOTORES,794160,2026-06-23 00:00:00,Libre Disponibilidad,Municipales
1.2.2.03.02,PUBLICIDAD Y PROPAGANDA -ANTERIORES-,647311.95,2026-06-23 00:00:00,Libre Disponibilidad,Municipales
1.2.2.14.05,ALTAS Y/O BAJAS IMPOSIT.DE MOTOVEHICULOS,416934,2026-06-23 00:00:00,Libre Disponibilidad,Municipales
1.2.2.05.01,OCUPACION Y USO DE ESPACIOS PUBLICOS DEL EJERCICIO,410370.24,2026-06-23 00:00:00,Libre Disponibilidad,Municipales
1.2.2.11.01,DERECHOS DE CONSTRUCCION,254014,2026-06-23 00:00:00,Libre Disponibilidad,Municipales
1.2.2.05.02,OCUPACION Y USO DE ESPACIOS PUBLICOS DE EJERCICOS ANTERIORES,203721.53,2026-06-23 00:00:00,Libre Disponibilidad,Municipales
1.2.2.14.02,DERECHOS DE OFICINA EJERCICIOS ANTERIORES,198539.84,2026-06-23 00:00:00,Libre Disponibilidad,Municipales
1.2.1.02,SERVICIOS ESPECIALES DE LIMPIEZA E HIGIENE,15442,2026-06-23 00:00:00,Libre Disponibilidad,Municipales
1.2.1.05.01,INSPECCIÓN DE SEGURIDAD E HIGIENE -EJERCICIO-,3112541252,2026-06-24 00:00:00,Libre Disponibilidad,Municipales
1.2.1.14,TASA POR SERVICIOS VARIOS EJERCICIO,94934821.88,2026-06-24 00:00:00,Libre Disponibilidad,Municipales
1.2.2.05.01,OCUPACION Y USO DE ESPACIOS PUBLICOS DEL EJERCICIO,76069751.84,2026-06-24 00:00:00,Libre Disponibilidad,Municipales
1.2.1.01.01,TASA SERVICIOS GENERALES MUNICIPALES - EJERCICIO-,49621938.62,2026-06-24 00:00:00,Libre Disponibilidad,Municipales
1.2.6.01.02,MULTAS POR CONTRAVENCIONES EJERCICIOS ANTERIORES,46054110.32,2026-06-24 00:00:00,Libre Disponibilidad,Municipales
1.2.2.03.01,PUBLICIDAD Y PROPAGANDA -EJERCICIO-,27282248.02,2026-06-24 00:00:00,Libre Disponibilidad,Municipales
1.1.9.05.01,IMPUESTO AUTOMOTOR LEY 13.010 -EJERCICIO-,21184887.67,2026-06-24 00:00:00,Libre Disponibilidad,Municipales
1.2.2.14.01,DERECHOS DE OFICINA DEL EJERCICIO,15255993,2026-06-24 00:00:00,Libre Disponibilidad,Municipales
1.2.6.08.02,MULTAS POR CONTRAVENCIONES (EJERC.ANTERIORES,10526975,2026-06-24 00:00:00,Libre Disponibilidad,Municipales
1.2.1.21,TASAS POR SERV.VARIOS EJERCICIO ANTERIOR,10453173.57,2026-06-24 00:00:00,Libre Disponibilidad,Municipales
1.2.1.01.02,TASA SERVICIOS GENERALES MUNICIPALES -ANTERIORES-,9655349.47,2026-06-24 00:00:00,Libre Disponibilidad,Municipales
1.1.9.05.02,IMPUESTO AUTOMOTOR LEY 13.010 - ANTERIORES-,7693031.01,2026-06-24 00:00:00,Libre Disponibilidad,Municipales
1.2.1.05.02,INSPECCIÓN DE SEGURIDAD E HIGIENE -ANTERIORES-,5746766.59,2026-06-24 00:00:00,Libre Disponibilidad,Municipales
1.2.6.01.01,MULTAS POR CONTRAVENCIONES DEL EJERCICIO,5211450.01,2026-06-24 00:00:00,Libre Disponibilidad,Municipales
1.2.6.02.02,INFRACCION A LAS OBLIGACIONES EJERCICIO ANTERIORES,3587226.77,2026-06-24 00:00:00,Libre Disponibilidad,Municipales
1.2.6.02.01,INFRACCION A LAS OBLIGACIONES EJERCICIO,3258150.04,2026-06-24 00:00:00,Libre Disponibilidad,Municipales
1.2.9.02,COMISIONES BAPRO PAGO,2878230,2026-06-24 00:00:00,Libre Disponibilidad,Municipales
1.2.2.08.01,CEMENTERIO EJERCICIO,2435018,2026-06-24 00:00:00,Libre Disponibilidad,Municipales
1.2.1.17,"LEY 11018 BINGOS, CASINOS E HIPODROMOS",875760,2026-06-24 00:00:00,Libre Disponibilidad,Municipales
1.2.2.14.04,ALTAS Y/O BAJAS IMPOSIT.DE AUTOMOTORES,837420,2026-06-24 00:00:00,Libre Disponibilidad,Municipales
1.1.9.08.01,PATENTE DE MOTOVEHICULOS DEL EJERCICIO,636570.7,2026-06-24 00:00:00,Libre Disponibilidad,Municipales
1.2.2.08.02,CEMENTERIO EJERCICIOS ANTERIORES,575318,2026-06-24 00:00:00,Libre Disponibilidad,Municipales
1.2.2.14.05,ALTAS Y/O BAJAS IMPOSIT.DE MOTOVEHICULOS,277956,2026-06-24 00:00:00,Libre Disponibilidad,Municipales
1.2.1.04,HABILITACIÓN DE COMERCIOS E INDUSTRIAS,148905,2026-06-24 00:00:00,Libre Disponibilidad,Municipales
1.2.2.03.02,PUBLICIDAD Y PROPAGANDA -ANTERIORES-,141448.49,2026-06-24 00:00:00,Libre Disponibilidad,Municipales
1.2.2.14.02,DERECHOS DE OFICINA EJERCICIOS ANTERIORES,99270.14,2026-06-24 00:00:00,Libre Disponibilidad,Municipales
1.2.2.11.01,DERECHOS DE CONSTRUCCION,32860,2026-06-24 00:00:00,Libre Disponibilidad,Municipales
1.2.2.05.02,OCUPACION Y USO DE ESPACIOS PUBLICOS DE EJERCICOS ANTERIORES,30230.63,2026-06-24 00:00:00,Libre Disponibilidad,Municipales
1.2.2.17.01,DERECHO POR OFICIO JUDICIAL DEL EJERCICIO,22060,2026-06-24 00:00:00,Libre Disponibilidad,Municipales
1.2.1.02,SERVICIOS ESPECIALES DE LIMPIEZA E HIGIENE,15442,2026-06-24 00:00:00,Libre Disponibilidad,Municipales
1.2.1.05.01,INSPECCIÓN DE SEGURIDAD E HIGIENE -EJERCICIO-,294020433.1,2026-06-25 00:00:00,Libre Disponibilidad,Municipales
1.2.6.01.02,MULTAS POR CONTRAVENCIONES EJERCICIOS ANTERIORES,25703178.14,2026-06-25 00:00:00,Libre Disponibilidad,Municipales
1.2.1.01.01,TASA SERVICIOS GENERALES MUNICIPALES - EJERCICIO-,15191624.6,2026-06-25 00:00:00,Libre Disponibilidad,Municipales
1.2.2.14.01,DERECHOS DE OFICINA DEL EJERCICIO,13005372,2026-06-25 00:00:00,Libre Disponibilidad,Municipales
1.1.9.05.01,IMPUESTO AUTOMOTOR LEY 13.010 -EJERCICIO-,12260708.19,2026-06-25 00:00:00,Libre Disponibilidad,Municipales
1.2.1.01.02,TASA SERVICIOS GENERALES MUNICIPALES -ANTERIORES-,7027862.8,2026-06-25 00:00:00,Libre Disponibilidad,Municipales
1.2.1.05.02,INSPECCIÓN DE SEGURIDAD E HIGIENE -ANTERIORES-,6718382.03,2026-06-25 00:00:00,Libre Disponibilidad,Municipales
1.2.6.01.01,MULTAS POR CONTRAVENCIONES DEL EJERCICIO,6560910.46,2026-06-25 00:00:00,Libre Disponibilidad,Municipales
1.2.6.08.02,MULTAS POR CONTRAVENCIONES (EJERC.ANTERIORES,5560975,2026-06-25 00:00:00,Libre Disponibilidad,Municipales
1.1.9.05.02,IMPUESTO AUTOMOTOR LEY 13.010 - ANTERIORES-,4367429.58,2026-06-25 00:00:00,Libre Disponibilidad,Municipales
1.2.2.03.01,PUBLICIDAD Y PROPAGANDA -EJERCICIO-,4294817.59,2026-06-25 00:00:00,Libre Disponibilidad,Municipales
1.2.2.08.01,CEMENTERIO EJERCICIO,3850550,2026-06-25 00:00:00,Libre Disponibilidad,Municipales
1.2.6.02.02,INFRACCION A LAS OBLIGACIONES EJERCICIO ANTERIORES,2641682.99,2026-06-25 00:00:00,Libre Disponibilidad,Municipales
1.2.1.14,TASA POR SERVICIOS VARIOS EJERCICIO,2410988,2026-06-25 00:00:00,Libre Disponibilidad,Municipales
1.2.6.02.01,INFRACCION A LAS OBLIGACIONES EJERCICIO,1641021.34,2026-06-25 00:00:00,Libre Disponibilidad,Municipales
1.2.1.26,CANON DAKOTA,1323803.97,2026-06-25 00:00:00,Libre Disponibilidad,Municipales
1.2.2.08.02,CEMENTERIO EJERCICIOS ANTERIORES,720855.04,2026-06-25 00:00:00,Libre Disponibilidad,Municipales
1.2.2.14.04,ALTAS Y/O BAJAS IMPOSIT.DE AUTOMOTORES,701400,2026-06-25 00:00:00,Libre Disponibilidad,Municipales
1.1.9.08.01,PATENTE DE MOTOVEHICULOS DEL EJERCICIO,698631.92,2026-06-25 00:00:00,Libre Disponibilidad,Municipales
1.2.2.11.01,DERECHOS DE CONSTRUCCION,361710.98,2026-06-25 00:00:00,Libre Disponibilidad,Municipales
1.2.1.21,TASAS POR SERV.VARIOS EJERCICIO ANTERIOR,324506.55,2026-06-25 00:00:00,Libre Disponibilidad,Municipales
1.2.2.14.05,ALTAS Y/O BAJAS IMPOSIT.DE MOTOVEHICULOS,184572,2026-06-25 00:00:00,Libre Disponibilidad,Municipales
1.2.2.14.02,DERECHOS DE OFICINA EJERCICIOS ANTERIORES,148905.06,2026-06-25 00:00:00,Libre Disponibilidad,Municipales
1.2.6.08.01,MULTAS POR CONTRAVENCIONES (EJERCICIO),110750,2026-06-25 00:00:00,Libre Disponibilidad,Municipales
1.2.2.05.01,OCUPACION Y USO DE ESPACIOS PUBLICOS DEL EJERCICIO,99208.4,2026-06-25 00:00:00,Libre Disponibilidad,Municipales
1.2.1.04,HABILITACIÓN DE COMERCIOS E INDUSTRIAS,94858,2026-06-25 00:00:00,Libre Disponibilidad,Municipales
1.2.2.03.02,PUBLICIDAD Y PROPAGANDA -ANTERIORES-,88316.34,2026-06-25 00:00:00,Libre Disponibilidad,Municipales
1.2.2.05.02,OCUPACION Y USO DE ESPACIOS PUBLICOS DE EJERCICOS ANTERIORES,22979.59,2026-06-25 00:00:00,Libre Disponibilidad,Municipales
1.2.1.02,SERVICIOS ESPECIALES DE LIMPIEZA E HIGIENE,15442,2026-06-25 00:00:00,Libre Disponibilidad,Municipales
1.2.1.22,INGRESOS VARIOS,-1323803.97,2026-06-25 00:00:00,Libre Disponibilidad,Municipales
1.2.1.05.01,INSPECCIÓN DE SEGURIDAD E HIGIENE -EJERCICIO-,110818796,2026-06-26 00:00:00,Libre Disponibilidad,Municipales
1.2.1.01.01,TASA SERVICIOS GENERALES MUNICIPALES - EJERCICIO-,57401955.77,2026-06-26 00:00:00,Libre Disponibilidad,Municipales
1.2.6.01.02,MULTAS POR CONTRAVENCIONES EJERCICIOS ANTERIORES,23398791.15,2026-06-26 00:00:00,Libre Disponibilidad,Municipales
1.2.6.01.01,MULTAS POR CONTRAVENCIONES DEL EJERCICIO,20320331.56,2026-06-26 00:00:00,Libre Disponibilidad,Municipales
1.2.1.01.02,TASA SERVICIOS GENERALES MUNICIPALES -ANTERIORES-,17579334.76,2026-06-26 00:00:00,Libre Disponibilidad,Municipales
1.2.1.05.02,INSPECCIÓN DE SEGURIDAD E HIGIENE -ANTERIORES-,14758306.9,2026-06-26 00:00:00,Libre Disponibilidad,Municipales
1.1.9.05.01,IMPUESTO AUTOMOTOR LEY 13.010 -EJERCICIO-,14496265.67,2026-06-26 00:00:00,Libre Disponibilidad,Municipales
1.2.2.14.01,DERECHOS DE OFICINA DEL EJERCICIO,11484529,2026-06-26 00:00:00,Libre Disponibilidad,Municipales
1.2.6.08.02,MULTAS POR CONTRAVENCIONES (EJERC.ANTERIORES,8753175,2026-06-26 00:00:00,Libre Disponibilidad,Municipales
1.1.9.05.02,IMPUESTO AUTOMOTOR LEY 13.010 - ANTERIORES-,8118867.24,2026-06-26 00:00:00,Libre Disponibilidad,Municipales
1.2.6.02.02,INFRACCION A LAS OBLIGACIONES EJERCICIO ANTERIORES,4959952.9,2026-06-26 00:00:00,Libre Disponibilidad,Municipales
1.2.2.03.01,PUBLICIDAD Y PROPAGANDA -EJERCICIO-,4825823.54,2026-06-26 00:00:00,Libre Disponibilidad,Municipales
1.2.6.02.01,INFRACCION A LAS OBLIGACIONES EJERCICIO,3976985.63,2026-06-26 00:00:00,Libre Disponibilidad,Municipales
1.2.1.14,TASA POR SERVICIOS VARIOS EJERCICIO,3634334,2026-06-26 00:00:00,Libre Disponibilidad,Municipales
1.2.2.14.02,DERECHOS DE OFICINA EJERCICIOS ANTERIORES,3585760.97,2026-06-26 00:00:00,Libre Disponibilidad,Municipales
1.2.2.08.01,CEMENTERIO EJERCICIO,2090045,2026-06-26 00:00:00,Libre Disponibilidad,Municipales
1.2.1.21,TASAS POR SERV.VARIOS EJERCICIO ANTERIOR,951170.43,2026-06-26 00:00:00,Libre Disponibilidad,Municipales
1.2.2.14.04,ALTAS Y/O BAJAS IMPOSIT.DE AUTOMOTORES,701400,2026-06-26 00:00:00,Libre Disponibilidad,Municipales
1.2.1.04,HABILITACIÓN DE COMERCIOS E INDUSTRIAS,646358,2026-06-26 00:00:00,Libre Disponibilidad,Municipales
1.1.9.08.01,PATENTE DE MOTOVEHICULOS DEL EJERCICIO,566956.95,2026-06-26 00:00:00,Libre Disponibilidad,Municipales
1.2.2.08.02,CEMENTERIO EJERCICIOS ANTERIORES,538473,2026-06-26 00:00:00,Libre Disponibilidad,Municipales
1.2.2.14.05,ALTAS Y/O BAJAS IMPOSIT.DE MOTOVEHICULOS,407502.02,2026-06-26 00:00:00,Libre Disponibilidad,Municipales
1.2.2.03.02,PUBLICIDAD Y PROPAGANDA -ANTERIORES-,208392.52,2026-06-26 00:00:00,Libre Disponibilidad,Municipales
1.2.2.05.01,OCUPACION Y USO DE ESPACIOS PUBLICOS DEL EJERCICIO,205503.2,2026-06-26 00:00:00,Libre Disponibilidad,Municipales
1.2.2.05.02,OCUPACION Y USO DE ESPACIOS PUBLICOS DE EJERCICOS ANTERIORES,54086.46,2026-06-26 00:00:00,Libre Disponibilidad,Municipales
1.6.2.01.02,INTERESES POR COLOCACIONES FINANCIERAS,160965705.9,2026-06-29 00:00:00,Libre Disponibilidad,Municipales
1.2.1.05.01,INSPECCIÓN DE SEGURIDAD E HIGIENE -EJERCICIO-,114915767.3,2026-06-29 00:00:00,Libre Disponibilidad,Municipales
1.2.6.01.02,MULTAS POR CONTRAVENCIONES EJERCICIOS ANTERIORES,26085310.31,2026-06-29 00:00:00,Libre Disponibilidad,Municipales
1.2.2.03.01,PUBLICIDAD Y PROPAGANDA -EJERCICIO-,24956262.85,2026-06-29 00:00:00,Libre Disponibilidad,Municipales
1.1.9.05.01,IMPUESTO AUTOMOTOR LEY 13.010 -EJERCICIO-,20380378.21,2026-06-29 00:00:00,Libre Disponibilidad,Municipales
1.2.1.01.01,TASA SERVICIOS GENERALES MUNICIPALES - EJERCICIO-,17656524.4,2026-06-29 00:00:00,Libre Disponibilidad,Municipales
1.2.6.02.02,INFRACCION A LAS OBLIGACIONES EJERCICIO ANTERIORES,11742693.1,2026-06-29 00:00:00,Libre Disponibilidad,Municipales
1.2.1.01.02,TASA SERVICIOS GENERALES MUNICIPALES -ANTERIORES-,11665947.07,2026-06-29 00:00:00,Libre Disponibilidad,Municipales
1.1.9.05.02,IMPUESTO AUTOMOTOR LEY 13.010 - ANTERIORES-,9330721.6,2026-06-29 00:00:00,Libre Disponibilidad,Municipales
1.2.1.05.02,INSPECCIÓN DE SEGURIDAD E HIGIENE -ANTERIORES-,9127349.41,2026-06-29 00:00:00,Libre Disponibilidad,Municipales
1.2.2.11.01,DERECHOS DE CONSTRUCCION,8642581.01,2026-06-29 00:00:00,Libre Disponibilidad,Municipales
1.2.6.01.01,MULTAS POR CONTRAVENCIONES DEL EJERCICIO,8607408.52,2026-06-29 00:00:00,Libre Disponibilidad,Municipales
1.2.2.14.01,DERECHOS DE OFICINA DEL EJERCICIO,5424681,2026-06-29 00:00:00,Libre Disponibilidad,Municipales
1.2.6.08.02,MULTAS POR CONTRAVENCIONES (EJERC.ANTERIORES,4319250,2026-06-29 00:00:00,Libre Disponibilidad,Municipales
1.2.2.08.01,CEMENTERIO EJERCICIO,3813730,2026-06-29 00:00:00,Libre Disponibilidad,Municipales
1.2.6.02.01,INFRACCION A LAS OBLIGACIONES EJERCICIO,3500703.9,2026-06-29 00:00:00,Libre Disponibilidad,Municipales
1.2.1.14,TASA POR SERVICIOS VARIOS EJERCICIO,3427950.61,2026-06-29 00:00:00,Libre Disponibilidad,Municipales
1.2.2.14.04,ALTAS Y/O BAJAS IMPOSIT.DE AUTOMOTORES,686760,2026-06-29 00:00:00,Libre Disponibilidad,Municipales
1.2.2.08.02,CEMENTERIO EJERCICIOS ANTERIORES,634888,2026-06-29 00:00:00,Libre Disponibilidad,Municipales
1.2.2.05.01,OCUPACION Y USO DE ESPACIOS PUBLICOS DEL EJERCICIO,618479.98,2026-06-29 00:00:00,Libre Disponibilidad,Municipales
1.1.9.08.01,PATENTE DE MOTOVEHICULOS DEL EJERCICIO,578427.17,2026-06-29 00:00:00,Libre Disponibilidad,Municipales
1.2.2.14.05,ALTAS Y/O BAJAS IMPOSIT.DE MOTOVEHICULOS,238248,2026-06-29 00:00:00,Libre Disponibilidad,Municipales
1.2.2.14.02,DERECHOS DE OFICINA EJERCICIOS ANTERIORES,237863.78,2026-06-29 00:00:00,Libre Disponibilidad,Municipales
2.1.2.01,CONTRIBUCIONES POR MEJORAS DEL EJERCICIO,123536,2026-06-29 00:00:00,Libre Disponibilidad,Municipales
1.2.6.08.01,MULTAS POR CONTRAVENCIONES (EJERCICIO),110750,2026-06-29 00:00:00,Libre Disponibilidad,Municipales
1.2.1.21,TASAS POR SERV.VARIOS EJERCICIO ANTERIOR,90541.15,2026-06-29 00:00:00,Libre Disponibilidad,Municipales
1.2.2.03.02,PUBLICIDAD Y PROPAGANDA -ANTERIORES-,45660.33,2026-06-29 00:00:00,Libre Disponibilidad,Municipales
1.2.1.02,SERVICIOS ESPECIALES DE LIMPIEZA E HIGIENE,15442,2026-06-29 00:00:00,Libre Disponibilidad,Municipales
1.2.2.05.02,OCUPACION Y USO DE ESPACIOS PUBLICOS DE EJERCICOS ANTERIORES,6994.03,2026-06-29 00:00:00,Libre Disponibilidad,Municipales
1.2.1.22,INGRESOS VARIOS,-46760.21,2026-06-29 00:00:00,Libre Disponibilidad,Municipales
1.2.1.01.03,TASA DE ALUMBRADO GENERALES FACTURADO POR EDESUR,1918450051,2026-06-30 00:00:00,Libre Disponibilidad,Municipales
1.6.2.01.02,INTERESES POR COLOCACIONES FINANCIERAS,236401509.9,2026-06-30 00:00:00,Libre Disponibilidad,Municipales
1.2.1.01.01,TASA SERVICIOS GENERALES MUNICIPALES - EJERCICIO-,98010396.23,2026-06-30 00:00:00,Libre Disponibilidad,Municipales
1.2.6.01.02,MULTAS POR CONTRAVENCIONES EJERCICIOS ANTERIORES,38750661.83,2026-06-30 00:00:00,Libre Disponibilidad,Municipales
1.2.1.05.01,INSPECCIÓN DE SEGURIDAD E HIGIENE -EJERCICIO-,29866916.44,2026-06-30 00:00:00,Libre Disponibilidad,Municipales
1.2.2.14.01,DERECHOS DE OFICINA DEL EJERCICIO,27194787,2026-06-30 00:00:00,Libre Disponibilidad,Municipales
1.1.9.05.01,IMPUESTO AUTOMOTOR LEY 13.010 -EJERCICIO-,22930515.19,2026-06-30 00:00:00,Libre Disponibilidad,Municipales
1.2.6.01.01,MULTAS POR CONTRAVENCIONES DEL EJERCICIO,17473096.54,2026-06-30 00:00:00,Libre Disponibilidad,Municipales
1.2.1.05.02,INSPECCIÓN DE SEGURIDAD E HIGIENE -ANTERIORES-,13760389.28,2026-06-30 00:00:00,Libre Disponibilidad,Municipales
1.2.1.01.02,TASA SERVICIOS GENERALES MUNICIPALES -ANTERIORES-,13473661.94,2026-06-30 00:00:00,Libre Disponibilidad,Municipales
1.1.9.05.02,IMPUESTO AUTOMOTOR LEY 13.010 - ANTERIORES-,9851432.21,2026-06-30 00:00:00,Libre Disponibilidad,Municipales
1.2.6.02.02,INFRACCION A LAS OBLIGACIONES EJERCICIO ANTERIORES,5344953.82,2026-06-30 00:00:00,Libre Disponibilidad,Municipales
1.2.6.08.02,MULTAS POR CONTRAVENCIONES (EJERC.ANTERIORES,5205250,2026-06-30 00:00:00,Libre Disponibilidad,Municipales
1.2.2.08.01,CEMENTERIO EJERCICIO,3719004,2026-06-30 00:00:00,Libre Disponibilidad,Municipales
1.2.6.02.01,INFRACCION A LAS OBLIGACIONES EJERCICIO,2030823.06,2026-06-30 00:00:00,Libre Disponibilidad,Municipales
1.2.1.14,TASA POR SERVICIOS VARIOS EJERCICIO,1138913.62,2026-06-30 00:00:00,Libre Disponibilidad,Municipales
1.2.1.26,CANON DAKOTA,1100918.35,2026-06-30 00:00:00,Libre Disponibilidad,Municipales
1.1.9.08.01,PATENTE DE MOTOVEHICULOS DEL EJERCICIO,914167.81,2026-06-30 00:00:00,Libre Disponibilidad,Municipales
1.2.2.03.01,PUBLICIDAD Y PROPAGANDA -EJERCICIO-,760502.88,2026-06-30 00:00:00,Libre Disponibilidad,Municipales
1.2.2.14.04,ALTAS Y/O BAJAS IMPOSIT.DE AUTOMOTORES,661800,2026-06-30 00:00:00,Libre Disponibilidad,Municipales
1.2.2.11.01,DERECHOS DE CONSTRUCCION,571045,2026-06-30 00:00:00,Libre Disponibilidad,Municipales
1.2.2.08.02,CEMENTERIO EJERCICIOS ANTERIORES,522039,2026-06-30 00:00:00,Libre Disponibilidad,Municipales
1.2.2.14.05,ALTAS Y/O BAJAS IMPOSIT.DE MOTOVEHICULOS,374292,2026-06-30 00:00:00,Libre Disponibilidad,Municipales
1.2.2.14.02,DERECHOS DE OFICINA EJERCICIOS ANTERIORES,198153.05,2026-06-30 00:00:00,Libre Disponibilidad,Municipales
1.2.2.05.01,OCUPACION Y USO DE ESPACIOS PUBLICOS DEL EJERCICIO,171630.77,2026-06-30 00:00:00,Libre Disponibilidad,Municipales
1.2.6.08.01,MULTAS POR CONTRAVENCIONES (EJERCICIO),110750,2026-06-30 00:00:00,Libre Disponibilidad,Municipales
1.2.2.03.02,PUBLICIDAD Y PROPAGANDA -ANTERIORES-,78097.21,2026-06-30 00:00:00,Libre Disponibilidad,Municipales
1.2.1.21,TASAS POR SERV.VARIOS EJERCICIO ANTERIOR,76826.6,2026-06-30 00:00:00,Libre Disponibilidad,Municipales
1.2.2.05.02,OCUPACION Y USO DE ESPACIOS PUBLICOS DE EJERCICOS ANTERIORES,8911.14,2026-06-30 00:00:00,Libre Disponibilidad,Municipales
2.1.2.01,CONTRIBUCIONES POR MEJORAS DEL EJERCICIO,-123536,2026-06-30 00:00:00,Libre Disponibilidad,Municipales
1.2.1.22,INGRESOS VARIOS,-977382.35,2026-06-30 00:00:00,Libre Disponibilidad,Municipales
1.2.1.01.01,TASA SERVICIOS GENERALES MUNICIPALES - EJERCICIO-,42241327.06,2026-07-01 00:00:00,Libre Disponibilidad,Municipales
1.2.6.01.02,MULTAS POR CONTRAVENCIONES EJERCICIOS ANTERIORES,30775675.92,2026-07-01 00:00:00,Libre Disponibilidad,Municipales
1.1.9.05.01,IMPUESTO AUTOMOTOR LEY 13.010 -EJERCICIO-,13179460.2,2026-07-01 00:00:00,Libre Disponibilidad,Municipales
1.2.1.05.01,INSPECCIÓN DE SEGURIDAD E HIGIENE -EJERCICIO-,10096832,2026-07-01 00:00:00,Libre Disponibilidad,Municipales
1.2.1.05.02,INSPECCIÓN DE SEGURIDAD E HIGIENE -ANTERIORES-,8801426.7,2026-07-01 00:00:00,Libre Disponibilidad,Municipales
1.2.1.01.02,TASA SERVICIOS GENERALES MUNICIPALES -ANTERIORES-,8782536.21,2026-07-01 00:00:00,Libre Disponibilidad,Municipales
1.2.6.01.01,MULTAS POR CONTRAVENCIONES DEL EJERCICIO,8750205.19,2026-07-01 00:00:00,Libre Disponibilidad,Municipales
1.2.2.14.01,DERECHOS DE OFICINA DEL EJERCICIO,7031872,2026-07-01 00:00:00,Libre Disponibilidad,Municipales
1.2.6.02.02,INFRACCION A LAS OBLIGACIONES EJERCICIO ANTERIORES,5804167.61,2026-07-01 00:00:00,Libre Disponibilidad,Municipales
1.2.2.11.01,DERECHOS DE CONSTRUCCION,5156415.27,2026-07-01 00:00:00,Libre Disponibilidad,Municipales
1.2.6.02.01,INFRACCION A LAS OBLIGACIONES EJERCICIO,3127772.81,2026-07-01 00:00:00,Libre Disponibilidad,Municipales
1.2.6.08.02,MULTAS POR CONTRAVENCIONES (EJERC.ANTERIORES,1772000,2026-07-01 00:00:00,Libre Disponibilidad,Municipales
1.1.9.05.02,IMPUESTO AUTOMOTOR LEY 13.010 - ANTERIORES-,1742154.23,2026-07-01 00:00:00,Libre Disponibilidad,Municipales
1.2.1.21,TASAS POR SERV.VARIOS EJERCICIO ANTERIOR,661306.77,2026-07-01 00:00:00,Libre Disponibilidad,Municipales
1.2.2.14.04,ALTAS Y/O BAJAS IMPOSIT.DE AUTOMOTORES,463260,2026-07-01 00:00:00,Libre Disponibilidad,Municipales
1.1.9.08.01,PATENTE DE MOTOVEHICULOS DEL EJERCICIO,356098.07,2026-07-01 00:00:00,Libre Disponibilidad,Municipales
1.2.2.14.05,ALTAS Y/O BAJAS IMPOSIT.DE MOTOVEHICULOS,277956,2026-07-01 00:00:00,Libre Disponibilidad,Municipales
1.2.2.03.01,PUBLICIDAD Y PROPAGANDA -EJERCICIO-,244359.49,2026-07-01 00:00:00,Libre Disponibilidad,Municipales
1.2.1.14,TASA POR SERVICIOS VARIOS EJERCICIO,131127,2026-07-01 00:00:00,Libre Disponibilidad,Municipales
1.2.2.05.01,OCUPACION Y USO DE ESPACIOS PUBLICOS DEL EJERCICIO,121124.24,2026-07-01 00:00:00,Libre Disponibilidad,Municipales
1.2.6.08.01,MULTAS POR CONTRAVENCIONES (EJERCICIO),110750,2026-07-01 00:00:00,Libre Disponibilidad,Municipales
1.2.2.14.02,DERECHOS DE OFICINA EJERCICIOS ANTERIORES,97246.58,2026-07-01 00:00:00,Libre Disponibilidad,Municipales
1.2.2.08.01,CEMENTERIO EJERCICIO,82725,2026-07-01 00:00:00,Libre Disponibilidad,Municipales
1.2.2.08.02,CEMENTERIO EJERCICIOS ANTERIORES,71211,2026-07-01 00:00:00,Libre Disponibilidad,Municipales
1.2.2.05.02,OCUPACION Y USO DE ESPACIOS PUBLICOS DE EJERCICOS ANTERIORES,24933.44,2026-07-01 00:00:00,Libre Disponibilidad,Municipales
1.2.1.02,SERVICIOS ESPECIALES DE LIMPIEZA E HIGIENE,15442,2026-07-01 00:00:00,Libre Disponibilidad,Municipales
1.2.2.03.02,PUBLICIDAD Y PROPAGANDA -ANTERIORES-,1014.43,2026-07-01 00:00:00,Libre Disponibilidad,Municipales
1.1.9.01,PARTICIPACION EDESUR,907298850.7,2026-07-02 00:00:00,Libre Disponibilidad,Municipales
1.2.1.01.03,TASA DE ALUMBRADO GENERALES FACTURADO POR EDESUR,681201387.7,2026-07-02 00:00:00,Libre Disponibilidad,Municipales
1.2.1.01.01,TASA SERVICIOS GENERALES MUNICIPALES - EJERCICIO-,54398921.05,2026-07-02 00:00:00,Libre Disponibilidad,Municipales
1.2.6.01.02,MULTAS POR CONTRAVENCIONES EJERCICIOS ANTERIORES,30665611.9,2026-07-02 00:00:00,Libre Disponibilidad,Municipales
1.1.9.05.01,IMPUESTO AUTOMOTOR LEY 13.010 -EJERCICIO-,27904314.93,2026-07-02 00:00:00,Libre Disponibilidad,Municipales
1.2.1.05.01,INSPECCIÓN DE SEGURIDAD E HIGIENE -EJERCICIO-,15776414.09,2026-07-02 00:00:00,Libre Disponibilidad,Municipales
1.2.6.01.01,MULTAS POR CONTRAVENCIONES DEL EJERCICIO,11127180.07,2026-07-02 00:00:00,Libre Disponibilidad,Municipales
1.2.1.01.02,TASA SERVICIOS GENERALES MUNICIPALES -ANTERIORES-,8467588.41,2026-07-02 00:00:00,Libre Disponibilidad,Municipales
1.2.2.14.01,DERECHOS DE OFICINA DEL EJERCICIO,8099421,2026-07-02 00:00:00,Libre Disponibilidad,Municipales
1.1.9.05.02,IMPUESTO AUTOMOTOR LEY 13.010 - ANTERIORES-,7803065.78,2026-07-02 00:00:00,Libre Disponibilidad,Municipales
1.2.6.08.02,MULTAS POR CONTRAVENCIONES (EJERC.ANTERIORES,7491125,2026-07-02 00:00:00,Libre Disponibilidad,Municipales
1.2.1.05.02,INSPECCIÓN DE SEGURIDAD E HIGIENE -ANTERIORES-,6024806.74,2026-07-02 00:00:00,Libre Disponibilidad,Municipales
1.2.6.02.02,INFRACCION A LAS OBLIGACIONES EJERCICIO ANTERIORES,2997606.75,2026-07-02 00:00:00,Libre Disponibilidad,Municipales
1.2.2.08.01,CEMENTERIO EJERCICIO,2483417,2026-07-02 00:00:00,Libre Disponibilidad,Municipales
1.2.2.11.01,DERECHOS DE CONSTRUCCION,2048275.55,2026-07-02 00:00:00,Libre Disponibilidad,Municipales
1.2.6.02.01,INFRACCION A LAS OBLIGACIONES EJERCICIO,1866338.32,2026-07-02 00:00:00,Libre Disponibilidad,Municipales
1.2.2.03.01,PUBLICIDAD Y PROPAGANDA -EJERCICIO-,978501.51,2026-07-02 00:00:00,Libre Disponibilidad,Municipales
1.6.2.01.02,INTERESES POR COLOCACIONES FINANCIERAS,901228.45,2026-07-02 00:00:00,Libre Disponibilidad,Municipales
1.2.1.14,TASA POR SERVICIOS VARIOS EJERCICIO,767664,2026-07-02 00:00:00,Libre Disponibilidad,Municipales
1.2.2.08.02,CEMENTERIO EJERCICIOS ANTERIORES,758450,2026-07-02 00:00:00,Libre Disponibilidad,Municipales
1.1.9.08.01,PATENTE DE MOTOVEHICULOS DEL EJERCICIO,682047.18,2026-07-02 00:00:00,Libre Disponibilidad,Municipales
1.2.2.14.04,ALTAS Y/O BAJAS IMPOSIT.DE AUTOMOTORES,562499.98,2026-07-02 00:00:00,Libre Disponibilidad,Municipales
1.2.2.05.01,OCUPACION Y USO DE ESPACIOS PUBLICOS DEL EJERCICIO,320194.72,2026-07-02 00:00:00,Libre Disponibilidad,Municipales
1.2.2.14.02,DERECHOS DE OFICINA EJERCICIOS ANTERIORES,254609.76,2026-07-02 00:00:00,Libre Disponibilidad,Municipales
1.2.1.02,SERVICIOS ESPECIALES DE LIMPIEZA E HIGIENE,230427.23,2026-07-02 00:00:00,Libre Disponibilidad,Municipales
1.2.2.14.05,ALTAS Y/O BAJAS IMPOSIT.DE MOTOVEHICULOS,178686,2026-07-02 00:00:00,Libre Disponibilidad,Municipales
1.2.6.08.01,MULTAS POR CONTRAVENCIONES (EJERCICIO),110750,2026-07-02 00:00:00,Libre Disponibilidad,Municipales
1.2.1.21,TASAS POR SERV.VARIOS EJERCICIO ANTERIOR,33021.36,2026-07-02 00:00:00,Libre Disponibilidad,Municipales
1.2.2.05.02,OCUPACION Y USO DE ESPACIOS PUBLICOS DE EJERCICOS ANTERIORES,13012.76,2026-07-02 00:00:00,Libre Disponibilidad,Municipales
1.2.2.03.02,PUBLICIDAD Y PROPAGANDA -ANTERIORES-,4468.12,2026-07-02 00:00:00,Libre Disponibilidad,Municipales
1.2.1.01.01,TASA SERVICIOS GENERALES MUNICIPALES - EJERCICIO-,66905351.14,2026-07-03 00:00:00,Libre Disponibilidad,Municipales
1.2.6.01.02,MULTAS POR CONTRAVENCIONES EJERCICIOS ANTERIORES,32402349.68,2026-07-03 00:00:00,Libre Disponibilidad,Municipales
1.1.9.05.01,IMPUESTO AUTOMOTOR LEY 13.010 -EJERCICIO-,30277509.8,2026-07-03 00:00:00,Libre Disponibilidad,Municipales
1.2.2.14.01,DERECHOS DE OFICINA DEL EJERCICIO,14978037,2026-07-03 00:00:00,Libre Disponibilidad,Municipales
1.2.1.01.02,TASA SERVICIOS GENERALES MUNICIPALES -ANTERIORES-,8555035.09,2026-07-03 00:00:00,Libre Disponibilidad,Municipales
1.2.1.05.01,INSPECCIÓN DE SEGURIDAD E HIGIENE -EJERCICIO-,6851644,2026-07-03 00:00:00,Libre Disponibilidad,Municipales
1.2.6.01.01,MULTAS POR CONTRAVENCIONES DEL EJERCICIO,6826006.81,2026-07-03 00:00:00,Libre Disponibilidad,Municipales
1.1.9.05.02,IMPUESTO AUTOMOTOR LEY 13.010 - ANTERIORES-,5419747.2,2026-07-03 00:00:00,Libre Disponibilidad,Municipales
1.2.6.02.02,INFRACCION A LAS OBLIGACIONES EJERCICIO ANTERIORES,4362828.49,2026-07-03 00:00:00,Libre Disponibilidad,Municipales
1.2.6.08.02,MULTAS POR CONTRAVENCIONES (EJERC.ANTERIORES,4341025,2026-07-03 00:00:00,Libre Disponibilidad,Municipales
1.2.1.05.02,INSPECCIÓN DE SEGURIDAD E HIGIENE -ANTERIORES-,4285738.44,2026-07-03 00:00:00,Libre Disponibilidad,Municipales
1.2.2.08.01,CEMENTERIO EJERCICIO,2792112,2026-07-03 00:00:00,Libre Disponibilidad,Municipales
1.6.2.01.02,INTERESES POR COLOCACIONES FINANCIERAS,1876823.89,2026-07-03 00:00:00,Libre Disponibilidad,Municipales
1.2.6.02.01,INFRACCION A LAS OBLIGACIONES EJERCICIO,1681423.37,2026-07-03 00:00:00,Libre Disponibilidad,Municipales
1.2.2.11.01,DERECHOS DE CONSTRUCCION,1564585.42,2026-07-03 00:00:00,Libre Disponibilidad,Municipales
1.1.9.08.01,PATENTE DE MOTOVEHICULOS DEL EJERCICIO,930180.87,2026-07-03 00:00:00,Libre Disponibilidad,Municipales
1.2.2.08.02,CEMENTERIO EJERCICIOS ANTERIORES,670693,2026-07-03 00:00:00,Libre Disponibilidad,Municipales
1.2.2.03.01,PUBLICIDAD Y PROPAGANDA -EJERCICIO-,627003.59,2026-07-03 00:00:00,Libre Disponibilidad,Municipales
1.2.2.14.04,ALTAS Y/O BAJAS IMPOSIT.DE AUTOMOTORES,573560,2026-07-03 00:00:00,Libre Disponibilidad,Municipales
1.2.1.04,HABILITACIÓN DE COMERCIOS E INDUSTRIAS,474290,2026-07-03 00:00:00,Libre Disponibilidad,Municipales
1.2.1.14,TASA POR SERVICIOS VARIOS EJERCICIO,282766,2026-07-03 00:00:00,Libre Disponibilidad,Municipales
1.2.2.14.05,ALTAS Y/O BAJAS IMPOSIT.DE MOTOVEHICULOS,258102,2026-07-03 00:00:00,Libre Disponibilidad,Municipales
1.2.2.14.02,DERECHOS DE OFICINA EJERCICIOS ANTERIORES,251361.72,2026-07-03 00:00:00,Libre Disponibilidad,Municipales
1.2.1.18,FONDO DE OBRAS DE INFRAESTRUCTURA ORD.7751,242111.34,2026-07-03 00:00:00,Libre Disponibilidad,Municipales
1.2.2.05.01,OCUPACION Y USO DE ESPACIOS PUBLICOS DEL EJERCICIO,199032.6,2026-07-03 00:00:00,Libre Disponibilidad,Municipales
1.2.6.08.01,MULTAS POR CONTRAVENCIONES (EJERCICIO),110750,2026-07-03 00:00:00,Libre Disponibilidad,Municipales
1.2.2.03.02,PUBLICIDAD Y PROPAGANDA -ANTERIORES-,100485.86,2026-07-03 00:00:00,Libre Disponibilidad,Municipales
1.2.1.21,TASAS POR SERV.VARIOS EJERCICIO ANTERIOR,40847.55,2026-07-03 00:00:00,Libre Disponibilidad,Municipales
1.2.1.02,SERVICIOS ESPECIALES DE LIMPIEZA E HIGIENE,15442,2026-07-03 00:00:00,Libre Disponibilidad,Municipales
1.2.2.05.02,OCUPACION Y USO DE ESPACIOS PUBLICOS DE EJERCICOS ANTERIORES,7939.53,2026-07-03 00:00:00,Libre Disponibilidad,Municipales
1.2.1.01.01,TASA SERVICIOS GENERALES MUNICIPALES - EJERCICIO-,87225146.75,2026-07-06 00:00:00,Libre Disponibilidad,Municipales
1.1.9.05.01,IMPUESTO AUTOMOTOR LEY 13.010 -EJERCICIO-,55576140.74,2026-07-06 00:00:00,Libre Disponibilidad,Municipales
1.2.1.01.02,TASA SERVICIOS GENERALES MUNICIPALES -ANTERIORES-,25751629.52,2026-07-06 00:00:00,Libre Disponibilidad,Municipales
1.2.6.01.02,MULTAS POR CONTRAVENCIONES EJERCICIOS ANTERIORES,24006941.2,2026-07-06 00:00:00,Libre Disponibilidad,Municipales
1.2.1.05.01,INSPECCIÓN DE SEGURIDAD E HIGIENE -EJERCICIO-,20121132.11,2026-07-06 00:00:00,Libre Disponibilidad,Municipales
1.2.6.01.01,MULTAS POR CONTRAVENCIONES DEL EJERCICIO,15046074.86,2026-07-06 00:00:00,Libre Disponibilidad,Municipales
1.1.9.05.02,IMPUESTO AUTOMOTOR LEY 13.010 - ANTERIORES-,14296367.13,2026-07-06 00:00:00,Libre Disponibilidad,Municipales
1.2.2.14.01,DERECHOS DE OFICINA DEL EJERCICIO,13030250.6,2026-07-06 00:00:00,Libre Disponibilidad,Municipales
1.2.6.08.02,MULTAS POR CONTRAVENCIONES (EJERC.ANTERIORES,8029375,2026-07-06 00:00:00,Libre Disponibilidad,Municipales
1.2.2.11.01,DERECHOS DE CONSTRUCCION,6617558.95,2026-07-06 00:00:00,Libre Disponibilidad,Municipales
1.2.6.02.02,INFRACCION A LAS OBLIGACIONES EJERCICIO ANTERIORES,5826012.51,2026-07-06 00:00:00,Libre Disponibilidad,Municipales
1.2.1.05.02,INSPECCIÓN DE SEGURIDAD E HIGIENE -ANTERIORES-,4827308.23,2026-07-06 00:00:00,Libre Disponibilidad,Municipales
1.2.2.08.01,CEMENTERIO EJERCICIO,3116970,2026-07-06 00:00:00,Libre Disponibilidad,Municipales
1.2.6.02.01,INFRACCION A LAS OBLIGACIONES EJERCICIO,2691151.47,2026-07-06 00:00:00,Libre Disponibilidad,Municipales
1.2.1.14,TASA POR SERVICIOS VARIOS EJERCICIO,1495020.74,2026-07-06 00:00:00,Libre Disponibilidad,Municipales
1.2.2.03.01,PUBLICIDAD Y PROPAGANDA -EJERCICIO-,1239369.1,2026-07-06 00:00:00,Libre Disponibilidad,Municipales
1.1.9.08.01,PATENTE DE MOTOVEHICULOS DEL EJERCICIO,1237994.02,2026-07-06 00:00:00,Libre Disponibilidad,Municipales
1.2.2.05.01,OCUPACION Y USO DE ESPACIOS PUBLICOS DEL EJERCICIO,914594.47,2026-07-06 00:00:00,Libre Disponibilidad,Municipales
1.2.2.14.04,ALTAS Y/O BAJAS IMPOSIT.DE AUTOMOTORES,824319.97,2026-07-06 00:00:00,Libre Disponibilidad,Municipales
1.2.2.08.02,CEMENTERIO EJERCICIOS ANTERIORES,758696,2026-07-06 00:00:00,Libre Disponibilidad,Municipales
1.2.2.14.02,DERECHOS DE OFICINA EJERCICIOS ANTERIORES,536058.46,2026-07-06 00:00:00,Libre Disponibilidad,Municipales
1.2.1.04,HABILITACIÓN DE COMERCIOS E INDUSTRIAS,474290,2026-07-06 00:00:00,Libre Disponibilidad,Municipales
1.2.2.14.05,ALTAS Y/O BAJAS IMPOSIT.DE MOTOVEHICULOS,397080,2026-07-06 00:00:00,Libre Disponibilidad,Municipales
1.2.2.03.02,PUBLICIDAD Y PROPAGANDA -ANTERIORES-,218931.11,2026-07-06 00:00:00,Libre Disponibilidad,Municipales
1.2.1.21,TASAS POR SERV.VARIOS EJERCICIO ANTERIOR,65098.68,2026-07-06 00:00:00,Libre Disponibilidad,Municipales
1.2.2.05.02,OCUPACION Y USO DE ESPACIOS PUBLICOS DE EJERCICOS ANTERIORES,31073.58,2026-07-06 00:00:00,Libre Disponibilidad,Municipales
1.6.2.01.02,INTERESES POR COLOCACIONES FINANCIERAS,112356077.2,2026-07-07 00:00:00,Libre Disponibilidad,Municipales
1.2.1.01.01,TASA SERVICIOS GENERALES MUNICIPALES - EJERCICIO-,92713276.89,2026-07-07 00:00:00,Libre Disponibilidad,Municipales
1.1.9.05.01,IMPUESTO AUTOMOTOR LEY 13.010 -EJERCICIO-,56093428.07,2026-07-07 00:00:00,Libre Disponibilidad,Municipales
1.2.6.01.02,MULTAS POR CONTRAVENCIONES EJERCICIOS ANTERIORES,26007891.34,2026-07-07 00:00:00,Libre Disponibilidad,Municipales
1.2.1.01.02,TASA SERVICIOS GENERALES MUNICIPALES -ANTERIORES-,18976969.42,2026-07-07 00:00:00,Libre Disponibilidad,Municipales
1.2.1.05.01,INSPECCIÓN DE SEGURIDAD E HIGIENE -EJERCICIO-,12553625.45,2026-07-07 00:00:00,Libre Disponibilidad,Municipales
1.2.2.14.01,DERECHOS DE OFICINA DEL EJERCICIO,12053397,2026-07-07 00:00:00,Libre Disponibilidad,Municipales
1.2.6.01.01,MULTAS POR CONTRAVENCIONES DEL EJERCICIO,10124209.99,2026-07-07 00:00:00,Libre Disponibilidad,Municipales
1.1.9.05.02,IMPUESTO AUTOMOTOR LEY 13.010 - ANTERIORES-,9744374.19,2026-07-07 00:00:00,Libre Disponibilidad,Municipales
1.2.6.08.02,MULTAS POR CONTRAVENCIONES (EJERC.ANTERIORES,8013425,2026-07-07 00:00:00,Libre Disponibilidad,Municipales
1.2.6.02.02,INFRACCION A LAS OBLIGACIONES EJERCICIO ANTERIORES,6388756.7,2026-07-07 00:00:00,Libre Disponibilidad,Municipales
1.2.1.05.02,INSPECCIÓN DE SEGURIDAD E HIGIENE -ANTERIORES-,5633803.54,2026-07-07 00:00:00,Libre Disponibilidad,Municipales
1.2.2.08.01,CEMENTERIO EJERCICIO,3141661,2026-07-07 00:00:00,Libre Disponibilidad,Municipales
1.2.6.02.01,INFRACCION A LAS OBLIGACIONES EJERCICIO,2192373.67,2026-07-07 00:00:00,Libre Disponibilidad,Municipales
1.2.2.11.01,DERECHOS DE CONSTRUCCION,1739792.86,2026-07-07 00:00:00,Libre Disponibilidad,Municipales
1.2.2.08.02,CEMENTERIO EJERCICIOS ANTERIORES,958997,2026-07-07 00:00:00,Libre Disponibilidad,Municipales
1.2.2.03.01,PUBLICIDAD Y PROPAGANDA -EJERCICIO-,744202.59,2026-07-07 00:00:00,Libre Disponibilidad,Municipales
1.1.9.08.01,PATENTE DE MOTOVEHICULOS DEL EJERCICIO,685566.89,2026-07-07 00:00:00,Libre Disponibilidad,Municipales
1.2.2.14.04,ALTAS Y/O BAJAS IMPOSIT.DE AUTOMOTORES,639740,2026-07-07 00:00:00,Libre Disponibilidad,Municipales
1.2.1.14,TASA POR SERVICIOS VARIOS EJERCICIO,395795.63,2026-07-07 00:00:00,Libre Disponibilidad,Municipales
1.2.1.21,TASAS POR SERV.VARIOS EJERCICIO ANTERIOR,300926.68,2026-07-07 00:00:00,Libre Disponibilidad,Municipales
1.2.2.14.02,DERECHOS DE OFICINA EJERCICIOS ANTERIORES,277512.55,2026-07-07 00:00:00,Libre Disponibilidad,Municipales
1.2.2.03.02,PUBLICIDAD Y PROPAGANDA -ANTERIORES-,203983.63,2026-07-07 00:00:00,Libre Disponibilidad,Municipales
1.2.2.14.05,ALTAS Y/O BAJAS IMPOSIT.DE MOTOVEHICULOS,119124,2026-07-07 00:00:00,Libre Disponibilidad,Municipales
1.2.2.05.01,OCUPACION Y USO DE ESPACIOS PUBLICOS DEL EJERCICIO,41949.2,2026-07-07 00:00:00,Libre Disponibilidad,Municipales
1.2.2.05.02,OCUPACION Y USO DE ESPACIOS PUBLICOS DE EJERCICOS ANTERIORES,24438.69,2026-07-07 00:00:00,Libre Disponibilidad,Municipales
1.2.1.01.01,TASA SERVICIOS GENERALES MUNICIPALES - EJERCICIO-,98427392.53,2026-07-08 00:00:00,Libre Disponibilidad,Municipales
1.1.9.05.01,IMPUESTO AUTOMOTOR LEY 13.010 -EJERCICIO-,70254452.01,2026-07-08 00:00:00,Libre Disponibilidad,Municipales
1.6.2.01.02,INTERESES POR COLOCACIONES FINANCIERAS,53512197.86,2026-07-08 00:00:00,Libre Disponibilidad,Municipales
1.2.6.01.02,MULTAS POR CONTRAVENCIONES EJERCICIOS ANTERIORES,28035953.58,2026-07-08 00:00:00,Libre Disponibilidad,Municipales
1.2.1.01.02,TASA SERVICIOS GENERALES MUNICIPALES -ANTERIORES-,20633452.38,2026-07-08 00:00:00,Libre Disponibilidad,Municipales
1.2.1.05.01,INSPECCIÓN DE SEGURIDAD E HIGIENE -EJERCICIO-,16891392.29,2026-07-08 00:00:00,Libre Disponibilidad,Municipales
1.2.2.14.01,DERECHOS DE OFICINA DEL EJERCICIO,11776717,2026-07-08 00:00:00,Libre Disponibilidad,Municipales
1.1.9.05.02,IMPUESTO AUTOMOTOR LEY 13.010 - ANTERIORES-,7162857.42,2026-07-08 00:00:00,Libre Disponibilidad,Municipales
1.2.6.08.02,MULTAS POR CONTRAVENCIONES (EJERC.ANTERIORES,4943425,2026-07-08 00:00:00,Libre Disponibilidad,Municipales
1.2.6.01.01,MULTAS POR CONTRAVENCIONES DEL EJERCICIO,3737812.58,2026-07-08 00:00:00,Libre Disponibilidad,Municipales
1.2.6.02.02,INFRACCION A LAS OBLIGACIONES EJERCICIO ANTERIORES,3498922.87,2026-07-08 00:00:00,Libre Disponibilidad,Municipales
1.2.1.05.02,INSPECCIÓN DE SEGURIDAD E HIGIENE -ANTERIORES-,3186172.16,2026-07-08 00:00:00,Libre Disponibilidad,Municipales
1.2.2.08.01,CEMENTERIO EJERCICIO,3002169,2026-07-08 00:00:00,Libre Disponibilidad,Municipales
1.2.6.02.01,INFRACCION A LAS OBLIGACIONES EJERCICIO,1763524.48,2026-07-08 00:00:00,Libre Disponibilidad,Municipales
1.1.9.08.01,PATENTE DE MOTOVEHICULOS DEL EJERCICIO,1178349.08,2026-07-08 00:00:00,Libre Disponibilidad,Municipales
1.2.1.14,TASA POR SERVICIOS VARIOS EJERCICIO,1072285.86,2026-07-08 00:00:00,Libre Disponibilidad,Municipales
1.2.2.08.02,CEMENTERIO EJERCICIOS ANTERIORES,1038495,2026-07-08 00:00:00,Libre Disponibilidad,Municipales
1.2.1.04,HABILITACIÓN DE COMERCIOS E INDUSTRIAS,948580,2026-07-08 00:00:00,Libre Disponibilidad,Municipales
1.2.2.14.04,ALTAS Y/O BAJAS IMPOSIT.DE AUTOMOTORES,860340,2026-07-08 00:00:00,Libre Disponibilidad,Municipales
1.2.2.03.01,PUBLICIDAD Y PROPAGANDA -EJERCICIO-,687926.27,2026-07-08 00:00:00,Libre Disponibilidad,Municipales
1.2.2.14.02,DERECHOS DE OFICINA EJERCICIOS ANTERIORES,337716.09,2026-07-08 00:00:00,Libre Disponibilidad,Municipales
1.2.2.14.05,ALTAS Y/O BAJAS IMPOSIT.DE MOTOVEHICULOS,277182,2026-07-08 00:00:00,Libre Disponibilidad,Municipales
1.2.2.05.01,OCUPACION Y USO DE ESPACIOS PUBLICOS DEL EJERCICIO,253071.52,2026-07-08 00:00:00,Libre Disponibilidad,Municipales
1.2.6.08.01,MULTAS POR CONTRAVENCIONES (EJERCICIO),110750,2026-07-08 00:00:00,Libre Disponibilidad,Municipales
1.2.2.03.02,PUBLICIDAD Y PROPAGANDA -ANTERIORES-,84088.56,2026-07-08 00:00:00,Libre Disponibilidad,Municipales
1.2.2.05.02,OCUPACION Y USO DE ESPACIOS PUBLICOS DE EJERCICOS ANTERIORES,78157.01,2026-07-08 00:00:00,Libre Disponibilidad,Municipales
1.2.2.11.01,DERECHOS DE CONSTRUCCION,60990,2026-07-08 00:00:00,Libre Disponibilidad,Municipales
1.2.1.21,TASAS POR SERV.VARIOS EJERCICIO ANTERIOR,27909.6,2026-07-08 00:00:00,Libre Disponibilidad,Municipales
1.2.1.01.01,TASA SERVICIOS GENERALES MUNICIPALES - EJERCICIO-,154086014.6,2026-07-13 00:00:00,Libre Disponibilidad,Municipales
1.2.6.06,CONVENIO A.C.A.R.A.,143072894.2,2026-07-13 00:00:00,Libre Disponibilidad,Municipales
1.1.9.05.01,IMPUESTO AUTOMOTOR LEY 13.010 -EJERCICIO-,116961952.4,2026-07-13 00:00:00,Libre Disponibilidad,Municipales
1.2.1.01.02,TASA SERVICIOS GENERALES MUNICIPALES -ANTERIORES-,58810571.69,2026-07-13 00:00:00,Libre Disponibilidad,Municipales
1.2.6.01.02,MULTAS POR CONTRAVENCIONES EJERCICIOS ANTERIORES,38611016.93,2026-07-13 00:00:00,Libre Disponibilidad,Municipales
1.2.1.05.01,INSPECCIÓN DE SEGURIDAD E HIGIENE -EJERCICIO-,30566668.2,2026-07-13 00:00:00,Libre Disponibilidad,Municipales
1.2.2.14.01,DERECHOS DE OFICINA DEL EJERCICIO,18413159.02,2026-07-13 00:00:00,Libre Disponibilidad,Municipales
1.1.9.05.02,IMPUESTO AUTOMOTOR LEY 13.010 - ANTERIORES-,15803748.01,2026-07-13 00:00:00,Libre Disponibilidad,Municipales
1.2.6.02.02,INFRACCION A LAS OBLIGACIONES EJERCICIO ANTERIORES,11524188.31,2026-07-13 00:00:00,Libre Disponibilidad,Municipales
1.2.1.05.02,INSPECCIÓN DE SEGURIDAD E HIGIENE -ANTERIORES-,10566450.68,2026-07-13 00:00:00,Libre Disponibilidad,Municipales
1.2.6.08.02,MULTAS POR CONTRAVENCIONES (EJERC.ANTERIORES,8051500,2026-07-13 00:00:00,Libre Disponibilidad,Municipales
1.2.6.01.01,MULTAS POR CONTRAVENCIONES DEL EJERCICIO,7796085.11,2026-07-13 00:00:00,Libre Disponibilidad,Municipales
1.2.1.17,"LEY 11018 BINGOS, CASINOS E HIPODROMOS",3526920,2026-07-13 00:00:00,Libre Disponibilidad,Municipales
1.2.6.02.01,INFRACCION A LAS OBLIGACIONES EJERCICIO,2877577.74,2026-07-13 00:00:00,Libre Disponibilidad,Municipales
1.2.2.08.01,CEMENTERIO EJERCICIO,2712495,2026-07-13 00:00:00,Libre Disponibilidad,Municipales
1.2.1.14,TASA POR SERVICIOS VARIOS EJERCICIO,2249853.42,2026-07-13 00:00:00,Libre Disponibilidad,Municipales
1.1.9.08.01,PATENTE DE MOTOVEHICULOS DEL EJERCICIO,1112716.72,2026-07-13 00:00:00,Libre Disponibilidad,Municipales
1.2.2.03.01,PUBLICIDAD Y PROPAGANDA -EJERCICIO-,1100816.04,2026-07-13 00:00:00,Libre Disponibilidad,Municipales
1.2.2.08.02,CEMENTERIO EJERCICIOS ANTERIORES,591524,2026-07-13 00:00:00,Libre Disponibilidad,Municipales
1.2.2.11.01,DERECHOS DE CONSTRUCCION,571859.5,2026-07-13 00:00:00,Libre Disponibilidad,Municipales
1.2.2.14.02,DERECHOS DE OFICINA EJERCICIOS ANTERIORES,564624.66,2026-07-13 00:00:00,Libre Disponibilidad,Municipales
1.2.2.14.04,ALTAS Y/O BAJAS IMPOSIT.DE AUTOMOTORES,419140,2026-07-13 00:00:00,Libre Disponibilidad,Municipales
1.2.2.14.05,ALTAS Y/O BAJAS IMPOSIT.DE MOTOVEHICULOS,377226,2026-07-13 00:00:00,Libre Disponibilidad,Municipales
1.2.2.05.01,OCUPACION Y USO DE ESPACIOS PUBLICOS DEL EJERCICIO,307335.13,2026-07-13 00:00:00,Libre Disponibilidad,Municipales
1.2.1.21,TASAS POR SERV.VARIOS EJERCICIO ANTERIOR,155241.56,2026-07-13 00:00:00,Libre Disponibilidad,Municipales
1.2.1.04,HABILITACIÓN DE COMERCIOS E INDUSTRIAS,148905,2026-07-13 00:00:00,Libre Disponibilidad,Municipales
1.2.2.05.02,OCUPACION Y USO DE ESPACIOS PUBLICOS DE EJERCICOS ANTERIORES,140727.93,2026-07-13 00:00:00,Libre Disponibilidad,Municipales
1.2.2.03.02,PUBLICIDAD Y PROPAGANDA -ANTERIORES-,33437.35,2026-07-13 00:00:00,Libre Disponibilidad,Municipales
1.2.2.17.01,DERECHO POR OFICIO JUDICIAL DEL EJERCICIO,22060,2026-07-13 00:00:00,Libre Disponibilidad,Municipales
1.2.1.02,SERVICIOS ESPECIALES DE LIMPIEZA E HIGIENE,15442,2026-07-13 00:00:00,Libre Disponibilidad,Municipales
1.2.1.01.01,TASA SERVICIOS GENERALES MUNICIPALES - EJERCICIO-,220998109.1,2026-07-14 00:00:00,Libre Disponibilidad,Municipales
1.2.1.05.01,INSPECCIÓN DE SEGURIDAD E HIGIENE -EJERCICIO-,95938322.94,2026-07-14 00:00:00,Libre Disponibilidad,Municipales
1.1.9.05.01,IMPUESTO AUTOMOTOR LEY 13.010 -EJERCICIO-,80630119.27,2026-07-14 00:00:00,Libre Disponibilidad,Municipales
1.2.6.01.02,MULTAS POR CONTRAVENCIONES EJERCICIOS ANTERIORES,44078510.02,2026-07-14 00:00:00,Libre Disponibilidad,Municipales
1.2.1.01.02,TASA SERVICIOS GENERALES MUNICIPALES -ANTERIORES-,25438373.25,2026-07-14 00:00:00,Libre Disponibilidad,Municipales
1.2.2.14.01,DERECHOS DE OFICINA DEL EJERCICIO,15472071,2026-07-14 00:00:00,Libre Disponibilidad,Municipales
1.2.6.01.01,MULTAS POR CONTRAVENCIONES DEL EJERCICIO,15306682.05,2026-07-14 00:00:00,Libre Disponibilidad,Municipales
1.2.1.05.02,INSPECCIÓN DE SEGURIDAD E HIGIENE -ANTERIORES-,11992579.3,2026-07-14 00:00:00,Libre Disponibilidad,Municipales
1.1.9.05.02,IMPUESTO AUTOMOTOR LEY 13.010 - ANTERIORES-,9051648.64,2026-07-14 00:00:00,Libre Disponibilidad,Municipales
1.2.6.02.02,INFRACCION A LAS OBLIGACIONES EJERCICIO ANTERIORES,7188968.35,2026-07-14 00:00:00,Libre Disponibilidad,Municipales
1.2.6.08.02,MULTAS POR CONTRAVENCIONES (EJERC.ANTERIORES,6859100,2026-07-14 00:00:00,Libre Disponibilidad,Municipales
1.2.1.14,TASA POR SERVICIOS VARIOS EJERCICIO,3413003.49,2026-07-14 00:00:00,Libre Disponibilidad,Municipales
1.2.6.02.01,INFRACCION A LAS OBLIGACIONES EJERCICIO,3211422.76,2026-07-14 00:00:00,Libre Disponibilidad,Municipales
1.2.2.11.01,DERECHOS DE CONSTRUCCION,3008474.56,2026-07-14 00:00:00,Libre Disponibilidad,Municipales
1.2.2.03.01,PUBLICIDAD Y PROPAGANDA -EJERCICIO-,1932498.14,2026-07-14 00:00:00,Libre Disponibilidad,Municipales
1.2.2.08.01,CEMENTERIO EJERCICIO,1822366,2026-07-14 00:00:00,Libre Disponibilidad,Municipales
1.2.2.14.04,ALTAS Y/O BAJAS IMPOSIT.DE AUTOMOTORES,1103000,2026-07-14 00:00:00,Libre Disponibilidad,Municipales
1.1.9.08.01,PATENTE DE MOTOVEHICULOS DEL EJERCICIO,760805.06,2026-07-14 00:00:00,Libre Disponibilidad,Municipales
1.2.2.05.01,OCUPACION Y USO DE ESPACIOS PUBLICOS DEL EJERCICIO,616559.04,2026-07-14 00:00:00,Libre Disponibilidad,Municipales
1.2.2.14.02,DERECHOS DE OFICINA EJERCICIOS ANTERIORES,354563.75,2026-07-14 00:00:00,Libre Disponibilidad,Municipales
1.2.2.08.02,CEMENTERIO EJERCICIOS ANTERIORES,305214,2026-07-14 00:00:00,Libre Disponibilidad,Municipales
1.2.2.03.02,PUBLICIDAD Y PROPAGANDA -ANTERIORES-,297537.15,2026-07-14 00:00:00,Libre Disponibilidad,Municipales
1.2.1.21,TASAS POR SERV.VARIOS EJERCICIO ANTERIOR,254901.22,2026-07-14 00:00:00,Libre Disponibilidad,Municipales
1.2.2.14.05,ALTAS Y/O BAJAS IMPOSIT.DE MOTOVEHICULOS,158832,2026-07-14 00:00:00,Libre Disponibilidad,Municipales
1.2.6.08.01,MULTAS POR CONTRAVENCIONES (EJERCICIO),110750,2026-07-14 00:00:00,Libre Disponibilidad,Municipales
1.2.2.17.01,DERECHO POR OFICIO JUDICIAL DEL EJERCICIO,22060,2026-07-14 00:00:00,Libre Disponibilidad,Municipales
1.2.2.05.02,OCUPACION Y USO DE ESPACIOS PUBLICOS DE EJERCICOS ANTERIORES,3812.12,2026-07-14 00:00:00,Libre Disponibilidad,Municipales
1.2.1.02,SERVICIOS ESPECIALES DE LIMPIEZA E HIGIENE,50.55,2026-07-14 00:00:00,Libre Disponibilidad,Municipales
1.2.1.01.01,TASA SERVICIOS GENERALES MUNICIPALES - EJERCICIO-,204519716.4,2026-07-15 00:00:00,Libre Disponibilidad,Municipales
1.1.9.05.01,IMPUESTO AUTOMOTOR LEY 13.010 -EJERCICIO-,127892635.6,2026-07-15 00:00:00,Libre Disponibilidad,Municipales
1.2.1.05.01,INSPECCIÓN DE SEGURIDAD E HIGIENE -EJERCICIO-,109671577.7,2026-07-15 00:00:00,Libre Disponibilidad,Municipales
1.2.1.01.02,TASA SERVICIOS GENERALES MUNICIPALES -ANTERIORES-,34357410.1,2026-07-15 00:00:00,Libre Disponibilidad,Municipales
1.2.6.01.02,MULTAS POR CONTRAVENCIONES EJERCICIOS ANTERIORES,26851109.44,2026-07-15 00:00:00,Libre Disponibilidad,Municipales
1.2.1.14,TASA POR SERVICIOS VARIOS EJERCICIO,20103971.27,2026-07-15 00:00:00,Libre Disponibilidad,Municipales
1.2.6.01.01,MULTAS POR CONTRAVENCIONES DEL EJERCICIO,12981588.03,2026-07-15 00:00:00,Libre Disponibilidad,Municipales
1.2.2.14.01,DERECHOS DE OFICINA DEL EJERCICIO,12553656,2026-07-15 00:00:00,Libre Disponibilidad,Municipales
1.2.6.02.02,INFRACCION A LAS OBLIGACIONES EJERCICIO ANTERIORES,7245757.2,2026-07-15 00:00:00,Libre Disponibilidad,Municipales
1.1.9.05.02,IMPUESTO AUTOMOTOR LEY 13.010 - ANTERIORES-,6963299.46,2026-07-15 00:00:00,Libre Disponibilidad,Municipales
1.2.1.05.02,INSPECCIÓN DE SEGURIDAD E HIGIENE -ANTERIORES-,6739610.48,2026-07-15 00:00:00,Libre Disponibilidad,Municipales
1.2.2.03.01,PUBLICIDAD Y PROPAGANDA -EJERCICIO-,5193078.85,2026-07-15 00:00:00,Libre Disponibilidad,Municipales
1.2.2.08.01,CEMENTERIO EJERCICIO,4887940,2026-07-15 00:00:00,Libre Disponibilidad,Municipales
1.2.2.11.01,DERECHOS DE CONSTRUCCION,4563854.91,2026-07-15 00:00:00,Libre Disponibilidad,Municipales
1.2.6.08.02,MULTAS POR CONTRAVENCIONES (EJERC.ANTERIORES,4173125,2026-07-15 00:00:00,Libre Disponibilidad,Municipales
1.2.6.02.01,INFRACCION A LAS OBLIGACIONES EJERCICIO,2972340.43,2026-07-15 00:00:00,Libre Disponibilidad,Municipales
1.2.2.14.04,ALTAS Y/O BAJAS IMPOSIT.DE AUTOMOTORES,963140,2026-07-15 00:00:00,Libre Disponibilidad,Municipales
1.1.9.08.01,PATENTE DE MOTOVEHICULOS DEL EJERCICIO,810407.27,2026-07-15 00:00:00,Libre Disponibilidad,Municipales
1.2.2.08.02,CEMENTERIO EJERCICIOS ANTERIORES,710781,2026-07-15 00:00:00,Libre Disponibilidad,Municipales
1.2.2.14.02,DERECHOS DE OFICINA EJERCICIOS ANTERIORES,389056.91,2026-07-15 00:00:00,Libre Disponibilidad,Municipales
1.2.1.21,TASAS POR SERV.VARIOS EJERCICIO ANTERIOR,388256.76,2026-07-15 00:00:00,Libre Disponibilidad,Municipales
1.2.2.05.01,OCUPACION Y USO DE ESPACIOS PUBLICOS DEL EJERCICIO,259207.84,2026-07-15 00:00:00,Libre Disponibilidad,Municipales
1.2.2.14.05,ALTAS Y/O BAJAS IMPOSIT.DE MOTOVEHICULOS,218394,2026-07-15 00:00:00,Libre Disponibilidad,Municipales
1.2.2.03.02,PUBLICIDAD Y PROPAGANDA -ANTERIORES-,167057.81,2026-07-15 00:00:00,Libre Disponibilidad,Municipales
1.2.6.08.01,MULTAS POR CONTRAVENCIONES (EJERCICIO),113550,2026-07-15 00:00:00,Libre Disponibilidad,Municipales
2.1.2.01,CONTRIBUCIONES POR MEJORAS DEL EJERCICIO,54000,2026-07-15 00:00:00,Libre Disponibilidad,Municipales
1.2.2.05.02,OCUPACION Y USO DE ESPACIOS PUBLICOS DE EJERCICOS ANTERIORES,31160.78,2026-07-15 00:00:00,Libre Disponibilidad,Municipales
1.2.2.17.01,DERECHO POR OFICIO JUDICIAL DEL EJERCICIO,22060,2026-07-15 00:00:00,Libre Disponibilidad,Municipales
1.2.1.05.01,INSPECCIÓN DE SEGURIDAD E HIGIENE -EJERCICIO-,610975909,2026-07-17 00:00:00,Libre Disponibilidad,Municipales
1.2.1.01.01,TASA SERVICIOS GENERALES MUNICIPALES - EJERCICIO-,337037902.1,2026-07-17 00:00:00,Libre Disponibilidad,Municipales
1.1.9.05.01,IMPUESTO AUTOMOTOR LEY 13.010 -EJERCICIO-,88110790.16,2026-07-17 00:00:00,Libre Disponibilidad,Municipales
1.2.1.01.02,TASA SERVICIOS GENERALES MUNICIPALES -ANTERIORES-,25938488.73,2026-07-17 00:00:00,Libre Disponibilidad,Municipales
1.2.6.06,CONVENIO A.C.A.R.A.,25248157.8,2026-07-17 00:00:00,Libre Disponibilidad,Municipales
1.2.6.01.02,MULTAS POR CONTRAVENCIONES EJERCICIOS ANTERIORES,22290206.73,2026-07-17 00:00:00,Libre Disponibilidad,Municipales
1.2.1.05.02,INSPECCIÓN DE SEGURIDAD E HIGIENE -ANTERIORES-,9883166.55,2026-07-17 00:00:00,Libre Disponibilidad,Municipales
1.2.2.14.01,DERECHOS DE OFICINA DEL EJERCICIO,9875031.5,2026-07-17 00:00:00,Libre Disponibilidad,Municipales
1.2.6.08.02,MULTAS POR CONTRAVENCIONES (EJERC.ANTERIORES,6315150,2026-07-17 00:00:00,Libre Disponibilidad,Municipales
1.2.1.14,TASA POR SERVICIOS VARIOS EJERCICIO,5986509.34,2026-07-17 00:00:00,Libre Disponibilidad,Municipales
1.1.9.05.02,IMPUESTO AUTOMOTOR LEY 13.010 - ANTERIORES-,5533702.35,2026-07-17 00:00:00,Libre Disponibilidad,Municipales
1.2.2.03.01,PUBLICIDAD Y PROPAGANDA -EJERCICIO-,4480182.94,2026-07-17 00:00:00,Libre Disponibilidad,Municipales
1.2.6.01.01,MULTAS POR CONTRAVENCIONES DEL EJERCICIO,4457130.53,2026-07-17 00:00:00,Libre Disponibilidad,Municipales
1.2.6.02.02,INFRACCION A LAS OBLIGACIONES EJERCICIO ANTERIORES,3105776.95,2026-07-17 00:00:00,Libre Disponibilidad,Municipales
1.2.2.08.01,CEMENTERIO EJERCICIO,2582025,2026-07-17 00:00:00,Libre Disponibilidad,Municipales
1.2.6.02.01,INFRACCION A LAS OBLIGACIONES EJERCICIO,2188577.6,2026-07-17 00:00:00,Libre Disponibilidad,Municipales
1.2.1.21,TASAS POR SERV.VARIOS EJERCICIO ANTERIOR,1642253.97,2026-07-17 00:00:00,Libre Disponibilidad,Municipales
1.2.2.14.04,ALTAS Y/O BAJAS IMPOSIT.DE AUTOMOTORES,838280,2026-07-17 00:00:00,Libre Disponibilidad,Municipales
1.2.1.04,HABILITACIÓN DE COMERCIOS E INDUSTRIAS,664006,2026-07-17 00:00:00,Libre Disponibilidad,Municipales
1.1.9.08.01,PATENTE DE MOTOVEHICULOS DEL EJERCICIO,654473.47,2026-07-17 00:00:00,Libre Disponibilidad,Municipales
1.2.2.08.02,CEMENTERIO EJERCICIOS ANTERIORES,382719,2026-07-17 00:00:00,Libre Disponibilidad,Municipales
1.2.2.14.02,DERECHOS DE OFICINA EJERCICIOS ANTERIORES,367298.9,2026-07-17 00:00:00,Libre Disponibilidad,Municipales
1.2.2.05.01,OCUPACION Y USO DE ESPACIOS PUBLICOS DEL EJERCICIO,342347.04,2026-07-17 00:00:00,Libre Disponibilidad,Municipales
1.2.2.14.05,ALTAS Y/O BAJAS IMPOSIT.DE MOTOVEHICULOS,317664,2026-07-17 00:00:00,Libre Disponibilidad,Municipales
1.2.2.03.02,PUBLICIDAD Y PROPAGANDA -ANTERIORES-,256245.61,2026-07-17 00:00:00,Libre Disponibilidad,Municipales
1.2.6.08.01,MULTAS POR CONTRAVENCIONES (EJERCICIO),110750,2026-07-17 00:00:00,Libre Disponibilidad,Municipales
1.2.2.11.01,DERECHOS DE CONSTRUCCION,74930,2026-07-17 00:00:00,Libre Disponibilidad,Municipales
1.2.1.02,SERVICIOS ESPECIALES DE LIMPIEZA E HIGIENE,31500,2026-07-17 00:00:00,Libre Disponibilidad,Municipales
1.2.2.05.02,OCUPACION Y USO DE ESPACIOS PUBLICOS DE EJERCICOS ANTERIORES,26461.61,2026-07-17 00:00:00,Libre Disponibilidad,Municipales
1.2.1.01.01,TASA SERVICIOS GENERALES MUNICIPALES - EJERCICIO-,317540803.9,2026-07-20 00:00:00,Libre Disponibilidad,Municipales
1.2.1.05.01,INSPECCIÓN DE SEGURIDAD E HIGIENE -EJERCICIO-,304952906.6,2026-07-20 00:00:00,Libre Disponibilidad,Municipales
1.1.9.05.01,IMPUESTO AUTOMOTOR LEY 13.010 -EJERCICIO-,95197576.81,2026-07-20 00:00:00,Libre Disponibilidad,Municipales
1.2.2.11.01,DERECHOS DE CONSTRUCCION,75340818.01,2026-07-20 00:00:00,Libre Disponibilidad,Municipales
1.2.1.01.02,TASA SERVICIOS GENERALES MUNICIPALES -ANTERIORES-,45457708.53,2026-07-20 00:00:00,Libre Disponibilidad,Municipales
1.2.6.01.02,MULTAS POR CONTRAVENCIONES EJERCICIOS ANTERIORES,28456765.72,2026-07-20 00:00:00,Libre Disponibilidad,Municipales
1.2.2.14.01,DERECHOS DE OFICINA DEL EJERCICIO,16752474.97,2026-07-20 00:00:00,Libre Disponibilidad,Municipales
1.2.6.02.02,INFRACCION A LAS OBLIGACIONES EJERCICIO ANTERIORES,16061018.68,2026-07-20 00:00:00,Libre Disponibilidad,Municipales
1.2.1.05.02,INSPECCIÓN DE SEGURIDAD E HIGIENE -ANTERIORES-,10931211.63,2026-07-20 00:00:00,Libre Disponibilidad,Municipales
1.2.6.08.02,MULTAS POR CONTRAVENCIONES (EJERC.ANTERIORES,9998500,2026-07-20 00:00:00,Libre Disponibilidad,Municipales
1.2.2.03.01,PUBLICIDAD Y PROPAGANDA -EJERCICIO-,9682160.76,2026-07-20 00:00:00,Libre Disponibilidad,Municipales
1.2.2.08.01,CEMENTERIO EJERCICIO,7612905,2026-07-20 00:00:00,Libre Disponibilidad,Municipales
1.1.9.05.02,IMPUESTO AUTOMOTOR LEY 13.010 - ANTERIORES-,7250494.3,2026-07-20 00:00:00,Libre Disponibilidad,Municipales
1.2.6.01.01,MULTAS POR CONTRAVENCIONES DEL EJERCICIO,6090193,2026-07-20 00:00:00,Libre Disponibilidad,Municipales
1.2.6.02.01,INFRACCION A LAS OBLIGACIONES EJERCICIO,4079583.82,2026-07-20 00:00:00,Libre Disponibilidad,Municipales
1.2.1.14,TASA POR SERVICIOS VARIOS EJERCICIO,3181689.19,2026-07-20 00:00:00,Libre Disponibilidad,Municipales
1.2.2.08.02,CEMENTERIO EJERCICIOS ANTERIORES,1690528,2026-07-20 00:00:00,Libre Disponibilidad,Municipales
1.2.2.05.01,OCUPACION Y USO DE ESPACIOS PUBLICOS DEL EJERCICIO,992902.08,2026-07-20 00:00:00,Libre Disponibilidad,Municipales
1.1.9.08.01,PATENTE DE MOTOVEHICULOS DEL EJERCICIO,945994.42,2026-07-20 00:00:00,Libre Disponibilidad,Municipales
1.2.2.14.04,ALTAS Y/O BAJAS IMPOSIT.DE AUTOMOTORES,750040,2026-07-20 00:00:00,Libre Disponibilidad,Municipales
1.2.2.14.02,DERECHOS DE OFICINA EJERCICIOS ANTERIORES,534930.93,2026-07-20 00:00:00,Libre Disponibilidad,Municipales
1.2.2.14.05,ALTAS Y/O BAJAS IMPOSIT.DE MOTOVEHICULOS,277956,2026-07-20 00:00:00,Libre Disponibilidad,Municipales
1.2.1.21,TASAS POR SERV.VARIOS EJERCICIO ANTERIOR,211424.15,2026-07-20 00:00:00,Libre Disponibilidad,Municipales
1.2.6.08.01,MULTAS POR CONTRAVENCIONES (EJERCICIO),113550,2026-07-20 00:00:00,Libre Disponibilidad,Municipales
1.2.2.03.02,PUBLICIDAD Y PROPAGANDA -ANTERIORES-,76748.19,2026-07-20 00:00:00,Libre Disponibilidad,Municipales
1.2.2.05.02,OCUPACION Y USO DE ESPACIOS PUBLICOS DE EJERCICOS ANTERIORES,50731.8,2026-07-20 00:00:00,Libre Disponibilidad,Municipales
1.2.2.17.01,DERECHO POR OFICIO JUDICIAL DEL EJERCICIO,14339,2026-07-20 00:00:00,Libre Disponibilidad,Municipales
1.2.1.05.01,INSPECCIÓN DE SEGURIDAD E HIGIENE -EJERCICIO-,986322285.9,2026-07-21 00:00:00,Libre Disponibilidad,Municipales
1.2.1.01.01,TASA SERVICIOS GENERALES MUNICIPALES - EJERCICIO-,230190019.3,2026-07-21 00:00:00,Libre Disponibilidad,Municipales
1.2.6.01.02,MULTAS POR CONTRAVENCIONES EJERCICIOS ANTERIORES,32486520.9,2026-07-21 00:00:00,Libre Disponibilidad,Municipales
1.1.9.05.01,IMPUESTO AUTOMOTOR LEY 13.010 -EJERCICIO-,30811308.59,2026-07-21 00:00:00,Libre Disponibilidad,Municipales
1.2.1.01.02,TASA SERVICIOS GENERALES MUNICIPALES -ANTERIORES-,19942566.15,2026-07-21 00:00:00,Libre Disponibilidad,Municipales
1.2.1.05.02,INSPECCIÓN DE SEGURIDAD E HIGIENE -ANTERIORES-,18492375.86,2026-07-21 00:00:00,Libre Disponibilidad,Municipales
1.2.6.02.02,INFRACCION A LAS OBLIGACIONES EJERCICIO ANTERIORES,13436283.26,2026-07-21 00:00:00,Libre Disponibilidad,Municipales
1.2.2.14.01,DERECHOS DE OFICINA DEL EJERCICIO,10055668,2026-07-21 00:00:00,Libre Disponibilidad,Municipales
1.2.1.14,TASA POR SERVICIOS VARIOS EJERCICIO,8526775.18,2026-07-21 00:00:00,Libre Disponibilidad,Municipales
1.1.9.05.02,IMPUESTO AUTOMOTOR LEY 13.010 - ANTERIORES-,6407317.46,2026-07-21 00:00:00,Libre Disponibilidad,Municipales
1.2.2.03.01,PUBLICIDAD Y PROPAGANDA -EJERCICIO-,6203594.6,2026-07-21 00:00:00,Libre Disponibilidad,Municipales
1.2.6.08.02,MULTAS POR CONTRAVENCIONES (EJERC.ANTERIORES,5315925,2026-07-21 00:00:00,Libre Disponibilidad,Municipales
1.2.6.01.01,MULTAS POR CONTRAVENCIONES DEL EJERCICIO,4679278.77,2026-07-21 00:00:00,Libre Disponibilidad,Municipales
1.2.2.08.01,CEMENTERIO EJERCICIO,4455444,2026-07-21 00:00:00,Libre Disponibilidad,Municipales
1.2.6.02.01,INFRACCION A LAS OBLIGACIONES EJERCICIO,4195299.07,2026-07-21 00:00:00,Libre Disponibilidad,Municipales
1.2.2.08.02,CEMENTERIO EJERCICIOS ANTERIORES,864467,2026-07-21 00:00:00,Libre Disponibilidad,Municipales
1.1.9.08.01,PATENTE DE MOTOVEHICULOS DEL EJERCICIO,827125.78,2026-07-21 00:00:00,Libre Disponibilidad,Municipales
1.2.2.14.04,ALTAS Y/O BAJAS IMPOSIT.DE AUTOMOTORES,783980,2026-07-21 00:00:00,Libre Disponibilidad,Municipales
1.2.1.21,TASAS POR SERV.VARIOS EJERCICIO ANTERIOR,722778.42,2026-07-21 00:00:00,Libre Disponibilidad,Municipales
1.6.2.01.02,INTERESES POR COLOCACIONES FINANCIERAS,491488.15,2026-07-21 00:00:00,Libre Disponibilidad,Municipales
1.2.2.14.02,DERECHOS DE OFICINA EJERCICIOS ANTERIORES,330290.41,2026-07-21 00:00:00,Libre Disponibilidad,Municipales
1.2.2.14.05,ALTAS Y/O BAJAS IMPOSIT.DE MOTOVEHICULOS,221166,2026-07-21 00:00:00,Libre Disponibilidad,Municipales
1.2.2.05.01,OCUPACION Y USO DE ESPACIOS PUBLICOS DEL EJERCICIO,152062.96,2026-07-21 00:00:00,Libre Disponibilidad,Municipales
1.2.2.05.02,OCUPACION Y USO DE ESPACIOS PUBLICOS DE EJERCICOS ANTERIORES,116459.51,2026-07-21 00:00:00,Libre Disponibilidad,Municipales
1.2.6.08.01,MULTAS POR CONTRAVENCIONES (EJERCICIO),113550,2026-07-21 00:00:00,Libre Disponibilidad,Municipales
1.2.2.03.02,PUBLICIDAD Y PROPAGANDA -ANTERIORES-,98136.09,2026-07-21 00:00:00,Libre Disponibilidad,Municipales
1.2.1.02,SERVICIOS ESPECIALES DE LIMPIEZA E HIGIENE,31500,2026-07-21 00:00:00,Libre Disponibilidad,Municipales
1.2.1.05.01,INSPECCIÓN DE SEGURIDAD E HIGIENE -EJERCICIO-,904384812,2026-07-22 00:00:00,Libre Disponibilidad,Municipales
1.2.1.01.01,TASA SERVICIOS GENERALES MUNICIPALES - EJERCICIO-,127959528,2026-07-22 00:00:00,Libre Disponibilidad,Municipales
1.2.6.01.02,MULTAS POR CONTRAVENCIONES EJERCICIOS ANTERIORES,29363821,2026-07-22 00:00:00,Libre Disponibilidad,Municipales
1.2.1.01.02,TASA SERVICIOS GENERALES MUNICIPALES -ANTERIORES-,23807880.9,2026-07-22 00:00:00,Libre Disponibilidad,Municipales
1.1.9.05.01,IMPUESTO AUTOMOTOR LEY 13.010 -EJERCICIO-,20537531.8,2026-07-22 00:00:00,Libre Disponibilidad,Municipales
1.2.2.14.01,DERECHOS DE OFICINA DEL EJERCICIO,13127525,2026-07-22 00:00:00,Libre Disponibilidad,Municipales
1.2.1.14,TASA POR SERVICIOS VARIOS EJERCICIO,8517022.66,2026-07-22 00:00:00,Libre Disponibilidad,Municipales
1.2.2.03.01,PUBLICIDAD Y PROPAGANDA -EJERCICIO-,7725746.7,2026-07-22 00:00:00,Libre Disponibilidad,Municipales
1.2.6.01.01,MULTAS POR CONTRAVENCIONES DEL EJERCICIO,7293450.08,2026-07-22 00:00:00,Libre Disponibilidad,Municipales
1.1.9.05.02,IMPUESTO AUTOMOTOR LEY 13.010 - ANTERIORES-,5488012.61,2026-07-22 00:00:00,Libre Disponibilidad,Municipales
1.2.1.05.02,INSPECCIÓN DE SEGURIDAD E HIGIENE -ANTERIORES-,3600394.17,2026-07-22 00:00:00,Libre Disponibilidad,Municipales
1.2.2.08.01,CEMENTERIO EJERCICIO,3076551,2026-07-22 00:00:00,Libre Disponibilidad,Municipales
1.2.6.02.02,INFRACCION A LAS OBLIGACIONES EJERCICIO ANTERIORES,2953244.78,2026-07-22 00:00:00,Libre Disponibilidad,Municipales
1.2.6.02.01,INFRACCION A LAS OBLIGACIONES EJERCICIO,2560451.27,2026-07-22 00:00:00,Libre Disponibilidad,Municipales
1.2.2.11.01,DERECHOS DE CONSTRUCCION,2548938.2,2026-07-22 00:00:00,Libre Disponibilidad,Municipales
1.2.6.08.02,MULTAS POR CONTRAVENCIONES (EJERC.ANTERIORES,1249050,2026-07-22 00:00:00,Libre Disponibilidad,Municipales
1.2.2.14.04,ALTAS Y/O BAJAS IMPOSIT.DE AUTOMOTORES,760900,2026-07-22 00:00:00,Libre Disponibilidad,Municipales
1.2.1.21,TASAS POR SERV.VARIOS EJERCICIO ANTERIOR,755654.03,2026-07-22 00:00:00,Libre Disponibilidad,Municipales
1.2.2.08.02,CEMENTERIO EJERCICIOS ANTERIORES,711218,2026-07-22 00:00:00,Libre Disponibilidad,Municipales
1.1.9.08.01,PATENTE DE MOTOVEHICULOS DEL EJERCICIO,600309.38,2026-07-22 00:00:00,Libre Disponibilidad,Municipales
1.2.2.14.02,DERECHOS DE OFICINA EJERCICIOS ANTERIORES,253758.88,2026-07-22 00:00:00,Libre Disponibilidad,Municipales
1.2.2.03.02,PUBLICIDAD Y PROPAGANDA -ANTERIORES-,176788.03,2026-07-22 00:00:00,Libre Disponibilidad,Municipales
1.2.2.14.05,ALTAS Y/O BAJAS IMPOSIT.DE MOTOVEHICULOS,161208,2026-07-22 00:00:00,Libre Disponibilidad,Municipales
1.2.6.08.01,MULTAS POR CONTRAVENCIONES (EJERCICIO),113550,2026-07-22 00:00:00,Libre Disponibilidad,Municipales
1.2.2.05.01,OCUPACION Y USO DE ESPACIOS PUBLICOS DEL EJERCICIO,100768.16,2026-07-22 00:00:00,Libre Disponibilidad,Municipales
1.2.2.05.02,OCUPACION Y USO DE ESPACIOS PUBLICOS DE EJERCICOS ANTERIORES,4717.96,2026-07-22 00:00:00,Libre Disponibilidad,Municipales
1.2.1.05.01,INSPECCIÓN DE SEGURIDAD E HIGIENE -EJERCICIO-,2082137732,2026-07-23 00:00:00,Libre Disponibilidad,Municipales
1.2.1.01.01,TASA SERVICIOS GENERALES MUNICIPALES - EJERCICIO-,111430015,2026-07-23 00:00:00,Libre Disponibilidad,Municipales
1.2.2.05.01,OCUPACION Y USO DE ESPACIOS PUBLICOS DEL EJERCICIO,76017767,2026-07-23 00:00:00,Libre Disponibilidad,Municipales
1.6.2.01.02,INTERESES POR COLOCACIONES FINANCIERAS,42424132.5,2026-07-23 00:00:00,Libre Disponibilidad,Municipales
1.2.6.01.02,MULTAS POR CONTRAVENCIONES EJERCICIOS ANTERIORES,26577386.6,2026-07-23 00:00:00,Libre Disponibilidad,Municipales
1.2.1.14,TASA POR SERVICIOS VARIOS EJERCICIO,20971259.9,2026-07-23 00:00:00,Libre Disponibilidad,Municipales
1.2.1.01.02,TASA SERVICIOS GENERALES MUNICIPALES -ANTERIORES-,19437978.3,2026-07-23 00:00:00,Libre Disponibilidad,Municipales
1.2.2.14.01,DERECHOS DE OFICINA DEL EJERCICIO,17865533,2026-07-23 00:00:00,Libre Disponibilidad,Municipales
1.2.2.03.01,PUBLICIDAD Y PROPAGANDA -EJERCICIO-,12205468.9,2026-07-23 00:00:00,Libre Disponibilidad,Municipales
1.1.9.05.01,IMPUESTO AUTOMOTOR LEY 13.010 -EJERCICIO-,11668651.5,2026-07-23 00:00:00,Libre Disponibilidad,Municipales
1.2.6.08.02,MULTAS POR CONTRAVENCIONES (EJERC.ANTERIORES,8909475,2026-07-23 00:00:00,Libre Disponibilidad,Municipales
1.2.1.05.02,INSPECCIÓN DE SEGURIDAD E HIGIENE -ANTERIORES-,7926486.33,2026-07-23 00:00:00,Libre Disponibilidad,Municipales
1.2.6.02.02,INFRACCION A LAS OBLIGACIONES EJERCICIO ANTERIORES,5457822.42,2026-07-23 00:00:00,Libre Disponibilidad,Municipales
1.2.6.01.01,MULTAS POR CONTRAVENCIONES DEL EJERCICIO,5082146.25,2026-07-23 00:00:00,Libre Disponibilidad,Municipales
1.2.2.08.01,CEMENTERIO EJERCICIO,3809098,2026-07-23 00:00:00,Libre Disponibilidad,Municipales
1.1.9.05.02,IMPUESTO AUTOMOTOR LEY 13.010 - ANTERIORES-,3782252.13,2026-07-23 00:00:00,Libre Disponibilidad,Municipales
1.2.6.02.01,INFRACCION A LAS OBLIGACIONES EJERCICIO,3130076.11,2026-07-23 00:00:00,Libre Disponibilidad,Municipales
1.2.1.21,TASAS POR SERV.VARIOS EJERCICIO ANTERIOR,2249588.84,2026-07-23 00:00:00,Libre Disponibilidad,Municipales
1.2.2.14.04,ALTAS Y/O BAJAS IMPOSIT.DE AUTOMOTORES,872220,2026-07-23 00:00:00,Libre Disponibilidad,Municipales
1.1.9.08.01,PATENTE DE MOTOVEHICULOS DEL EJERCICIO,775765.46,2026-07-23 00:00:00,Libre Disponibilidad,Municipales
1.2.2.11.01,DERECHOS DE CONSTRUCCION,659545.08,2026-07-23 00:00:00,Libre Disponibilidad,Municipales
1.2.2.14.05,ALTAS Y/O BAJAS IMPOSIT.DE MOTOVEHICULOS,402228,2026-07-23 00:00:00,Libre Disponibilidad,Municipales
1.2.2.08.02,CEMENTERIO EJERCICIOS ANTERIORES,400350.02,2026-07-23 00:00:00,Libre Disponibilidad,Municipales
1.2.2.14.02,DERECHOS DE OFICINA EJERCICIOS ANTERIORES,311300.74,2026-07-23 00:00:00,Libre Disponibilidad,Municipales
1.2.1.04,HABILITACIÓN DE COMERCIOS E INDUSTRIAS,151875,2026-07-23 00:00:00,Libre Disponibilidad,Municipales
1.2.2.03.02,PUBLICIDAD Y PROPAGANDA -ANTERIORES-,131352.75,2026-07-23 00:00:00,Libre Disponibilidad,Municipales
1.2.2.05.02,OCUPACION Y USO DE ESPACIOS PUBLICOS DE EJERCICOS ANTERIORES,9523.5,2026-07-23 00:00:00,Libre Disponibilidad,Municipales
1.2.1.05.01,INSPECCIÓN DE SEGURIDAD E HIGIENE -EJERCICIO-,1045068067,2026-07-24 00:00:00,Libre Disponibilidad,Municipales
1.2.1.01.01,TASA SERVICIOS GENERALES MUNICIPALES - EJERCICIO-,79739512.11,2026-07-24 00:00:00,Libre Disponibilidad,Municipales
1.2.6.01.02,MULTAS POR CONTRAVENCIONES EJERCICIOS ANTERIORES,31847803.52,2026-07-24 00:00:00,Libre Disponibilidad,Municipales
1.2.1.14,TASA POR SERVICIOS VARIOS EJERCICIO,26345729,2026-07-24 00:00:00,Libre Disponibilidad,Municipales
1.2.1.01.02,TASA SERVICIOS GENERALES MUNICIPALES -ANTERIORES-,23385854.26,2026-07-24 00:00:00,Libre Disponibilidad,Municipales
1.2.2.03.01,PUBLICIDAD Y PROPAGANDA -EJERCICIO-,14676408.2,2026-07-24 00:00:00,Libre Disponibilidad,Municipales
1.2.2.14.01,DERECHOS DE OFICINA DEL EJERCICIO,13283816,2026-07-24 00:00:00,Libre Disponibilidad,Municipales
1.2.6.01.01,MULTAS POR CONTRAVENCIONES DEL EJERCICIO,9114800,2026-07-24 00:00:00,Libre Disponibilidad,Municipales
1.1.9.05.01,IMPUESTO AUTOMOTOR LEY 13.010 -EJERCICIO-,8915127.33,2026-07-24 00:00:00,Libre Disponibilidad,Municipales
1.1.9.05.02,IMPUESTO AUTOMOTOR LEY 13.010 - ANTERIORES-,5028967.01,2026-07-24 00:00:00,Libre Disponibilidad,Municipales
1.2.6.02.02,INFRACCION A LAS OBLIGACIONES EJERCICIO ANTERIORES,4193452.5,2026-07-24 00:00:00,Libre Disponibilidad,Municipales
1.2.6.02.01,INFRACCION A LAS OBLIGACIONES EJERCICIO,3554041.14,2026-07-24 00:00:00,Libre Disponibilidad,Municipales
1.2.6.08.02,MULTAS POR CONTRAVENCIONES (EJERC.ANTERIORES,3284550,2026-07-24 00:00:00,Libre Disponibilidad,Municipales
1.2.1.05.02,INSPECCIÓN DE SEGURIDAD E HIGIENE -ANTERIORES-,2686285.32,2026-07-24 00:00:00,Libre Disponibilidad,Municipales
1.2.1.21,TASAS POR SERV.VARIOS EJERCICIO ANTERIOR,2438982.41,2026-07-24 00:00:00,Libre Disponibilidad,Municipales
1.2.2.08.01,CEMENTERIO EJERCICIO,1752534,2026-07-24 00:00:00,Libre Disponibilidad,Municipales
1.2.2.11.01,DERECHOS DE CONSTRUCCION,1628010.1,2026-07-24 00:00:00,Libre Disponibilidad,Municipales
1.2.2.03.02,PUBLICIDAD Y PROPAGANDA -ANTERIORES-,1032722.57,2026-07-24 00:00:00,Libre Disponibilidad,Municipales
1.2.2.14.04,ALTAS Y/O BAJAS IMPOSIT.DE AUTOMOTORES,807800,2026-07-24 00:00:00,Libre Disponibilidad,Municipales
1.1.9.08.01,PATENTE DE MOTOVEHICULOS DEL EJERCICIO,599919.22,2026-07-24 00:00:00,Libre Disponibilidad,Municipales
1.2.2.08.02,CEMENTERIO EJERCICIOS ANTERIORES,528349,2026-07-24 00:00:00,Libre Disponibilidad,Municipales
1.2.2.14.05,ALTAS Y/O BAJAS IMPOSIT.DE MOTOVEHICULOS,484416,2026-07-24 00:00:00,Libre Disponibilidad,Municipales
1.2.2.14.02,DERECHOS DE OFICINA EJERCICIOS ANTERIORES,211728.6,2026-07-24 00:00:00,Libre Disponibilidad,Municipales
1.2.2.05.01,OCUPACION Y USO DE ESPACIOS PUBLICOS DEL EJERCICIO,199231.68,2026-07-24 00:00:00,Libre Disponibilidad,Municipales
1.2.2.17.01,DERECHO POR OFICIO JUDICIAL DEL EJERCICIO,22060,2026-07-24 00:00:00,Libre Disponibilidad,Municipales
1.2.2.05.02,OCUPACION Y USO DE ESPACIOS PUBLICOS DE EJERCICOS ANTERIORES,7120.46,2026-07-24 00:00:00,Libre Disponibilidad,Municipales
1.2.1.05.01,INSPECCIÓN DE SEGURIDAD E HIGIENE -EJERCICIO-,1170005730,2026-07-27 00:00:00,Libre Disponibilidad,Municipales
1.2.1.01.01,TASA SERVICIOS GENERALES MUNICIPALES - EJERCICIO-,141723197.5,2026-07-27 00:00:00,Libre Disponibilidad,Municipales
1.2.1.14,TASA POR SERVICIOS VARIOS EJERCICIO,64236904.84,2026-07-27 00:00:00,Libre Disponibilidad,Municipales
1.2.1.01.02,TASA SERVICIOS GENERALES MUNICIPALES -ANTERIORES-,52956340.2,2026-07-27 00:00:00,Libre Disponibilidad,Municipales
1.2.6.01.02,MULTAS POR CONTRAVENCIONES EJERCICIOS ANTERIORES,41490761.45,2026-07-27 00:00:00,Libre Disponibilidad,Municipales
1.6.2.01.02,INTERESES POR COLOCACIONES FINANCIERAS,39432990.66,2026-07-27 00:00:00,Libre Disponibilidad,Municipales
1.2.2.14.01,DERECHOS DE OFICINA DEL EJERCICIO,32921058.5,2026-07-27 00:00:00,Libre Disponibilidad,Municipales
1.2.6.08.02,MULTAS POR CONTRAVENCIONES (EJERC.ANTERIORES,21507300,2026-07-27 00:00:00,Libre Disponibilidad,Municipales
1.1.9.05.01,IMPUESTO AUTOMOTOR LEY 13.010 -EJERCICIO-,19272841.24,2026-07-27 00:00:00,Libre Disponibilidad,Municipales
1.2.1.05.02,INSPECCIÓN DE SEGURIDAD E HIGIENE -ANTERIORES-,18335480.42,2026-07-27 00:00:00,Libre Disponibilidad,Municipales
1.2.6.02.02,INFRACCION A LAS OBLIGACIONES EJERCICIO ANTERIORES,14542512.12,2026-07-27 00:00:00,Libre Disponibilidad,Municipales
1.2.6.01.01,MULTAS POR CONTRAVENCIONES DEL EJERCICIO,12754837.53,2026-07-27 00:00:00,Libre Disponibilidad,Municipales
1.2.2.03.01,PUBLICIDAD Y PROPAGANDA -EJERCICIO-,11974478.14,2026-07-27 00:00:00,Libre Disponibilidad,Municipales
1.2.2.08.01,CEMENTERIO EJERCICIO,9283841,2026-07-27 00:00:00,Libre Disponibilidad,Municipales
1.1.9.05.02,IMPUESTO AUTOMOTOR LEY 13.010 - ANTERIORES-,8465006.89,2026-07-27 00:00:00,Libre Disponibilidad,Municipales
1.2.6.02.01,INFRACCION A LAS OBLIGACIONES EJERCICIO,6860883.42,2026-07-27 00:00:00,Libre Disponibilidad,Municipales
1.2.1.21,TASAS POR SERV.VARIOS EJERCICIO ANTERIOR,6854556.27,2026-07-27 00:00:00,Libre Disponibilidad,Municipales
1.2.2.11.01,DERECHOS DE CONSTRUCCION,4320689.42,2026-07-27 00:00:00,Libre Disponibilidad,Municipales
1.2.1.24,RECUPERO ART,2623545.23,2026-07-27 00:00:00,Libre Disponibilidad,Municipales
1.2.2.08.02,CEMENTERIO EJERCICIOS ANTERIORES,1412803,2026-07-27 00:00:00,Libre Disponibilidad,Municipales
1.2.2.14.04,ALTAS Y/O BAJAS IMPOSIT.DE AUTOMOTORES,1224319.93,2026-07-27 00:00:00,Libre Disponibilidad,Municipales
1.2.1.04,HABILITACIÓN DE COMERCIOS E INDUSTRIAS,744290,2026-07-27 00:00:00,Libre Disponibilidad,Municipales
1.1.9.08.01,PATENTE DE MOTOVEHICULOS DEL EJERCICIO,666132.92,2026-07-27 00:00:00,Libre Disponibilidad,Municipales
1.2.2.14.02,DERECHOS DE OFICINA EJERCICIOS ANTERIORES,463572.13,2026-07-27 00:00:00,Libre Disponibilidad,Municipales
1.2.2.14.05,ALTAS Y/O BAJAS IMPOSIT.DE MOTOVEHICULOS,321624,2026-07-27 00:00:00,Libre Disponibilidad,Municipales
1.2.2.03.02,PUBLICIDAD Y PROPAGANDA -ANTERIORES-,313713.92,2026-07-27 00:00:00,Libre Disponibilidad,Municipales
1.2.2.05.01,OCUPACION Y USO DE ESPACIOS PUBLICOS DEL EJERCICIO,305273.36,2026-07-27 00:00:00,Libre Disponibilidad,Municipales
1.2.6.08.01,MULTAS POR CONTRAVENCIONES (EJERCICIO),227100,2026-07-27 00:00:00,Libre Disponibilidad,Municipales
1.2.2.05.02,OCUPACION Y USO DE ESPACIOS PUBLICOS DE EJERCICOS ANTERIORES,63806.67,2026-07-27 00:00:00,Libre Disponibilidad,Municipales
1.2.2.17.01,DERECHO POR OFICIO JUDICIAL DEL EJERCICIO,22060,2026-07-27 00:00:00,Libre Disponibilidad,Municipales
1.2.1.01.03,TASA DE ALUMBRADO GENERALES FACTURADO POR EDESUR,1065227523,2026-07-28 00:00:00,Libre Disponibilidad,Municipales
1.6.2.01.02,INTERESES POR COLOCACIONES FINANCIERAS,109945061,2026-07-28 00:00:00,Libre Disponibilidad,Municipales
1.2.1.05.01,INSPECCIÓN DE SEGURIDAD E HIGIENE -EJERCICIO-,108553532.5,2026-07-28 00:00:00,Libre Disponibilidad,Municipales
1.2.1.01.01,TASA SERVICIOS GENERALES MUNICIPALES - EJERCICIO-,66547819.55,2026-07-28 00:00:00,Libre Disponibilidad,Municipales
1.2.6.01.02,MULTAS POR CONTRAVENCIONES EJERCICIOS ANTERIORES,32349056.56,2026-07-28 00:00:00,Libre Disponibilidad,Municipales
1.2.1.01.02,TASA SERVICIOS GENERALES MUNICIPALES -ANTERIORES-,30973783.33,2026-07-28 00:00:00,Libre Disponibilidad,Municipales
1.2.2.14.01,DERECHOS DE OFICINA DEL EJERCICIO,19294763.05,2026-07-28 00:00:00,Libre Disponibilidad,Municipales
1.2.1.05.02,INSPECCIÓN DE SEGURIDAD E HIGIENE -ANTERIORES-,17488107.33,2026-07-28 00:00:00,Libre Disponibilidad,Municipales
1.2.6.01.01,MULTAS POR CONTRAVENCIONES DEL EJERCICIO,12925033.5,2026-07-28 00:00:00,Libre Disponibilidad,Municipales
1.2.6.02.02,INFRACCION A LAS OBLIGACIONES EJERCICIO ANTERIORES,12225513.78,2026-07-28 00:00:00,Libre Disponibilidad,Municipales
1.2.2.03.01,PUBLICIDAD Y PROPAGANDA -EJERCICIO-,9093416.86,2026-07-28 00:00:00,Libre Disponibilidad,Municipales
1.1.9.05.01,IMPUESTO AUTOMOTOR LEY 13.010 -EJERCICIO-,7878543.84,2026-07-28 00:00:00,Libre Disponibilidad,Municipales
1.2.6.08.02,MULTAS POR CONTRAVENCIONES (EJERC.ANTERIORES,7618425,2026-07-28 00:00:00,Libre Disponibilidad,Municipales
1.1.9.05.02,IMPUESTO AUTOMOTOR LEY 13.010 - ANTERIORES-,5629376.17,2026-07-28 00:00:00,Libre Disponibilidad,Municipales
1.2.2.03.02,PUBLICIDAD Y PROPAGANDA -ANTERIORES-,4283153.42,2026-07-28 00:00:00,Libre Disponibilidad,Municipales
1.2.6.02.01,INFRACCION A LAS OBLIGACIONES EJERCICIO,4075204.08,2026-07-28 00:00:00,Libre Disponibilidad,Municipales
1.2.1.14,TASA POR SERVICIOS VARIOS EJERCICIO,3759231.46,2026-07-28 00:00:00,Libre Disponibilidad,Municipales
1.2.2.11.01,DERECHOS DE CONSTRUCCION,3645523.34,2026-07-28 00:00:00,Libre Disponibilidad,Municipales
1.2.2.08.01,CEMENTERIO EJERCICIO,2175581,2026-07-28 00:00:00,Libre Disponibilidad,Municipales
1.1.9.08.01,PATENTE DE MOTOVEHICULOS DEL EJERCICIO,1374440.69,2026-07-28 00:00:00,Libre Disponibilidad,Municipales
1.2.2.14.04,ALTAS Y/O BAJAS IMPOSIT.DE AUTOMOTORES,986299.92,2026-07-28 00:00:00,Libre Disponibilidad,Municipales
1.2.1.21,TASAS POR SERV.VARIOS EJERCICIO ANTERIOR,723258.72,2026-07-28 00:00:00,Libre Disponibilidad,Municipales
1.2.2.14.02,DERECHOS DE OFICINA EJERCICIOS ANTERIORES,556875.54,2026-07-28 00:00:00,Libre Disponibilidad,Municipales
1.2.2.05.01,OCUPACION Y USO DE ESPACIOS PUBLICOS DEL EJERCICIO,509216.2,2026-07-28 00:00:00,Libre Disponibilidad,Municipales
1.2.2.08.02,CEMENTERIO EJERCICIOS ANTERIORES,504988,2026-07-28 00:00:00,Libre Disponibilidad,Municipales
1.2.2.14.05,ALTAS Y/O BAJAS IMPOSIT.DE MOTOVEHICULOS,364104,2026-07-28 00:00:00,Libre Disponibilidad,Municipales
1.2.1.04,HABILITACIÓN DE COMERCIOS E INDUSTRIAS,347267,2026-07-28 00:00:00,Libre Disponibilidad,Municipales
1.2.6.08.01,MULTAS POR CONTRAVENCIONES (EJERCICIO),113550,2026-07-28 00:00:00,Libre Disponibilidad,Municipales
1.2.2.05.02,OCUPACION Y USO DE ESPACIOS PUBLICOS DE EJERCICOS ANTERIORES,108890.23,2026-07-28 00:00:00,Libre Disponibilidad,Municipales
1.2.2.17.01,DERECHO POR OFICIO JUDICIAL DEL EJERCICIO,22500,2026-07-28 00:00:00,Libre Disponibilidad,Municipales
1.2.1.01.01,TASA SERVICIOS GENERALES MUNICIPALES - EJERCICIO-,41792300.06,2026-07-29 00:00:00,Libre Disponibilidad,Municipales
1.2.1.01.02,TASA SERVICIOS GENERALES MUNICIPALES -ANTERIORES-,35041882.84,2026-07-29 00:00:00,Libre Disponibilidad,Municipales
1.2.6.01.02,MULTAS POR CONTRAVENCIONES EJERCICIOS ANTERIORES,28784649.59,2026-07-29 00:00:00,Libre Disponibilidad,Municipales
1.2.1.05.01,INSPECCIÓN DE SEGURIDAD E HIGIENE -EJERCICIO-,24082224.94,2026-07-29 00:00:00,Libre Disponibilidad,Municipales
1.2.2.14.01,DERECHOS DE OFICINA DEL EJERCICIO,14321719,2026-07-29 00:00:00,Libre Disponibilidad,Municipales
1.2.2.03.01,PUBLICIDAD Y PROPAGANDA -EJERCICIO-,13949893.09,2026-07-29 00:00:00,Libre Disponibilidad,Municipales
1.2.6.02.02,INFRACCION A LAS OBLIGACIONES EJERCICIO ANTERIORES,10184768.47,2026-07-29 00:00:00,Libre Disponibilidad,Municipales
1.2.6.01.01,MULTAS POR CONTRAVENCIONES DEL EJERCICIO,9612264,2026-07-29 00:00:00,Libre Disponibilidad,Municipales
1.2.1.05.02,INSPECCIÓN DE SEGURIDAD E HIGIENE -ANTERIORES-,7590601.14,2026-07-29 00:00:00,Libre Disponibilidad,Municipales
1.1.9.05.01,IMPUESTO AUTOMOTOR LEY 13.010 -EJERCICIO-,7125710.59,2026-07-29 00:00:00,Libre Disponibilidad,Municipales
1.6.2.01.02,INTERESES POR COLOCACIONES FINANCIERAS,6346933.3,2026-07-29 00:00:00,Libre Disponibilidad,Municipales
1.1.9.05.02,IMPUESTO AUTOMOTOR LEY 13.010 - ANTERIORES-,5682524.01,2026-07-29 00:00:00,Libre Disponibilidad,Municipales
1.2.6.08.02,MULTAS POR CONTRAVENCIONES (EJERC.ANTERIORES,4799275,2026-07-29 00:00:00,Libre Disponibilidad,Municipales
1.2.2.08.01,CEMENTERIO EJERCICIO,4428209,2026-07-29 00:00:00,Libre Disponibilidad,Municipales
1.2.6.02.01,INFRACCION A LAS OBLIGACIONES EJERCICIO,2763354.01,2026-07-29 00:00:00,Libre Disponibilidad,Municipales
1.2.1.14,TASA POR SERVICIOS VARIOS EJERCICIO,958717.36,2026-07-29 00:00:00,Libre Disponibilidad,Municipales
1.2.2.14.04,ALTAS Y/O BAJAS IMPOSIT.DE AUTOMOTORES,832759.99,2026-07-29 00:00:00,Libre Disponibilidad,Municipales
1.2.2.08.02,CEMENTERIO EJERCICIOS ANTERIORES,600011,2026-07-29 00:00:00,Libre Disponibilidad,Municipales
1.2.2.05.01,OCUPACION Y USO DE ESPACIOS PUBLICOS DEL EJERCICIO,458894.32,2026-07-29 00:00:00,Libre Disponibilidad,Municipales
1.2.2.14.02,DERECHOS DE OFICINA EJERCICIOS ANTERIORES,423937.17,2026-07-29 00:00:00,Libre Disponibilidad,Municipales
1.1.9.08.01,PATENTE DE MOTOVEHICULOS DEL EJERCICIO,203372.23,2026-07-29 00:00:00,Libre Disponibilidad,Municipales
1.2.1.04,HABILITACIÓN DE COMERCIOS E INDUSTRIAS,148905,2026-07-29 00:00:00,Libre Disponibilidad,Municipales
1.2.2.14.05,ALTAS Y/O BAJAS IMPOSIT.DE MOTOVEHICULOS,142588,2026-07-29 00:00:00,Libre Disponibilidad,Municipales
1.2.2.03.02,PUBLICIDAD Y PROPAGANDA -ANTERIORES-,128252.88,2026-07-29 00:00:00,Libre Disponibilidad,Municipales
1.2.6.08.01,MULTAS POR CONTRAVENCIONES (EJERCICIO),113550,2026-07-29 00:00:00,Libre Disponibilidad,Municipales
1.2.2.05.02,OCUPACION Y USO DE ESPACIOS PUBLICOS DE EJERCICOS ANTERIORES,85310.82,2026-07-29 00:00:00,Libre Disponibilidad,Municipales
1.2.1.21,TASAS POR SERV.VARIOS EJERCICIO ANTERIOR,76718.24,2026-07-29 00:00:00,Libre Disponibilidad,Municipales
1.2.2.11.01,DERECHOS DE CONSTRUCCION,55900,2026-07-29 00:00:00,Libre Disponibilidad,Municipales
1.2.2.17.01,DERECHO POR OFICIO JUDICIAL DEL EJERCICIO,22500,2026-07-29 00:00:00,Libre Disponibilidad,Municipales
1.6.2.01.02,INTERESES POR COLOCACIONES FINANCIERAS,42508520.99,2026-07-30 00:00:00,Libre Disponibilidad,Municipales
1.2.1.01.02,TASA SERVICIOS GENERALES MUNICIPALES -ANTERIORES-,35626160.03,2026-07-30 00:00:00,Libre Disponibilidad,Municipales
1.2.6.01.02,MULTAS POR CONTRAVENCIONES EJERCICIOS ANTERIORES,34947969.7,2026-07-30 00:00:00,Libre Disponibilidad,Municipales
1.2.1.01.01,TASA SERVICIOS GENERALES MUNICIPALES - EJERCICIO-,33854895.21,2026-07-30 00:00:00,Libre Disponibilidad,Municipales
1.2.1.05.01,INSPECCIÓN DE SEGURIDAD E HIGIENE -EJERCICIO-,19784137.86,2026-07-30 00:00:00,Libre Disponibilidad,Municipales
1.2.2.14.01,DERECHOS DE OFICINA DEL EJERCICIO,15040871,2026-07-30 00:00:00,Libre Disponibilidad,Municipales
1.2.1.04,HABILITACIÓN DE COMERCIOS E INDUSTRIAS,13236000,2026-07-30 00:00:00,Libre Disponibilidad,Municipales
1.2.6.02.02,INFRACCION A LAS OBLIGACIONES EJERCICIO ANTERIORES,9599902.72,2026-07-30 00:00:00,Libre Disponibilidad,Municipales
1.2.1.05.02,INSPECCIÓN DE SEGURIDAD E HIGIENE -ANTERIORES-,9478066.49,2026-07-30 00:00:00,Libre Disponibilidad,Municipales
1.2.6.01.01,MULTAS POR CONTRAVENCIONES DEL EJERCICIO,6627226.78,2026-07-30 00:00:00,Libre Disponibilidad,Municipales
1.1.9.05.01,IMPUESTO AUTOMOTOR LEY 13.010 -EJERCICIO-,6174348.31,2026-07-30 00:00:00,Libre Disponibilidad,Municipales
1.1.9.05.02,IMPUESTO AUTOMOTOR LEY 13.010 - ANTERIORES-,5317729.89,2026-07-30 00:00:00,Libre Disponibilidad,Municipales
1.2.2.08.01,CEMENTERIO EJERCICIO,3712975,2026-07-30 00:00:00,Libre Disponibilidad,Municipales
1.2.2.11.01,DERECHOS DE CONSTRUCCION,3368604.36,2026-07-30 00:00:00,Libre Disponibilidad,Municipales
1.2.6.02.01,INFRACCION A LAS OBLIGACIONES EJERCICIO,3030937.92,2026-07-30 00:00:00,Libre Disponibilidad,Municipales
1.2.6.08.02,MULTAS POR CONTRAVENCIONES (EJERC.ANTERIORES,2481300,2026-07-30 00:00:00,Libre Disponibilidad,Municipales
1.2.2.03.01,PUBLICIDAD Y PROPAGANDA -EJERCICIO-,1377368.64,2026-07-30 00:00:00,Libre Disponibilidad,Municipales
1.2.2.14.04,ALTAS Y/O BAJAS IMPOSIT.DE AUTOMOTORES,899560,2026-07-30 00:00:00,Libre Disponibilidad,Municipales
1.2.2.08.02,CEMENTERIO EJERCICIOS ANTERIORES,823937,2026-07-30 00:00:00,Libre Disponibilidad,Municipales
1.2.1.14,TASA POR SERVICIOS VARIOS EJERCICIO,601688.76,2026-07-30 00:00:00,Libre Disponibilidad,Municipales
1.1.9.08.01,PATENTE DE MOTOVEHICULOS DEL EJERCICIO,379170.51,2026-07-30 00:00:00,Libre Disponibilidad,Municipales
1.2.2.14.02,DERECHOS DE OFICINA EJERCICIOS ANTERIORES,373850.9,2026-07-30 00:00:00,Libre Disponibilidad,Municipales
1.2.1.21,TASAS POR SERV.VARIOS EJERCICIO ANTERIOR,189734.9,2026-07-30 00:00:00,Libre Disponibilidad,Municipales
1.2.2.14.05,ALTAS Y/O BAJAS IMPOSIT.DE MOTOVEHICULOS,182250,2026-07-30 00:00:00,Libre Disponibilidad,Municipales
1.2.2.05.01,OCUPACION Y USO DE ESPACIOS PUBLICOS DEL EJERCICIO,139043,2026-07-30 00:00:00,Libre Disponibilidad,Municipales
1.2.2.03.02,PUBLICIDAD Y PROPAGANDA -ANTERIORES-,84750.79,2026-07-30 00:00:00,Libre Disponibilidad,Municipales
1.2.2.05.02,OCUPACION Y USO DE ESPACIOS PUBLICOS DE EJERCICOS ANTERIORES,10187.87,2026-07-30 00:00:00,Libre Disponibilidad,Municipales
1.2.1.01.01,TASA SERVICIOS GENERALES MUNICIPALES - EJERCICIO-,70633720.78,2026-07-31 00:00:00,Libre Disponibilidad,Municipales
1.2.1.01.02,TASA SERVICIOS GENERALES MUNICIPALES -ANTERIORES-,49159233.61,2026-07-31 00:00:00,Libre Disponibilidad,Municipales
1.2.6.01.02,MULTAS POR CONTRAVENCIONES EJERCICIOS ANTERIORES,28258843.94,2026-07-31 00:00:00,Libre Disponibilidad,Municipales
1.2.1.05.01,INSPECCIÓN DE SEGURIDAD E HIGIENE -EJERCICIO-,25828496.33,2026-07-31 00:00:00,Libre Disponibilidad,Municipales
1.2.1.24,RECUPERO ART,19283078.77,2026-07-31 00:00:00,Libre Disponibilidad,Municipales
1.2.2.14.01,DERECHOS DE OFICINA DEL EJERCICIO,14586782,2026-07-31 00:00:00,Libre Disponibilidad,Municipales
1.2.6.01.01,MULTAS POR CONTRAVENCIONES DEL EJERCICIO,10050400.06,2026-07-31 00:00:00,Libre Disponibilidad,Municipales
1.1.9.05.01,IMPUESTO AUTOMOTOR LEY 13.010 -EJERCICIO-,7777148.92,2026-07-31 00:00:00,Libre Disponibilidad,Municipales
1.1.9.05.02,IMPUESTO AUTOMOTOR LEY 13.010 - ANTERIORES-,7073017.22,2026-07-31 00:00:00,Libre Disponibilidad,Municipales
1.2.1.05.02,INSPECCIÓN DE SEGURIDAD E HIGIENE -ANTERIORES-,6283117.68,2026-07-31 00:00:00,Libre Disponibilidad,Municipales
1.2.6.08.02,MULTAS POR CONTRAVENCIONES (EJERC.ANTERIORES,6233425,2026-07-31 00:00:00,Libre Disponibilidad,Municipales
1.2.6.02.02,INFRACCION A LAS OBLIGACIONES EJERCICIO ANTERIORES,5415601.36,2026-07-31 00:00:00,Libre Disponibilidad,Municipales
1.2.2.08.01,CEMENTERIO EJERCICIO,4424955,2026-07-31 00:00:00,Libre Disponibilidad,Municipales
1.2.2.03.01,PUBLICIDAD Y PROPAGANDA -EJERCICIO-,3881182.79,2026-07-31 00:00:00,Libre Disponibilidad,Municipales
1.2.6.02.01,INFRACCION A LAS OBLIGACIONES EJERCICIO,3364296.73,2026-07-31 00:00:00,Libre Disponibilidad,Municipales
1.2.2.11.01,DERECHOS DE CONSTRUCCION,1355380.88,2026-07-31 00:00:00,Libre Disponibilidad,Municipales
1.2.1.14,TASA POR SERVICIOS VARIOS EJERCICIO,1156897.28,2026-07-31 00:00:00,Libre Disponibilidad,Municipales
1.2.1.22,INGRESOS VARIOS,1132997.65,2026-07-31 00:00:00,Libre Disponibilidad,Municipales
1.1.9.08.01,PATENTE DE MOTOVEHICULOS DEL EJERCICIO,768882.58,2026-07-31 00:00:00,Libre Disponibilidad,Municipales
1.2.2.14.04,ALTAS Y/O BAJAS IMPOSIT.DE AUTOMOTORES,741620,2026-07-31 00:00:00,Libre Disponibilidad,Municipales
1.2.2.08.02,CEMENTERIO EJERCICIOS ANTERIORES,697659,2026-07-31 00:00:00,Libre Disponibilidad,Municipales
1.2.2.14.02,DERECHOS DE OFICINA EJERCICIOS ANTERIORES,566604.07,2026-07-31 00:00:00,Libre Disponibilidad,Municipales
1.2.2.05.01,OCUPACION Y USO DE ESPACIOS PUBLICOS DEL EJERCICIO,496217.03,2026-07-31 00:00:00,Libre Disponibilidad,Municipales
1.2.2.14.05,ALTAS Y/O BAJAS IMPOSIT.DE MOTOVEHICULOS,407286,2026-07-31 00:00:00,Libre Disponibilidad,Municipales
1.2.2.03.02,PUBLICIDAD Y PROPAGANDA -ANTERIORES-,241906.89,2026-07-31 00:00:00,Libre Disponibilidad,Municipales
1.2.1.04,HABILITACIÓN DE COMERCIOS E INDUSTRIAS,151875,2026-07-31 00:00:00,Libre Disponibilidad,Municipales
1.2.1.21,TASAS POR SERV.VARIOS EJERCICIO ANTERIOR,118539.74,2026-07-31 00:00:00,Libre Disponibilidad,Municipales
1.2.2.05.02,OCUPACION Y USO DE ESPACIOS PUBLICOS DE EJERCICOS ANTERIORES,67150.59,2026-07-31 00:00:00,Libre Disponibilidad,Municipales
1.2.1.02,SERVICIOS ESPECIALES DE LIMPIEZA E HIGIENE,31500,2026-07-31 00:00:00,Libre Disponibilidad,Municipales
1.2.1.01.01,TASA SERVICIOS GENERALES MUNICIPALES - EJERCICIO-,70633720.78,2026-08-03 00:00:00,Libre Disponibilidad,Municipales
1.2.1.01.02,TASA SERVICIOS GENERALES MUNICIPALES -ANTERIORES-,49159233.61,2026-08-03 00:00:00,Libre Disponibilidad,Municipales
1.2.6.01.02,MULTAS POR CONTRAVENCIONES EJERCICIOS ANTERIORES,28258843.94,2026-08-03 00:00:00,Libre Disponibilidad,Municipales
1.2.1.05.01,INSPECCIÓN DE SEGURIDAD E HIGIENE -EJERCICIO-,25828496.33,2026-08-03 00:00:00,Libre Disponibilidad,Municipales
1.2.1.24,RECUPERO ART,19283078.77,2026-08-03 00:00:00,Libre Disponibilidad,Municipales
1.2.2.14.01,DERECHOS DE OFICINA DEL EJERCICIO,14586782,2026-08-03 00:00:00,Libre Disponibilidad,Municipales
1.2.6.01.01,MULTAS POR CONTRAVENCIONES DEL EJERCICIO,10050400.06,2026-08-03 00:00:00,Libre Disponibilidad,Municipales
1.1.9.05.01,IMPUESTO AUTOMOTOR LEY 13.010 -EJERCICIO-,7777148.92,2026-08-03 00:00:00,Libre Disponibilidad,Municipales
1.1.9.05.02,IMPUESTO AUTOMOTOR LEY 13.010 - ANTERIORES-,7073017.22,2026-08-03 00:00:00,Libre Disponibilidad,Municipales
1.2.1.05.02,INSPECCIÓN DE SEGURIDAD E HIGIENE -ANTERIORES-,6283117.68,2026-08-03 00:00:00,Libre Disponibilidad,Municipales
1.2.6.08.02,MULTAS POR CONTRAVENCIONES (EJERC.ANTERIORES,6233425,2026-08-03 00:00:00,Libre Disponibilidad,Municipales
1.2.6.02.02,INFRACCION A LAS OBLIGACIONES EJERCICIO ANTERIORES,5415601.36,2026-08-03 00:00:00,Libre Disponibilidad,Municipales
1.2.2.08.01,CEMENTERIO EJERCICIO,4424955,2026-08-03 00:00:00,Libre Disponibilidad,Municipales
1.2.2.03.01,PUBLICIDAD Y PROPAGANDA -EJERCICIO-,3881182.79,2026-08-03 00:00:00,Libre Disponibilidad,Municipales
1.2.6.02.01,INFRACCION A LAS OBLIGACIONES EJERCICIO,3364296.73,2026-08-03 00:00:00,Libre Disponibilidad,Municipales
1.2.2.11.01,DERECHOS DE CONSTRUCCION,1355380.88,2026-08-03 00:00:00,Libre Disponibilidad,Municipales
1.2.1.14,TASA POR SERVICIOS VARIOS EJERCICIO,1156897.28,2026-08-03 00:00:00,Libre Disponibilidad,Municipales
1.2.1.22,INGRESOS VARIOS,1132997.65,2026-08-03 00:00:00,Libre Disponibilidad,Municipales
1.1.9.08.01,PATENTE DE MOTOVEHICULOS DEL EJERCICIO,768882.58,2026-08-03 00:00:00,Libre Disponibilidad,Municipales
1.2.2.14.04,ALTAS Y/O BAJAS IMPOSIT.DE AUTOMOTORES,741620,2026-08-03 00:00:00,Libre Disponibilidad,Municipales
1.2.2.08.02,CEMENTERIO EJERCICIOS ANTERIORES,697659,2026-08-03 00:00:00,Libre Disponibilidad,Municipales
1.2.2.14.02,DERECHOS DE OFICINA EJERCICIOS ANTERIORES,566604.07,2026-08-03 00:00:00,Libre Disponibilidad,Municipales
1.2.2.05.01,OCUPACION Y USO DE ESPACIOS PUBLICOS DEL EJERCICIO,496217.03,2026-08-03 00:00:00,Libre Disponibilidad,Municipales
1.2.2.14.05,ALTAS Y/O BAJAS IMPOSIT.DE MOTOVEHICULOS,407286,2026-08-03 00:00:00,Libre Disponibilidad,Municipales
1.2.2.03.02,PUBLICIDAD Y PROPAGANDA -ANTERIORES-,241906.89,2026-08-03 00:00:00,Libre Disponibilidad,Municipales
1.2.1.04,HABILITACIÓN DE COMERCIOS E INDUSTRIAS,151875,2026-08-03 00:00:00,Libre Disponibilidad,Municipales
1.2.1.21,TASAS POR SERV.VARIOS EJERCICIO ANTERIOR,118539.74,2026-08-03 00:00:00,Libre Disponibilidad,Municipales
1.2.2.05.02,OCUPACION Y USO DE ESPACIOS PUBLICOS DE EJERCICOS ANTERIORES,67150.59,2026-08-03 00:00:00,Libre Disponibilidad,Municipales
1.2.1.02,SERVICIOS ESPECIALES DE LIMPIEZA E HIGIENE,31500,2026-08-03 00:00:00,Libre Disponibilidad,Municipales
1.2.1.01.01,TASA SERVICIOS GENERALES MUNICIPALES - EJERCICIO-,131956483,2026-08-04 00:00:00,Libre Disponibilidad,Municipales
1.2.6.01.02,MULTAS POR CONTRAVENCIONES EJERCICIOS ANTERIORES,36702215.42,2026-08-04 00:00:00,Libre Disponibilidad,Municipales
1.2.1.01.02,TASA SERVICIOS GENERALES MUNICIPALES -ANTERIORES-,21151631.18,2026-08-04 00:00:00,Libre Disponibilidad,Municipales
1.2.1.05.01,INSPECCIÓN DE SEGURIDAD E HIGIENE -EJERCICIO-,19926594,2026-08-04 00:00:00,Libre Disponibilidad,Municipales
1.2.6.01.01,MULTAS POR CONTRAVENCIONES DEL EJERCICIO,11600662.52,2026-08-04 00:00:00,Libre Disponibilidad,Municipales
1.2.1.05.02,INSPECCIÓN DE SEGURIDAD E HIGIENE -ANTERIORES-,10199540.52,2026-08-04 00:00:00,Libre Disponibilidad,Municipales
1.2.6.02.02,INFRACCION A LAS OBLIGACIONES EJERCICIO ANTERIORES,9203301.3,2026-08-04 00:00:00,Libre Disponibilidad,Municipales
1.2.2.14.01,DERECHOS DE OFICINA DEL EJERCICIO,8039289,2026-08-04 00:00:00,Libre Disponibilidad,Municipales
1.1.9.05.01,IMPUESTO AUTOMOTOR LEY 13.010 -EJERCICIO-,6483075.85,2026-08-04 00:00:00,Libre Disponibilidad,Municipales
1.1.9.05.02,IMPUESTO AUTOMOTOR LEY 13.010 - ANTERIORES-,5395044.55,2026-08-04 00:00:00,Libre Disponibilidad,Municipales
1.2.6.08.02,MULTAS POR CONTRAVENCIONES (EJERC.ANTERIORES,4361875,2026-08-04 00:00:00,Libre Disponibilidad,Municipales
1.2.6.02.01,INFRACCION A LAS OBLIGACIONES EJERCICIO,2683657.52,2026-08-04 00:00:00,Libre Disponibilidad,Municipales
1.2.1.14,TASA POR SERVICIOS VARIOS EJERCICIO,1958579,2026-08-04 00:00:00,Libre Disponibilidad,Municipales
1.2.2.08.01,CEMENTERIO EJERCICIO,1587798,2026-08-04 00:00:00,Libre Disponibilidad,Municipales
1.2.2.03.01,PUBLICIDAD Y PROPAGANDA -EJERCICIO-,1132148.94,2026-08-04 00:00:00,Libre Disponibilidad,Municipales
1.1.9.08.01,PATENTE DE MOTOVEHICULOS DEL EJERCICIO,898870.73,2026-08-04 00:00:00,Libre Disponibilidad,Municipales
1.2.2.14.04,ALTAS Y/O BAJAS IMPOSIT.DE AUTOMOTORES,748100.02,2026-08-04 00:00:00,Libre Disponibilidad,Municipales
1.2.1.04,HABILITACIÓN DE COMERCIOS E INDUSTRIAS,582392,2026-08-04 00:00:00,Libre Disponibilidad,Municipales
1.2.2.03.02,PUBLICIDAD Y PROPAGANDA -ANTERIORES-,469010.52,2026-08-04 00:00:00,Libre Disponibilidad,Municipales
1.2.2.14.05,ALTAS Y/O BAJAS IMPOSIT.DE MOTOVEHICULOS,328752,2026-08-04 00:00:00,Libre Disponibilidad,Municipales
1.2.2.14.02,DERECHOS DE OFICINA EJERCICIOS ANTERIORES,286388.82,2026-08-04 00:00:00,Libre Disponibilidad,Municipales
1.2.2.08.02,CEMENTERIO EJERCICIOS ANTERIORES,205513,2026-08-04 00:00:00,Libre Disponibilidad,Municipales
1.2.2.05.01,OCUPACION Y USO DE ESPACIOS PUBLICOS DEL EJERCICIO,162959.52,2026-08-04 00:00:00,Libre Disponibilidad,Municipales
1.2.1.21,TASAS POR SERV.VARIOS EJERCICIO ANTERIOR,52434.91,2026-08-04 00:00:00,Libre Disponibilidad,Municipales
1.2.2.05.02,OCUPACION Y USO DE ESPACIOS PUBLICOS DE EJERCICOS ANTERIORES,32354.92,2026-08-04 00:00:00,Libre Disponibilidad,Municipales
1.2.2.11.01,DERECHOS DE CONSTRUCCION,16620,2026-08-04 00:00:00,Libre Disponibilidad,Municipales
1.2.1.01.01,TASA SERVICIOS GENERALES MUNICIPALES - EJERCICIO-,65328200.27,2026-08-05 00:00:00,Libre Disponibilidad,Municipales
1.2.1.01.02,TASA SERVICIOS GENERALES MUNICIPALES -ANTERIORES-,25185405.69,2026-08-05 00:00:00,Libre Disponibilidad,Municipales
1.2.6.01.02,MULTAS POR CONTRAVENCIONES EJERCICIOS ANTERIORES,23970823.71,2026-08-05 00:00:00,Libre Disponibilidad,Municipales
1.2.1.05.01,INSPECCIÓN DE SEGURIDAD E HIGIENE -EJERCICIO-,13068458.88,2026-08-05 00:00:00,Libre Disponibilidad,Municipales
1.2.2.14.01,DERECHOS DE OFICINA DEL EJERCICIO,11578770,2026-08-05 00:00:00,Libre Disponibilidad,Municipales
1.1.9.05.01,IMPUESTO AUTOMOTOR LEY 13.010 -EJERCICIO-,5574921.89,2026-08-05 00:00:00,Libre Disponibilidad,Municipales
1.2.1.05.02,INSPECCIÓN DE SEGURIDAD E HIGIENE -ANTERIORES-,5125297.51,2026-08-05 00:00:00,Libre Disponibilidad,Municipales
1.2.6.08.02,MULTAS POR CONTRAVENCIONES (EJERC.ANTERIORES,4688525,2026-08-05 00:00:00,Libre Disponibilidad,Municipales
1.2.6.01.01,MULTAS POR CONTRAVENCIONES DEL EJERCICIO,4612489.52,2026-08-05 00:00:00,Libre Disponibilidad,Municipales
1.2.6.02.02,INFRACCION A LAS OBLIGACIONES EJERCICIO ANTERIORES,4586077.31,2026-08-05 00:00:00,Libre Disponibilidad,Municipales
1.1.9.05.02,IMPUESTO AUTOMOTOR LEY 13.010 - ANTERIORES-,4097917.48,2026-08-05 00:00:00,Libre Disponibilidad,Municipales
1.2.2.08.01,CEMENTERIO EJERCICIO,2243464,2026-08-05 00:00:00,Libre Disponibilidad,Municipales
1.2.6.02.01,INFRACCION A LAS OBLIGACIONES EJERCICIO,1672399.39,2026-08-05 00:00:00,Libre Disponibilidad,Municipales
1.2.2.14.04,ALTAS Y/O BAJAS IMPOSIT.DE AUTOMOTORES,1209660,2026-08-05 00:00:00,Libre Disponibilidad,Municipales
1.2.2.11.01,DERECHOS DE CONSTRUCCION,999214.65,2026-08-05 00:00:00,Libre Disponibilidad,Municipales
1.1.9.08.01,PATENTE DE MOTOVEHICULOS DEL EJERCICIO,685879.59,2026-08-05 00:00:00,Libre Disponibilidad,Municipales
1.2.2.03.01,PUBLICIDAD Y PROPAGANDA -EJERCICIO-,629868.34,2026-08-05 00:00:00,Libre Disponibilidad,Municipales
1.2.1.14,TASA POR SERVICIOS VARIOS EJERCICIO,591180.67,2026-08-05 00:00:00,Libre Disponibilidad,Municipales
1.2.2.05.01,OCUPACION Y USO DE ESPACIOS PUBLICOS DEL EJERCICIO,231373.74,2026-08-05 00:00:00,Libre Disponibilidad,Municipales
1.2.2.08.02,CEMENTERIO EJERCICIOS ANTERIORES,229808,2026-08-05 00:00:00,Libre Disponibilidad,Municipales
1.2.2.14.05,ALTAS Y/O BAJAS IMPOSIT.DE MOTOVEHICULOS,225522,2026-08-05 00:00:00,Libre Disponibilidad,Municipales
1.2.2.14.02,DERECHOS DE OFICINA EJERCICIOS ANTERIORES,183636.17,2026-08-05 00:00:00,Libre Disponibilidad,Municipales
1.2.1.21,TASAS POR SERV.VARIOS EJERCICIO ANTERIOR,123894.7,2026-08-05 00:00:00,Libre Disponibilidad,Municipales
1.2.6.08.01,MULTAS POR CONTRAVENCIONES (EJERCICIO),113550,2026-08-05 00:00:00,Libre Disponibilidad,Municipales
1.2.2.05.02,OCUPACION Y USO DE ESPACIOS PUBLICOS DE EJERCICOS ANTERIORES,960.81,2026-08-05 00:00:00,Libre Disponibilidad,Municipales
1.2.2.03.02,PUBLICIDAD Y PROPAGANDA -ANTERIORES-,534.14,2026-08-05 00:00:00,Libre Disponibilidad,Municipales
1.2.1.01.01,TASA SERVICIOS GENERALES MUNICIPALES - EJERCICIO-,65328200.27,2026-08-06 00:00:00,Libre Disponibilidad,Municipales
1.2.1.01.02,TASA SERVICIOS GENERALES MUNICIPALES -ANTERIORES-,25185405.69,2026-08-06 00:00:00,Libre Disponibilidad,Municipales
1.2.6.01.02,MULTAS POR CONTRAVENCIONES EJERCICIOS ANTERIORES,23970823.71,2026-08-06 00:00:00,Libre Disponibilidad,Municipales
1.2.1.05.01,INSPECCIÓN DE SEGURIDAD E HIGIENE -EJERCICIO-,13068458.88,2026-08-06 00:00:00,Libre Disponibilidad,Municipales
1.2.2.14.01,DERECHOS DE OFICINA DEL EJERCICIO,11578770,2026-08-06 00:00:00,Libre Disponibilidad,Municipales
1.1.9.05.01,IMPUESTO AUTOMOTOR LEY 13.010 -EJERCICIO-,5574921.89,2026-08-06 00:00:00,Libre Disponibilidad,Municipales
1.2.1.05.02,INSPECCIÓN DE SEGURIDAD E HIGIENE -ANTERIORES-,5125297.51,2026-08-06 00:00:00,Libre Disponibilidad,Municipales
1.2.6.08.02,MULTAS POR CONTRAVENCIONES (EJERC.ANTERIORES,4688525,2026-08-06 00:00:00,Libre Disponibilidad,Municipales
1.2.6.01.01,MULTAS POR CONTRAVENCIONES DEL EJERCICIO,4612489.52,2026-08-06 00:00:00,Libre Disponibilidad,Municipales
1.2.6.02.02,INFRACCION A LAS OBLIGACIONES EJERCICIO ANTERIORES,4586077.31,2026-08-06 00:00:00,Libre Disponibilidad,Municipales
1.1.9.05.02,IMPUESTO AUTOMOTOR LEY 13.010 - ANTERIORES-,4097917.48,2026-08-06 00:00:00,Libre Disponibilidad,Municipales
1.2.2.08.01,CEMENTERIO EJERCICIO,2243464,2026-08-06 00:00:00,Libre Disponibilidad,Municipales
1.2.6.02.01,INFRACCION A LAS OBLIGACIONES EJERCICIO,1672399.39,2026-08-06 00:00:00,Libre Disponibilidad,Municipales
1.2.2.14.04,ALTAS Y/O BAJAS IMPOSIT.DE AUTOMOTORES,1209660,2026-08-06 00:00:00,Libre Disponibilidad,Municipales
1.2.2.11.01,DERECHOS DE CONSTRUCCION,999214.65,2026-08-06 00:00:00,Libre Disponibilidad,Municipales
1.1.9.08.01,PATENTE DE MOTOVEHICULOS DEL EJERCICIO,685879.59,2026-08-06 00:00:00,Libre Disponibilidad,Municipales
1.2.2.03.01,PUBLICIDAD Y PROPAGANDA -EJERCICIO-,629868.34,2026-08-06 00:00:00,Libre Disponibilidad,Municipales
1.2.1.14,TASA POR SERVICIOS VARIOS EJERCICIO,591180.67,2026-08-06 00:00:00,Libre Disponibilidad,Municipales
1.2.2.05.01,OCUPACION Y USO DE ESPACIOS PUBLICOS DEL EJERCICIO,231373.74,2026-08-06 00:00:00,Libre Disponibilidad,Municipales
1.2.2.08.02,CEMENTERIO EJERCICIOS ANTERIORES,229808,2026-08-06 00:00:00,Libre Disponibilidad,Municipales
1.2.2.14.05,ALTAS Y/O BAJAS IMPOSIT.DE MOTOVEHICULOS,225522,2026-08-06 00:00:00,Libre Disponibilidad,Municipales
1.2.2.14.02,DERECHOS DE OFICINA EJERCICIOS ANTERIORES,183636.17,2026-08-06 00:00:00,Libre Disponibilidad,Municipales
1.2.1.21,TASAS POR SERV.VARIOS EJERCICIO ANTERIOR,123894.7,2026-08-06 00:00:00,Libre Disponibilidad,Municipales
1.2.6.08.01,MULTAS POR CONTRAVENCIONES (EJERCICIO),113550,2026-08-06 00:00:00,Libre Disponibilidad,Municipales
1.2.2.05.02,OCUPACION Y USO DE ESPACIOS PUBLICOS DE EJERCICOS ANTERIORES,960.81,2026-08-06 00:00:00,Libre Disponibilidad,Municipales
1.2.2.03.02,PUBLICIDAD Y PROPAGANDA -ANTERIORES-,534.14,2026-08-06 00:00:00,Libre Disponibilidad,Municipales
1.2.1.01.01,TASA SERVICIOS GENERALES MUNICIPALES - EJERCICIO-,91005428.75,2026-08-07 00:00:00,Libre Disponibilidad,Municipales
1.2.2.11.01,DERECHOS DE CONSTRUCCION,77037094.62,2026-08-07 00:00:00,Libre Disponibilidad,Municipales
1.2.6.01.01,MULTAS POR CONTRAVENCIONES DEL EJERCICIO,41441565.5,2026-08-07 00:00:00,Libre Disponibilidad,Municipales
1.2.1.05.01,INSPECCIÓN DE SEGURIDAD E HIGIENE -EJERCICIO-,20459870.05,2026-08-07 00:00:00,Libre Disponibilidad,Municipales
1.2.1.01.02,TASA SERVICIOS GENERALES MUNICIPALES -ANTERIORES-,20380312.63,2026-08-07 00:00:00,Libre Disponibilidad,Municipales
1.2.6.01.02,MULTAS POR CONTRAVENCIONES EJERCICIOS ANTERIORES,18507827.85,2026-08-07 00:00:00,Libre Disponibilidad,Municipales
1.2.2.14.01,DERECHOS DE OFICINA DEL EJERCICIO,12008723,2026-08-07 00:00:00,Libre Disponibilidad,Municipales
1.2.6.02.02,INFRACCION A LAS OBLIGACIONES EJERCICIO ANTERIORES,9381517.01,2026-08-07 00:00:00,Libre Disponibilidad,Municipales
1.2.1.05.02,INSPECCIÓN DE SEGURIDAD E HIGIENE -ANTERIORES-,7226402.45,2026-08-07 00:00:00,Libre Disponibilidad,Municipales
1.1.9.05.01,IMPUESTO AUTOMOTOR LEY 13.010 -EJERCICIO-,4432884.26,2026-08-07 00:00:00,Libre Disponibilidad,Municipales
1.1.9.05.02,IMPUESTO AUTOMOTOR LEY 13.010 - ANTERIORES-,4312463.22,2026-08-07 00:00:00,Libre Disponibilidad,Municipales
1.2.1.17,"LEY 11018 BINGOS, CASINOS E HIPODROMOS",3999240,2026-08-07 00:00:00,Libre Disponibilidad,Municipales
1.2.6.02.01,INFRACCION A LAS OBLIGACIONES EJERCICIO,3186563.29,2026-08-07 00:00:00,Libre Disponibilidad,Municipales
1.2.6.08.02,MULTAS POR CONTRAVENCIONES (EJERC.ANTERIORES,2315175,2026-08-07 00:00:00,Libre Disponibilidad,Municipales
1.1.9.08.01,PATENTE DE MOTOVEHICULOS DEL EJERCICIO,1868488.29,2026-08-07 00:00:00,Libre Disponibilidad,Municipales
1.2.2.03.01,PUBLICIDAD Y PROPAGANDA -EJERCICIO-,732830.95,2026-08-07 00:00:00,Libre Disponibilidad,Municipales
1.2.2.14.04,ALTAS Y/O BAJAS IMPOSIT.DE AUTOMOTORES,549680,2026-08-07 00:00:00,Libre Disponibilidad,Municipales
1.2.2.08.01,CEMENTERIO EJERCICIO,511979,2026-08-07 00:00:00,Libre Disponibilidad,Municipales
1.2.1.04,HABILITACIÓN DE COMERCIOS E INDUSTRIAS,493210,2026-08-07 00:00:00,Libre Disponibilidad,Municipales
1.2.1.14,TASA POR SERVICIOS VARIOS EJERCICIO,476851.72,2026-08-07 00:00:00,Libre Disponibilidad,Municipales
1.2.2.14.05,ALTAS Y/O BAJAS IMPOSIT.DE MOTOVEHICULOS,369270,2026-08-07 00:00:00,Libre Disponibilidad,Municipales
1.2.2.14.02,DERECHOS DE OFICINA EJERCICIOS ANTERIORES,267324.71,2026-08-07 00:00:00,Libre Disponibilidad,Municipales
1.2.2.05.01,OCUPACION Y USO DE ESPACIOS PUBLICOS DEL EJERCICIO,163580.4,2026-08-07 00:00:00,Libre Disponibilidad,Municipales
1.2.1.21,TASAS POR SERV.VARIOS EJERCICIO ANTERIOR,154573.69,2026-08-07 00:00:00,Libre Disponibilidad,Municipales
1.2.2.05.02,OCUPACION Y USO DE ESPACIOS PUBLICOS DE EJERCICOS ANTERIORES,57913.41,2026-08-07 00:00:00,Libre Disponibilidad,Municipales
1.2.2.03.02,PUBLICIDAD Y PROPAGANDA -ANTERIORES-,52593.21,2026-08-07 00:00:00,Libre Disponibilidad,Municipales
1.2.2.08.02,CEMENTERIO EJERCICIOS ANTERIORES,48480,2026-08-07 00:00:00,Libre Disponibilidad,Municipales
1.6.2.01.02,INTERESES POR COLOCACIONES FINANCIERAS,165410450.2,2026-08-10 00:00:00,Libre Disponibilidad,Municipales
1.2.1.01.01,TASA SERVICIOS GENERALES MUNICIPALES - EJERCICIO-,119836041.8,2026-08-10 00:00:00,Libre Disponibilidad,Municipales
1.2.6.01.02,MULTAS POR CONTRAVENCIONES EJERCICIOS ANTERIORES,37933046.8,2026-08-10 00:00:00,Libre Disponibilidad,Municipales
1.2.1.05.01,INSPECCIÓN DE SEGURIDAD E HIGIENE -EJERCICIO-,33589232.29,2026-08-10 00:00:00,Libre Disponibilidad,Municipales
1.2.6.01.01,MULTAS POR CONTRAVENCIONES DEL EJERCICIO,24612165,2026-08-10 00:00:00,Libre Disponibilidad,Municipales
1.2.1.01.02,TASA SERVICIOS GENERALES MUNICIPALES -ANTERIORES-,24445927.42,2026-08-10 00:00:00,Libre Disponibilidad,Municipales
1.2.2.14.01,DERECHOS DE OFICINA DEL EJERCICIO,16315022,2026-08-10 00:00:00,Libre Disponibilidad,Municipales
1.1.9.05.01,IMPUESTO AUTOMOTOR LEY 13.010 -EJERCICIO-,7836164.46,2026-08-10 00:00:00,Libre Disponibilidad,Municipales
1.2.1.05.02,INSPECCIÓN DE SEGURIDAD E HIGIENE -ANTERIORES-,7578748.63,2026-08-10 00:00:00,Libre Disponibilidad,Municipales
1.2.6.08.02,MULTAS POR CONTRAVENCIONES (EJERC.ANTERIORES,7291775,2026-08-10 00:00:00,Libre Disponibilidad,Municipales
1.1.9.05.02,IMPUESTO AUTOMOTOR LEY 13.010 - ANTERIORES-,7228946.98,2026-08-10 00:00:00,Libre Disponibilidad,Municipales
1.2.6.02.02,INFRACCION A LAS OBLIGACIONES EJERCICIO ANTERIORES,5104668.29,2026-08-10 00:00:00,Libre Disponibilidad,Municipales
1.2.6.02.01,INFRACCION A LAS OBLIGACIONES EJERCICIO,4122794.16,2026-08-10 00:00:00,Libre Disponibilidad,Municipales
1.2.2.08.01,CEMENTERIO EJERCICIO,3859432,2026-08-10 00:00:00,Libre Disponibilidad,Municipales
1.2.1.14,TASA POR SERVICIOS VARIOS EJERCICIO,2085801.19,2026-08-10 00:00:00,Libre Disponibilidad,Municipales
1.1.9.08.01,PATENTE DE MOTOVEHICULOS DEL EJERCICIO,1841831.54,2026-08-10 00:00:00,Libre Disponibilidad,Municipales
1.2.2.11.01,DERECHOS DE CONSTRUCCION,1372174.73,2026-08-10 00:00:00,Libre Disponibilidad,Municipales
1.2.2.03.01,PUBLICIDAD Y PROPAGANDA -EJERCICIO-,990233.66,2026-08-10 00:00:00,Libre Disponibilidad,Municipales
1.2.2.08.02,CEMENTERIO EJERCICIOS ANTERIORES,904230,2026-08-10 00:00:00,Libre Disponibilidad,Municipales
1.2.2.14.04,ALTAS Y/O BAJAS IMPOSIT.DE AUTOMOTORES,882480,2026-08-10 00:00:00,Libre Disponibilidad,Municipales
1.2.2.05.01,OCUPACION Y USO DE ESPACIOS PUBLICOS DEL EJERCICIO,801217.04,2026-08-10 00:00:00,Libre Disponibilidad,Municipales
1.2.2.03.02,PUBLICIDAD Y PROPAGANDA -ANTERIORES-,317148.16,2026-08-10 00:00:00,Libre Disponibilidad,Municipales
1.2.2.14.02,DERECHOS DE OFICINA EJERCICIOS ANTERIORES,269135.53,2026-08-10 00:00:00,Libre Disponibilidad,Municipales
1.2.2.14.05,ALTAS Y/O BAJAS IMPOSIT.DE MOTOVEHICULOS,268002,2026-08-10 00:00:00,Libre Disponibilidad,Municipales
1.2.1.21,TASAS POR SERV.VARIOS EJERCICIO ANTERIOR,248329.75,2026-08-10 00:00:00,Libre Disponibilidad,Municipales
1.2.2.05.02,OCUPACION Y USO DE ESPACIOS PUBLICOS DE EJERCICOS ANTERIORES,40091.9,2026-08-10 00:00:00,Libre Disponibilidad,Municipales
1.2.2.17.01,DERECHO POR OFICIO JUDICIAL DEL EJERCICIO,22940,2026-08-10 00:00:00,Libre Disponibilidad,Municipales
1.2.1.02,SERVICIOS ESPECIALES DE LIMPIEZA E HIGIENE,16058,2026-08-10 00:00:00,Libre Disponibilidad,Municipales
1.2.1.01.01,TASA SERVICIOS GENERALES MUNICIPALES - EJERCICIO-,103788578.6,2026-08-11 00:00:00,Libre Disponibilidad,Municipales
1.2.1.05.01,INSPECCIÓN DE SEGURIDAD E HIGIENE -EJERCICIO-,17581288.83,2026-08-11 00:00:00,Libre Disponibilidad,Municipales
1.2.2.14.01,DERECHOS DE OFICINA DEL EJERCICIO,7649483,2026-08-11 00:00:00,Libre Disponibilidad,Municipales
1.2.1.01.02,TASA SERVICIOS GENERALES MUNICIPALES -ANTERIORES-,6783120.99,2026-08-11 00:00:00,Libre Disponibilidad,Municipales
1.2.6.08.02,MULTAS POR CONTRAVENCIONES (EJERC.ANTERIORES,5148325,2026-08-11 00:00:00,Libre Disponibilidad,Municipales
1.2.1.05.02,INSPECCIÓN DE SEGURIDAD E HIGIENE -ANTERIORES-,4076915.25,2026-08-11 00:00:00,Libre Disponibilidad,Municipales
1.2.6.01.02,MULTAS POR CONTRAVENCIONES EJERCICIOS ANTERIORES,3948531.42,2026-08-11 00:00:00,Libre Disponibilidad,Municipales
1.1.9.05.01,IMPUESTO AUTOMOTOR LEY 13.010 -EJERCICIO-,2861009.05,2026-08-11 00:00:00,Libre Disponibilidad,Municipales
1.2.6.01.01,MULTAS POR CONTRAVENCIONES DEL EJERCICIO,2384550.06,2026-08-11 00:00:00,Libre Disponibilidad,Municipales
1.2.6.02.02,INFRACCION A LAS OBLIGACIONES EJERCICIO ANTERIORES,2304111.87,2026-08-11 00:00:00,Libre Disponibilidad,Municipales
1.2.2.08.01,CEMENTERIO EJERCICIO,2259401,2026-08-11 00:00:00,Libre Disponibilidad,Municipales
1.1.9.05.02,IMPUESTO AUTOMOTOR LEY 13.010 - ANTERIORES-,1868812.79,2026-08-11 00:00:00,Libre Disponibilidad,Municipales
1.2.6.02.01,INFRACCION A LAS OBLIGACIONES EJERCICIO,1301600.95,2026-08-11 00:00:00,Libre Disponibilidad,Municipales
1.1.9.08.01,PATENTE DE MOTOVEHICULOS DEL EJERCICIO,1243025.61,2026-08-11 00:00:00,Libre Disponibilidad,Municipales
1.2.1.14,TASA POR SERVICIOS VARIOS EJERCICIO,1217335.74,2026-08-11 00:00:00,Libre Disponibilidad,Municipales
1.2.2.03.01,PUBLICIDAD Y PROPAGANDA -EJERCICIO-,801112.43,2026-08-11 00:00:00,Libre Disponibilidad,Municipales
1.2.2.08.02,CEMENTERIO EJERCICIOS ANTERIORES,410359,2026-08-11 00:00:00,Libre Disponibilidad,Municipales
1.2.2.11.01,DERECHOS DE CONSTRUCCION,196788.65,2026-08-11 00:00:00,Libre Disponibilidad,Municipales
1.2.2.14.04,ALTAS Y/O BAJAS IMPOSIT.DE AUTOMOTORES,181320,2026-08-11 00:00:00,Libre Disponibilidad,Municipales
1.2.2.03.02,PUBLICIDAD Y PROPAGANDA -ANTERIORES-,163666.57,2026-08-11 00:00:00,Libre Disponibilidad,Municipales
1.2.2.14.02,DERECHOS DE OFICINA EJERCICIOS ANTERIORES,142343.76,2026-08-11 00:00:00,Libre Disponibilidad,Municipales
1.2.1.21,TASAS POR SERV.VARIOS EJERCICIO ANTERIOR,133479.75,2026-08-11 00:00:00,Libre Disponibilidad,Municipales
1.2.6.08.01,MULTAS POR CONTRAVENCIONES (EJERCICIO),113550,2026-08-11 00:00:00,Libre Disponibilidad,Municipales
1.2.2.14.05,ALTAS Y/O BAJAS IMPOSIT.DE MOTOVEHICULOS,103230,2026-08-11 00:00:00,Libre Disponibilidad,Municipales
1.2.2.05.02,OCUPACION Y USO DE ESPACIOS PUBLICOS DE EJERCICOS ANTERIORES,73848.45,2026-08-11 00:00:00,Libre Disponibilidad,Municipales
1.2.2.05.01,OCUPACION Y USO DE ESPACIOS PUBLICOS DEL EJERCICIO,53992.44,2026-08-11 00:00:00,Libre Disponibilidad,Municipales
1.2.1.01.01,TASA SERVICIOS GENERALES MUNICIPALES - EJERCICIO-,197961971.5,2026-08-12 00:00:00,Libre Disponibilidad,Municipales
1.2.6.06,CONVENIO A.C.A.R.A.,162201860.3,2026-08-12 00:00:00,Libre Disponibilidad,Municipales
1.2.6.01.02,MULTAS POR CONTRAVENCIONES EJERCICIOS ANTERIORES,55132272.08,2026-08-12 00:00:00,Libre Disponibilidad,Municipales
1.2.1.05.01,INSPECCIÓN DE SEGURIDAD E HIGIENE -EJERCICIO-,36699649.08,2026-08-12 00:00:00,Libre Disponibilidad,Municipales
1.2.1.01.02,TASA SERVICIOS GENERALES MUNICIPALES -ANTERIORES-,20868015.27,2026-08-12 00:00:00,Libre Disponibilidad,Municipales
1.2.2.14.01,DERECHOS DE OFICINA DEL EJERCICIO,18941064,2026-08-12 00:00:00,Libre Disponibilidad,Municipales
1.2.1.05.02,INSPECCIÓN DE SEGURIDAD E HIGIENE -ANTERIORES-,18845004.14,2026-08-12 00:00:00,Libre Disponibilidad,Municipales
1.2.6.01.01,MULTAS POR CONTRAVENCIONES DEL EJERCICIO,14244431.77,2026-08-12 00:00:00,Libre Disponibilidad,Municipales
1.2.2.03.01,PUBLICIDAD Y PROPAGANDA -EJERCICIO-,10124044.9,2026-08-12 00:00:00,Libre Disponibilidad,Municipales
1.1.9.05.01,IMPUESTO AUTOMOTOR LEY 13.010 -EJERCICIO-,8860116.1,2026-08-12 00:00:00,Libre Disponibilidad,Municipales
1.2.6.02.02,INFRACCION A LAS OBLIGACIONES EJERCICIO ANTERIORES,8124971.99,2026-08-12 00:00:00,Libre Disponibilidad,Municipales
1.1.9.05.02,IMPUESTO AUTOMOTOR LEY 13.010 - ANTERIORES-,6060174.57,2026-08-12 00:00:00,Libre Disponibilidad,Municipales
1.2.2.11.01,DERECHOS DE CONSTRUCCION,3454001.42,2026-08-12 00:00:00,Libre Disponibilidad,Municipales
1.2.6.02.01,INFRACCION A LAS OBLIGACIONES EJERCICIO,3392500.29,2026-08-12 00:00:00,Libre Disponibilidad,Municipales
1.2.1.14,TASA POR SERVICIOS VARIOS EJERCICIO,2977347.21,2026-08-12 00:00:00,Libre Disponibilidad,Municipales
1.2.2.08.01,CEMENTERIO EJERCICIO,2822687,2026-08-12 00:00:00,Libre Disponibilidad,Municipales
1.2.6.08.02,MULTAS POR CONTRAVENCIONES (EJERC.ANTERIORES,2140650,2026-08-12 00:00:00,Libre Disponibilidad,Municipales
1.2.2.14.04,ALTAS Y/O BAJAS IMPOSIT.DE AUTOMOTORES,1489780,2026-08-12 00:00:00,Libre Disponibilidad,Municipales
1.1.9.08.01,PATENTE DE MOTOVEHICULOS DEL EJERCICIO,1155111.5,2026-08-12 00:00:00,Libre Disponibilidad,Municipales
1.2.2.08.02,CEMENTERIO EJERCICIOS ANTERIORES,437632,2026-08-12 00:00:00,Libre Disponibilidad,Municipales
1.2.2.14.05,ALTAS Y/O BAJAS IMPOSIT.DE MOTOVEHICULOS,309690,2026-08-12 00:00:00,Libre Disponibilidad,Municipales
1.2.2.14.02,DERECHOS DE OFICINA EJERCICIOS ANTERIORES,245088.5,2026-08-12 00:00:00,Libre Disponibilidad,Municipales
1.2.1.21,TASAS POR SERV.VARIOS EJERCICIO ANTERIOR,196641.05,2026-08-12 00:00:00,Libre Disponibilidad,Municipales
1.2.2.05.01,OCUPACION Y USO DE ESPACIOS PUBLICOS DEL EJERCICIO,194425.44,2026-08-12 00:00:00,Libre Disponibilidad,Municipales
1.2.1.04,HABILITACIÓN DE COMERCIOS E INDUSTRIAS,96750,2026-08-12 00:00:00,Libre Disponibilidad,Municipales
1.2.2.05.02,OCUPACION Y USO DE ESPACIOS PUBLICOS DE EJERCICOS ANTERIORES,63012.16,2026-08-12 00:00:00,Libre Disponibilidad,Municipales
1.2.2.17.01,DERECHO POR OFICIO JUDICIAL DEL EJERCICIO,45880,2026-08-12 00:00:00,Libre Disponibilidad,Municipales
1.2.2.03.02,PUBLICIDAD Y PROPAGANDA -ANTERIORES-,14852.97,2026-08-12 00:00:00,Libre Disponibilidad,Municipales
1.2.1.01.01,TASA SERVICIOS GENERALES MUNICIPALES - EJERCICIO-,278861504.9,2026-08-13 00:00:00,Libre Disponibilidad,Municipales
1.6.2.01.02,INTERESES POR COLOCACIONES FINANCIERAS,56579341.21,2026-08-13 00:00:00,Libre Disponibilidad,Municipales
1.2.1.05.01,INSPECCIÓN DE SEGURIDAD E HIGIENE -EJERCICIO-,43717225.9,2026-08-13 00:00:00,Libre Disponibilidad,Municipales
1.2.6.01.02,MULTAS POR CONTRAVENCIONES EJERCICIOS ANTERIORES,20793985.21,2026-08-13 00:00:00,Libre Disponibilidad,Municipales
1.2.2.14.01,DERECHOS DE OFICINA DEL EJERCICIO,19120612,2026-08-13 00:00:00,Libre Disponibilidad,Municipales
1.2.6.01.01,MULTAS POR CONTRAVENCIONES DEL EJERCICIO,13548590.5,2026-08-13 00:00:00,Libre Disponibilidad,Municipales
1.2.1.01.02,TASA SERVICIOS GENERALES MUNICIPALES -ANTERIORES-,10631350.47,2026-08-13 00:00:00,Libre Disponibilidad,Municipales
1.2.6.08.02,MULTAS POR CONTRAVENCIONES (EJERC.ANTERIORES,7485900,2026-08-13 00:00:00,Libre Disponibilidad,Municipales
1.2.2.11.01,DERECHOS DE CONSTRUCCION,6575270.79,2026-08-13 00:00:00,Libre Disponibilidad,Municipales
1.1.9.05.01,IMPUESTO AUTOMOTOR LEY 13.010 -EJERCICIO-,5212345.79,2026-08-13 00:00:00,Libre Disponibilidad,Municipales
1.2.1.05.02,INSPECCIÓN DE SEGURIDAD E HIGIENE -ANTERIORES-,4410860.33,2026-08-13 00:00:00,Libre Disponibilidad,Municipales
1.2.6.02.02,INFRACCION A LAS OBLIGACIONES EJERCICIO ANTERIORES,3909310.09,2026-08-13 00:00:00,Libre Disponibilidad,Municipales
1.1.9.05.02,IMPUESTO AUTOMOTOR LEY 13.010 - ANTERIORES-,2703047.28,2026-08-13 00:00:00,Libre Disponibilidad,Municipales
1.1.9.08.01,PATENTE DE MOTOVEHICULOS DEL EJERCICIO,2321490.37,2026-08-13 00:00:00,Libre Disponibilidad,Municipales
1.2.6.02.01,INFRACCION A LAS OBLIGACIONES EJERCICIO,2223519.2,2026-08-13 00:00:00,Libre Disponibilidad,Municipales
1.2.2.08.01,CEMENTERIO EJERCICIO,1743910,2026-08-13 00:00:00,Libre Disponibilidad,Municipales
1.2.2.03.01,PUBLICIDAD Y PROPAGANDA -EJERCICIO-,1057223.85,2026-08-13 00:00:00,Libre Disponibilidad,Municipales
1.2.1.04,HABILITACIÓN DE COMERCIOS E INDUSTRIAS,891219,2026-08-13 00:00:00,Libre Disponibilidad,Municipales
1.2.2.14.04,ALTAS Y/O BAJAS IMPOSIT.DE AUTOMOTORES,728540.09,2026-08-13 00:00:00,Libre Disponibilidad,Municipales
1.2.2.08.02,CEMENTERIO EJERCICIOS ANTERIORES,600653,2026-08-13 00:00:00,Libre Disponibilidad,Municipales
1.2.2.14.05,ALTAS Y/O BAJAS IMPOSIT.DE MOTOVEHICULOS,536796,2026-08-13 00:00:00,Libre Disponibilidad,Municipales
1.2.1.14,TASA POR SERVICIOS VARIOS EJERCICIO,463304.8,2026-08-13 00:00:00,Libre Disponibilidad,Municipales
1.2.2.14.02,DERECHOS DE OFICINA EJERCICIOS ANTERIORES,298971.42,2026-08-13 00:00:00,Libre Disponibilidad,Municipales
1.2.1.21,TASAS POR SERV.VARIOS EJERCICIO ANTERIOR,156352.29,2026-08-13 00:00:00,Libre Disponibilidad,Municipales
1.2.6.08.01,MULTAS POR CONTRAVENCIONES (EJERCICIO),113550,2026-08-13 00:00:00,Libre Disponibilidad,Municipales
1.2.2.05.01,OCUPACION Y USO DE ESPACIOS PUBLICOS DEL EJERCICIO,78284.08,2026-08-13 00:00:00,Libre Disponibilidad,Municipales
1.2.2.03.02,PUBLICIDAD Y PROPAGANDA -ANTERIORES-,24030.27,2026-08-13 00:00:00,Libre Disponibilidad,Municipales
1.2.1.02,SERVICIOS ESPECIALES DE LIMPIEZA E HIGIENE,16058,2026-08-13 00:00:00,Libre Disponibilidad,Municipales
1.2.2.05.02,OCUPACION Y USO DE ESPACIOS PUBLICOS DE EJERCICOS ANTERIORES,11550.24,2026-08-13 00:00:00,Libre Disponibilidad,Municipales
1.2.1.01.01,TASA SERVICIOS GENERALES MUNICIPALES - EJERCICIO-,354110035.8,2026-08-14 00:00:00,Libre Disponibilidad,Municipales
1.2.1.05.01,INSPECCIÓN DE SEGURIDAD E HIGIENE -EJERCICIO-,67330004.9,2026-08-14 00:00:00,Libre Disponibilidad,Municipales
1.2.6.01.02,MULTAS POR CONTRAVENCIONES EJERCICIOS ANTERIORES,30079640.45,2026-08-14 00:00:00,Libre Disponibilidad,Municipales
1.2.2.14.01,DERECHOS DE OFICINA DEL EJERCICIO,14242387,2026-08-14 00:00:00,Libre Disponibilidad,Municipales
1.2.6.01.01,MULTAS POR CONTRAVENCIONES DEL EJERCICIO,10287853.82,2026-08-14 00:00:00,Libre Disponibilidad,Municipales
1.2.1.01.02,TASA SERVICIOS GENERALES MUNICIPALES -ANTERIORES-,10167318.65,2026-08-14 00:00:00,Libre Disponibilidad,Municipales
1.2.6.08.02,MULTAS POR CONTRAVENCIONES (EJERC.ANTERIORES,5615900,2026-08-14 00:00:00,Libre Disponibilidad,Municipales
1.1.9.05.01,IMPUESTO AUTOMOTOR LEY 13.010 -EJERCICIO-,4579661.52,2026-08-14 00:00:00,Libre Disponibilidad,Municipales
1.1.9.05.02,IMPUESTO AUTOMOTOR LEY 13.010 - ANTERIORES-,4221305.51,2026-08-14 00:00:00,Libre Disponibilidad,Municipales
1.2.6.02.02,INFRACCION A LAS OBLIGACIONES EJERCICIO ANTERIORES,3389111.04,2026-08-14 00:00:00,Libre Disponibilidad,Municipales
1.2.1.05.02,INSPECCIÓN DE SEGURIDAD E HIGIENE -ANTERIORES-,3196521.82,2026-08-14 00:00:00,Libre Disponibilidad,Municipales
1.2.2.08.01,CEMENTERIO EJERCICIO,3080239,2026-08-14 00:00:00,Libre Disponibilidad,Municipales
1.2.2.03.01,PUBLICIDAD Y PROPAGANDA -EJERCICIO-,2959265.98,2026-08-14 00:00:00,Libre Disponibilidad,Municipales
1.6.2.01.02,INTERESES POR COLOCACIONES FINANCIERAS,2810283.28,2026-08-14 00:00:00,Libre Disponibilidad,Municipales
1.2.6.02.01,INFRACCION A LAS OBLIGACIONES EJERCICIO,2462419.91,2026-08-14 00:00:00,Libre Disponibilidad,Municipales
1.2.1.14,TASA POR SERVICIOS VARIOS EJERCICIO,1467205.94,2026-08-14 00:00:00,Libre Disponibilidad,Municipales
1.1.9.08.01,PATENTE DE MOTOVEHICULOS DEL EJERCICIO,1303362.24,2026-08-14 00:00:00,Libre Disponibilidad,Municipales
1.2.2.11.01,DERECHOS DE CONSTRUCCION,1234104.4,2026-08-14 00:00:00,Libre Disponibilidad,Municipales
1.2.2.14.04,ALTAS Y/O BAJAS IMPOSIT.DE AUTOMOTORES,778200,2026-08-14 00:00:00,Libre Disponibilidad,Municipales
1.2.2.05.01,OCUPACION Y USO DE ESPACIOS PUBLICOS DEL EJERCICIO,421663.84,2026-08-14 00:00:00,Libre Disponibilidad,Municipales
1.2.2.08.02,CEMENTERIO EJERCICIOS ANTERIORES,409137,2026-08-14 00:00:00,Libre Disponibilidad,Municipales
1.2.2.14.05,ALTAS Y/O BAJAS IMPOSIT.DE MOTOVEHICULOS,391482,2026-08-14 00:00:00,Libre Disponibilidad,Municipales
1.2.1.21,TASAS POR SERV.VARIOS EJERCICIO ANTERIOR,376893.86,2026-08-14 00:00:00,Libre Disponibilidad,Municipales
1.2.2.14.02,DERECHOS DE OFICINA EJERCICIOS ANTERIORES,122778.5,2026-08-14 00:00:00,Libre Disponibilidad,Municipales
2.1.2.01,CONTRIBUCIONES POR MEJORAS DEL EJERCICIO,94500,2026-08-14 00:00:00,Libre Disponibilidad,Municipales
1.2.2.05.02,OCUPACION Y USO DE ESPACIOS PUBLICOS DE EJERCICOS ANTERIORES,84703.24,2026-08-14 00:00:00,Libre Disponibilidad,Municipales
1.2.2.03.02,PUBLICIDAD Y PROPAGANDA -ANTERIORES-,75236.28,2026-08-14 00:00:00,Libre Disponibilidad,Municipales
1.2.1.02,SERVICIOS ESPECIALES DE LIMPIEZA E HIGIENE,16058,2026-08-14 00:00:00,Libre Disponibilidad,Municipales
1.2.1.01.01,TASA SERVICIOS GENERALES MUNICIPALES - EJERCICIO-,248422899,2026-08-18 00:00:00,Libre Disponibilidad,Municipales
1.2.1.05.01,INSPECCIÓN DE SEGURIDAD E HIGIENE -EJERCICIO-,243906077.6,2026-08-18 00:00:00,Libre Disponibilidad,Municipales
1.2.6.01.02,MULTAS POR CONTRAVENCIONES EJERCICIOS ANTERIORES,29137443.28,2026-08-18 00:00:00,Libre Disponibilidad,Municipales
1.2.6.01.01,MULTAS POR CONTRAVENCIONES DEL EJERCICIO,25086775,2026-08-18 00:00:00,Libre Disponibilidad,Municipales
1.2.1.05.02,INSPECCIÓN DE SEGURIDAD E HIGIENE -ANTERIORES-,16058480.62,2026-08-18 00:00:00,Libre Disponibilidad,Municipales
1.2.2.14.01,DERECHOS DE OFICINA DEL EJERCICIO,15998452,2026-08-18 00:00:00,Libre Disponibilidad,Municipales
1.2.6.08.02,MULTAS POR CONTRAVENCIONES (EJERC.ANTERIORES,15465500,2026-08-18 00:00:00,Libre Disponibilidad,Municipales
1.1.9.05.02,IMPUESTO AUTOMOTOR LEY 13.010 - ANTERIORES-,9694698.92,2026-08-18 00:00:00,Libre Disponibilidad,Municipales
1.2.6.02.02,INFRACCION A LAS OBLIGACIONES EJERCICIO ANTERIORES,6127387.39,2026-08-18 00:00:00,Libre Disponibilidad,Municipales
1.2.1.01.02,TASA SERVICIOS GENERALES MUNICIPALES -ANTERIORES-,5806850.77,2026-08-18 00:00:00,Libre Disponibilidad,Municipales
1.2.2.08.01,CEMENTERIO EJERCICIO,5496114,2026-08-18 00:00:00,Libre Disponibilidad,Municipales
1.1.9.05.01,IMPUESTO AUTOMOTOR LEY 13.010 -EJERCICIO-,5233315.98,2026-08-18 00:00:00,Libre Disponibilidad,Municipales
1.2.2.11.01,DERECHOS DE CONSTRUCCION,4621066.3,2026-08-18 00:00:00,Libre Disponibilidad,Municipales
1.2.2.03.01,PUBLICIDAD Y PROPAGANDA -EJERCICIO-,2677130.73,2026-08-18 00:00:00,Libre Disponibilidad,Municipales
1.2.1.14,TASA POR SERVICIOS VARIOS EJERCICIO,2596094.42,2026-08-18 00:00:00,Libre Disponibilidad,Municipales
1.2.6.02.01,INFRACCION A LAS OBLIGACIONES EJERCICIO,2550423.15,2026-08-18 00:00:00,Libre Disponibilidad,Municipales
1.1.9.08.01,PATENTE DE MOTOVEHICULOS DEL EJERCICIO,1071901.3,2026-08-18 00:00:00,Libre Disponibilidad,Municipales
1.2.2.05.01,OCUPACION Y USO DE ESPACIOS PUBLICOS DEL EJERCICIO,846306.8,2026-08-18 00:00:00,Libre Disponibilidad,Municipales
1.2.2.08.02,CEMENTERIO EJERCICIOS ANTERIORES,814472,2026-08-18 00:00:00,Libre Disponibilidad,Municipales
1.2.2.14.04,ALTAS Y/O BAJAS IMPOSIT.DE AUTOMOTORES,753960,2026-08-18 00:00:00,Libre Disponibilidad,Municipales
1.2.1.21,TASAS POR SERV.VARIOS EJERCICIO ANTERIOR,303135.28,2026-08-18 00:00:00,Libre Disponibilidad,Municipales
1.2.2.03.02,PUBLICIDAD Y PROPAGANDA -ANTERIORES-,228355.76,2026-08-18 00:00:00,Libre Disponibilidad,Municipales
1.2.2.14.05,ALTAS Y/O BAJAS IMPOSIT.DE MOTOVEHICULOS,163602,2026-08-18 00:00:00,Libre Disponibilidad,Municipales
1.2.6.08.01,MULTAS POR CONTRAVENCIONES (EJERCICIO),113550,2026-08-18 00:00:00,Libre Disponibilidad,Municipales
1.2.2.14.02,DERECHOS DE OFICINA EJERCICIOS ANTERIORES,92511.02,2026-08-18 00:00:00,Libre Disponibilidad,Municipales
1.2.2.05.02,OCUPACION Y USO DE ESPACIOS PUBLICOS DE EJERCICOS ANTERIORES,63621.22,2026-08-18 00:00:00,Libre Disponibilidad,Municipales
1.2.2.17.01,DERECHO POR OFICIO JUDICIAL DEL EJERCICIO,22940,2026-08-18 00:00:00,Libre Disponibilidad,Municipales
1.2.1.05.01,INSPECCIÓN DE SEGURIDAD E HIGIENE -EJERCICIO-,397079647.1,2026-08-19 00:00:00,Libre Disponibilidad,Municipales
1.2.1.01.01,TASA SERVICIOS GENERALES MUNICIPALES - EJERCICIO-,211715250.5,2026-08-19 00:00:00,Libre Disponibilidad,Municipales
1.2.6.01.02,MULTAS POR CONTRAVENCIONES EJERCICIOS ANTERIORES,38334292.55,2026-08-19 00:00:00,Libre Disponibilidad,Municipales
1.2.1.01.02,TASA SERVICIOS GENERALES MUNICIPALES -ANTERIORES-,29844609.43,2026-08-19 00:00:00,Libre Disponibilidad,Municipales
1.2.2.14.01,DERECHOS DE OFICINA DEL EJERCICIO,16758210.87,2026-08-19 00:00:00,Libre Disponibilidad,Municipales
1.2.6.08.02,MULTAS POR CONTRAVENCIONES (EJERC.ANTERIORES,15808325,2026-08-19 00:00:00,Libre Disponibilidad,Municipales
1.2.1.05.02,INSPECCIÓN DE SEGURIDAD E HIGIENE -ANTERIORES-,12808853.3,2026-08-19 00:00:00,Libre Disponibilidad,Municipales
1.2.6.02.02,INFRACCION A LAS OBLIGACIONES EJERCICIO ANTERIORES,7871133.08,2026-08-19 00:00:00,Libre Disponibilidad,Municipales
1.2.6.01.01,MULTAS POR CONTRAVENCIONES DEL EJERCICIO,6585900,2026-08-19 00:00:00,Libre Disponibilidad,Municipales
1.2.1.14,TASA POR SERVICIOS VARIOS EJERCICIO,5343853.87,2026-08-19 00:00:00,Libre Disponibilidad,Municipales
1.1.9.05.01,IMPUESTO AUTOMOTOR LEY 13.010 -EJERCICIO-,5169515.18,2026-08-19 00:00:00,Libre Disponibilidad,Municipales
1.1.9.05.02,IMPUESTO AUTOMOTOR LEY 13.010 - ANTERIORES-,4832748.03,2026-08-19 00:00:00,Libre Disponibilidad,Municipales
1.2.2.03.01,PUBLICIDAD Y PROPAGANDA -EJERCICIO-,3455060.21,2026-08-19 00:00:00,Libre Disponibilidad,Municipales
1.2.2.08.01,CEMENTERIO EJERCICIO,3132412,2026-08-19 00:00:00,Libre Disponibilidad,Municipales
1.2.6.02.01,INFRACCION A LAS OBLIGACIONES EJERCICIO,2796760.1,2026-08-19 00:00:00,Libre Disponibilidad,Municipales
1.2.1.21,TASAS POR SERV.VARIOS EJERCICIO ANTERIOR,2453563.1,2026-08-19 00:00:00,Libre Disponibilidad,Municipales
1.2.2.14.04,ALTAS Y/O BAJAS IMPOSIT.DE AUTOMOTORES,892920,2026-08-19 00:00:00,Libre Disponibilidad,Municipales
1.1.9.08.01,PATENTE DE MOTOVEHICULOS DEL EJERCICIO,821669.52,2026-08-19 00:00:00,Libre Disponibilidad,Municipales
1.2.2.05.01,OCUPACION Y USO DE ESPACIOS PUBLICOS DEL EJERCICIO,489610.4,2026-08-19 00:00:00,Libre Disponibilidad,Municipales
1.2.2.08.02,CEMENTERIO EJERCICIOS ANTERIORES,467117,2026-08-19 00:00:00,Libre Disponibilidad,Municipales
1.2.2.14.05,ALTAS Y/O BAJAS IMPOSIT.DE MOTOVEHICULOS,227106,2026-08-19 00:00:00,Libre Disponibilidad,Municipales
1.2.2.11.01,DERECHOS DE CONSTRUCCION,213872.3,2026-08-19 00:00:00,Libre Disponibilidad,Municipales
1.2.2.14.02,DERECHOS DE OFICINA EJERCICIOS ANTERIORES,207405.23,2026-08-19 00:00:00,Libre Disponibilidad,Municipales
1.2.2.03.02,PUBLICIDAD Y PROPAGANDA -ANTERIORES-,130103.98,2026-08-19 00:00:00,Libre Disponibilidad,Municipales
1.2.6.08.01,MULTAS POR CONTRAVENCIONES (EJERCICIO),113550,2026-08-19 00:00:00,Libre Disponibilidad,Municipales
1.2.1.02,SERVICIOS ESPECIALES DE LIMPIEZA E HIGIENE,32116,2026-08-19 00:00:00,Libre Disponibilidad,Municipales
1.2.2.05.02,OCUPACION Y USO DE ESPACIOS PUBLICOS DE EJERCICOS ANTERIORES,10648.34,2026-08-19 00:00:00,Libre Disponibilidad,Municipales
1.2.1.05.01,INSPECCIÓN DE SEGURIDAD E HIGIENE -EJERCICIO-,659455783.6,2026-08-20 00:00:00,Libre Disponibilidad,Municipales
1.2.1.01.01,TASA SERVICIOS GENERALES MUNICIPALES - EJERCICIO-,158952219.5,2026-08-20 00:00:00,Libre Disponibilidad,Municipales
1.2.6.01.02,MULTAS POR CONTRAVENCIONES EJERCICIOS ANTERIORES,34642280.41,2026-08-20 00:00:00,Libre Disponibilidad,Municipales
1.6.2.01.02,INTERESES POR COLOCACIONES FINANCIERAS,25099345.65,2026-08-20 00:00:00,Libre Disponibilidad,Municipales
1.2.1.01.02,TASA SERVICIOS GENERALES MUNICIPALES -ANTERIORES-,16504091.88,2026-08-20 00:00:00,Libre Disponibilidad,Municipales
1.2.2.14.01,DERECHOS DE OFICINA DEL EJERCICIO,13835977,2026-08-20 00:00:00,Libre Disponibilidad,Municipales
1.2.6.01.01,MULTAS POR CONTRAVENCIONES DEL EJERCICIO,13629158.81,2026-08-20 00:00:00,Libre Disponibilidad,Municipales
1.2.2.03.01,PUBLICIDAD Y PROPAGANDA -EJERCICIO-,7238279.2,2026-08-20 00:00:00,Libre Disponibilidad,Municipales
1.2.1.05.02,INSPECCIÓN DE SEGURIDAD E HIGIENE -ANTERIORES-,6998594.42,2026-08-20 00:00:00,Libre Disponibilidad,Municipales
1.2.1.14,TASA POR SERVICIOS VARIOS EJERCICIO,4993401.86,2026-08-20 00:00:00,Libre Disponibilidad,Municipales
1.1.9.05.01,IMPUESTO AUTOMOTOR LEY 13.010 -EJERCICIO-,4667483.43,2026-08-20 00:00:00,Libre Disponibilidad,Municipales
1.2.6.08.02,MULTAS POR CONTRAVENCIONES (EJERC.ANTERIORES,4416625,2026-08-20 00:00:00,Libre Disponibilidad,Municipales
1.1.9.05.02,IMPUESTO AUTOMOTOR LEY 13.010 - ANTERIORES-,3901950.23,2026-08-20 00:00:00,Libre Disponibilidad,Municipales
1.2.6.02.02,INFRACCION A LAS OBLIGACIONES EJERCICIO ANTERIORES,3768810.73,2026-08-20 00:00:00,Libre Disponibilidad,Municipales
1.2.6.02.01,INFRACCION A LAS OBLIGACIONES EJERCICIO,2977149.69,2026-08-20 00:00:00,Libre Disponibilidad,Municipales
1.2.2.08.01,CEMENTERIO EJERCICIO,2914355,2026-08-20 00:00:00,Libre Disponibilidad,Municipales
1.1.9.08.01,PATENTE DE MOTOVEHICULOS DEL EJERCICIO,1230331.02,2026-08-20 00:00:00,Libre Disponibilidad,Municipales
1.2.2.11.01,DERECHOS DE CONSTRUCCION,1062894.49,2026-08-20 00:00:00,Libre Disponibilidad,Municipales
1.2.2.14.04,ALTAS Y/O BAJAS IMPOSIT.DE AUTOMOTORES,737273.42,2026-08-20 00:00:00,Libre Disponibilidad,Municipales
1.2.2.14.05,ALTAS Y/O BAJAS IMPOSIT.DE MOTOVEHICULOS,441936,2026-08-20 00:00:00,Libre Disponibilidad,Municipales
1.2.2.08.02,CEMENTERIO EJERCICIOS ANTERIORES,385706,2026-08-20 00:00:00,Libre Disponibilidad,Municipales
1.2.1.04,HABILITACIÓN DE COMERCIOS E INDUSTRIAS,253487,2026-08-20 00:00:00,Libre Disponibilidad,Municipales
1.2.1.21,TASAS POR SERV.VARIOS EJERCICIO ANTERIOR,237641.51,2026-08-20 00:00:00,Libre Disponibilidad,Municipales
1.2.2.14.02,DERECHOS DE OFICINA EJERCICIOS ANTERIORES,216539.51,2026-08-20 00:00:00,Libre Disponibilidad,Municipales
1.2.2.05.01,OCUPACION Y USO DE ESPACIOS PUBLICOS DEL EJERCICIO,91564.08,2026-08-20 00:00:00,Libre Disponibilidad,Municipales
1.2.2.03.02,PUBLICIDAD Y PROPAGANDA -ANTERIORES-,82978.98,2026-08-20 00:00:00,Libre Disponibilidad,Municipales
1.2.2.05.02,OCUPACION Y USO DE ESPACIOS PUBLICOS DE EJERCICOS ANTERIORES,1594.28,2026-08-20 00:00:00,Libre Disponibilidad,Municipales
1.2.1.05.01,INSPECCIÓN DE SEGURIDAD E HIGIENE -EJERCICIO-,527045788.8,2026-08-21 00:00:00,Libre Disponibilidad,Municipales
1.2.1.01.01,TASA SERVICIOS GENERALES MUNICIPALES - EJERCICIO-,114187492.8,2026-08-21 00:00:00,Libre Disponibilidad,Municipales
1.2.6.01.02,MULTAS POR CONTRAVENCIONES EJERCICIOS ANTERIORES,51918110.65,2026-08-21 00:00:00,Libre Disponibilidad,Municipales
1.2.2.14.01,DERECHOS DE OFICINA DEL EJERCICIO,22634129,2026-08-21 00:00:00,Libre Disponibilidad,Municipales
1.2.1.01.02,TASA SERVICIOS GENERALES MUNICIPALES -ANTERIORES-,12889126.26,2026-08-21 00:00:00,Libre Disponibilidad,Municipales
1.2.6.01.01,MULTAS POR CONTRAVENCIONES DEL EJERCICIO,10247543.02,2026-08-21 00:00:00,Libre Disponibilidad,Municipales
1.2.6.08.02,MULTAS POR CONTRAVENCIONES (EJERC.ANTERIORES,9667300,2026-08-21 00:00:00,Libre Disponibilidad,Municipales
1.2.1.14,TASA POR SERVICIOS VARIOS EJERCICIO,8984036.49,2026-08-21 00:00:00,Libre Disponibilidad,Municipales
1.2.2.11.01,DERECHOS DE CONSTRUCCION,8672598.03,2026-08-21 00:00:00,Libre Disponibilidad,Municipales
1.2.1.05.02,INSPECCIÓN DE SEGURIDAD E HIGIENE -ANTERIORES-,7179161.54,2026-08-21 00:00:00,Libre Disponibilidad,Municipales
1.2.6.02.02,INFRACCION A LAS OBLIGACIONES EJERCICIO ANTERIORES,5003873.12,2026-08-21 00:00:00,Libre Disponibilidad,Municipales
1.1.9.05.01,IMPUESTO AUTOMOTOR LEY 13.010 -EJERCICIO-,4685767,2026-08-21 00:00:00,Libre Disponibilidad,Municipales
1.1.9.05.02,IMPUESTO AUTOMOTOR LEY 13.010 - ANTERIORES-,4590823.73,2026-08-21 00:00:00,Libre Disponibilidad,Municipales
1.2.2.03.01,PUBLICIDAD Y PROPAGANDA -EJERCICIO-,3006233.24,2026-08-21 00:00:00,Libre Disponibilidad,Municipales
1.6.2.01.02,INTERESES POR COLOCACIONES FINANCIERAS,2707539.24,2026-08-21 00:00:00,Libre Disponibilidad,Municipales
1.2.6.02.01,INFRACCION A LAS OBLIGACIONES EJERCICIO,2378974.02,2026-08-21 00:00:00,Libre Disponibilidad,Municipales
1.2.2.08.01,CEMENTERIO EJERCICIO,2130999,2026-08-21 00:00:00,Libre Disponibilidad,Municipales
1.2.1.04,HABILITACIÓN DE COMERCIOS E INDUSTRIAS,1067857,2026-08-21 00:00:00,Libre Disponibilidad,Municipales
1.1.9.08.01,PATENTE DE MOTOVEHICULOS DEL EJERCICIO,939821.94,2026-08-21 00:00:00,Libre Disponibilidad,Municipales
1.2.2.14.04,ALTAS Y/O BAJAS IMPOSIT.DE AUTOMOTORES,527620,2026-08-21 00:00:00,Libre Disponibilidad,Municipales
1.2.1.21,TASAS POR SERV.VARIOS EJERCICIO ANTERIOR,300241.02,2026-08-21 00:00:00,Libre Disponibilidad,Municipales
1.2.2.08.02,CEMENTERIO EJERCICIOS ANTERIORES,272767,2026-08-21 00:00:00,Libre Disponibilidad,Municipales
1.2.2.14.05,ALTAS Y/O BAJAS IMPOSIT.DE MOTOVEHICULOS,227106,2026-08-21 00:00:00,Libre Disponibilidad,Municipales
1.2.6.08.01,MULTAS POR CONTRAVENCIONES (EJERCICIO),227100,2026-08-21 00:00:00,Libre Disponibilidad,Municipales
1.2.2.05.01,OCUPACION Y USO DE ESPACIOS PUBLICOS DEL EJERCICIO,191027.12,2026-08-21 00:00:00,Libre Disponibilidad,Municipales
1.2.2.14.02,DERECHOS DE OFICINA EJERCICIOS ANTERIORES,176327.75,2026-08-21 00:00:00,Libre Disponibilidad,Municipales
1.2.2.03.02,PUBLICIDAD Y PROPAGANDA -ANTERIORES-,65972.78,2026-08-21 00:00:00,Libre Disponibilidad,Municipales
2.1.2.01,CONTRIBUCIONES POR MEJORAS DEL EJERCICIO,4500,2026-08-21 00:00:00,Libre Disponibilidad,Municipales
1.2.2.05.02,OCUPACION Y USO DE ESPACIOS PUBLICOS DE EJERCICOS ANTERIORES,2585.69,2026-08-21 00:00:00,Libre Disponibilidad,Municipales
1.2.1.05.01,INSPECCIÓN DE SEGURIDAD E HIGIENE -EJERCICIO-,868587577.5,2026-08-24 00:00:00,Libre Disponibilidad,Municipales
1.2.1.01.01,TASA SERVICIOS GENERALES MUNICIPALES - EJERCICIO-,61836022.36,2026-08-24 00:00:00,Libre Disponibilidad,Municipales
1.2.6.01.02,MULTAS POR CONTRAVENCIONES EJERCICIOS ANTERIORES,24310913.55,2026-08-24 00:00:00,Libre Disponibilidad,Municipales
1.2.1.14,TASA POR SERVICIOS VARIOS EJERCICIO,21399958.26,2026-08-24 00:00:00,Libre Disponibilidad,Municipales
1.2.6.01.01,MULTAS POR CONTRAVENCIONES DEL EJERCICIO,19631977.5,2026-08-24 00:00:00,Libre Disponibilidad,Municipales
1.2.2.03.01,PUBLICIDAD Y PROPAGANDA -EJERCICIO-,14069667.41,2026-08-24 00:00:00,Libre Disponibilidad,Municipales
1.2.2.14.01,DERECHOS DE OFICINA DEL EJERCICIO,11653724,2026-08-24 00:00:00,Libre Disponibilidad,Municipales
1.2.1.05.02,INSPECCIÓN DE SEGURIDAD E HIGIENE -ANTERIORES-,11367720.25,2026-08-24 00:00:00,Libre Disponibilidad,Municipales
1.2.9.02,COMISIONES BAPRO PAGO,7784145,2026-08-24 00:00:00,Libre Disponibilidad,Municipales
1.2.1.01.02,TASA SERVICIOS GENERALES MUNICIPALES -ANTERIORES-,6740159.48,2026-08-24 00:00:00,Libre Disponibilidad,Municipales
1.2.6.08.02,MULTAS POR CONTRAVENCIONES (EJERC.ANTERIORES,5735050,2026-08-24 00:00:00,Libre Disponibilidad,Municipales
1.1.9.05.02,IMPUESTO AUTOMOTOR LEY 13.010 - ANTERIORES-,5187552.38,2026-08-24 00:00:00,Libre Disponibilidad,Municipales
1.1.9.05.01,IMPUESTO AUTOMOTOR LEY 13.010 -EJERCICIO-,3614838.6,2026-08-24 00:00:00,Libre Disponibilidad,Municipales
1.2.6.02.01,INFRACCION A LAS OBLIGACIONES EJERCICIO,2901885.87,2026-08-24 00:00:00,Libre Disponibilidad,Municipales
1.2.1.21,TASAS POR SERV.VARIOS EJERCICIO ANTERIOR,2387432.91,2026-08-24 00:00:00,Libre Disponibilidad,Municipales
1.2.6.02.02,INFRACCION A LAS OBLIGACIONES EJERCICIO ANTERIORES,2323836.04,2026-08-24 00:00:00,Libre Disponibilidad,Municipales
1.2.1.04,HABILITACIÓN DE COMERCIOS E INDUSTRIAS,986420,2026-08-24 00:00:00,Libre Disponibilidad,Municipales
1.1.9.08.01,PATENTE DE MOTOVEHICULOS DEL EJERCICIO,937603.33,2026-08-24 00:00:00,Libre Disponibilidad,Municipales
1.2.2.08.01,CEMENTERIO EJERCICIO,925316,2026-08-24 00:00:00,Libre Disponibilidad,Municipales
1.2.2.11.01,DERECHOS DE CONSTRUCCION,776808.42,2026-08-24 00:00:00,Libre Disponibilidad,Municipales
1.2.2.14.04,ALTAS Y/O BAJAS IMPOSIT.DE AUTOMOTORES,621240,2026-08-24 00:00:00,Libre Disponibilidad,Municipales
1.2.2.03.02,PUBLICIDAD Y PROPAGANDA -ANTERIORES-,459903.08,2026-08-24 00:00:00,Libre Disponibilidad,Municipales
1.2.2.05.01,OCUPACION Y USO DE ESPACIOS PUBLICOS DEL EJERCICIO,346988.04,2026-08-24 00:00:00,Libre Disponibilidad,Municipales
1.2.2.14.05,ALTAS Y/O BAJAS IMPOSIT.DE MOTOVEHICULOS,206460,2026-08-24 00:00:00,Libre Disponibilidad,Municipales
1.2.2.08.02,CEMENTERIO EJERCICIOS ANTERIORES,137146,2026-08-24 00:00:00,Libre Disponibilidad,Municipales
1.2.2.14.02,DERECHOS DE OFICINA EJERCICIOS ANTERIORES,134199.26,2026-08-24 00:00:00,Libre Disponibilidad,Municipales
1.2.2.05.02,OCUPACION Y USO DE ESPACIOS PUBLICOS DE EJERCICOS ANTERIORES,75279.34,2026-08-24 00:00:00,Libre Disponibilidad,Municipales
1.2.1.05.01,INSPECCIÓN DE SEGURIDAD E HIGIENE -EJERCICIO-,2056779040,2026-08-25 00:00:00,Libre Disponibilidad,Municipales
1.2.1.01.03,TASA DE ALUMBRADO GENERALES FACTURADO POR EDESUR,1698188810,2026-08-25 00:00:00,Libre Disponibilidad,Municipales
1.6.2.01.02,INTERESES POR COLOCACIONES FINANCIERAS,163543830.1,2026-08-25 00:00:00,Libre Disponibilidad,Municipales
1.2.2.05.01,OCUPACION Y USO DE ESPACIOS PUBLICOS DEL EJERCICIO,77890425.59,2026-08-25 00:00:00,Libre Disponibilidad,Municipales
1.2.1.01.01,TASA SERVICIOS GENERALES MUNICIPALES - EJERCICIO-,55592741.05,2026-08-25 00:00:00,Libre Disponibilidad,Municipales
1.2.6.01.02,MULTAS POR CONTRAVENCIONES EJERCICIOS ANTERIORES,38729446.55,2026-08-25 00:00:00,Libre Disponibilidad,Municipales
1.2.6.08.02,MULTAS POR CONTRAVENCIONES (EJERC.ANTERIORES,16722025,2026-08-25 00:00:00,Libre Disponibilidad,Municipales
1.2.2.14.01,DERECHOS DE OFICINA DEL EJERCICIO,16555463,2026-08-25 00:00:00,Libre Disponibilidad,Municipales
1.2.2.03.01,PUBLICIDAD Y PROPAGANDA -EJERCICIO-,15416144.65,2026-08-25 00:00:00,Libre Disponibilidad,Municipales
1.2.1.14,TASA POR SERVICIOS VARIOS EJERCICIO,14464105.43,2026-08-25 00:00:00,Libre Disponibilidad,Municipales
1.2.6.01.01,MULTAS POR CONTRAVENCIONES DEL EJERCICIO,13160903.07,2026-08-25 00:00:00,Libre Disponibilidad,Municipales
1.2.1.01.02,TASA SERVICIOS GENERALES MUNICIPALES -ANTERIORES-,11971699.81,2026-08-25 00:00:00,Libre Disponibilidad,Municipales
1.2.1.05.02,INSPECCIÓN DE SEGURIDAD E HIGIENE -ANTERIORES-,7861779.83,2026-08-25 00:00:00,Libre Disponibilidad,Municipales
1.1.9.05.02,IMPUESTO AUTOMOTOR LEY 13.010 - ANTERIORES-,6722721.01,2026-08-25 00:00:00,Libre Disponibilidad,Municipales
1.1.9.05.01,IMPUESTO AUTOMOTOR LEY 13.010 -EJERCICIO-,5962001.95,2026-08-25 00:00:00,Libre Disponibilidad,Municipales
1.2.6.02.02,INFRACCION A LAS OBLIGACIONES EJERCICIO ANTERIORES,5387500.48,2026-08-25 00:00:00,Libre Disponibilidad,Municipales
1.2.2.08.01,CEMENTERIO EJERCICIO,4746978,2026-08-25 00:00:00,Libre Disponibilidad,Municipales
1.2.6.02.01,INFRACCION A LAS OBLIGACIONES EJERCICIO,3378837.06,2026-08-25 00:00:00,Libre Disponibilidad,Municipales
1.2.1.21,TASAS POR SERV.VARIOS EJERCICIO ANTERIOR,2322936.61,2026-08-25 00:00:00,Libre Disponibilidad,Municipales
1.2.2.11.01,DERECHOS DE CONSTRUCCION,2093516.62,2026-08-25 00:00:00,Libre Disponibilidad,Municipales
1.2.2.14.04,ALTAS Y/O BAJAS IMPOSIT.DE AUTOMOTORES,1316440,2026-08-25 00:00:00,Libre Disponibilidad,Municipales
1.1.9.08.01,PATENTE DE MOTOVEHICULOS DEL EJERCICIO,730496.46,2026-08-25 00:00:00,Libre Disponibilidad,Municipales
1.2.2.08.02,CEMENTERIO EJERCICIOS ANTERIORES,702300,2026-08-25 00:00:00,Libre Disponibilidad,Municipales
1.2.2.14.05,ALTAS Y/O BAJAS IMPOSIT.DE MOTOVEHICULOS,289044,2026-08-25 00:00:00,Libre Disponibilidad,Municipales
1.2.1.04,HABILITACIÓN DE COMERCIOS E INDUSTRIAS,253487,2026-08-25 00:00:00,Libre Disponibilidad,Municipales
1.2.2.14.02,DERECHOS DE OFICINA EJERCICIOS ANTERIORES,237230.14,2026-08-25 00:00:00,Libre Disponibilidad,Municipales
1.2.6.08.01,MULTAS POR CONTRAVENCIONES (EJERCICIO),227100,2026-08-25 00:00:00,Libre Disponibilidad,Municipales
1.2.2.03.02,PUBLICIDAD Y PROPAGANDA -ANTERIORES-,143547.17,2026-08-25 00:00:00,Libre Disponibilidad,Municipales
1.2.2.05.02,OCUPACION Y USO DE ESPACIOS PUBLICOS DE EJERCICOS ANTERIORES,51307.79,2026-08-25 00:00:00,Libre Disponibilidad,Municipales
1.2.1.05.01,INSPECCIÓN DE SEGURIDAD E HIGIENE -EJERCICIO-,2186401905,2026-08-26 00:00:00,Libre Disponibilidad,Municipales
1.2.1.14,TASA POR SERVICIOS VARIOS EJERCICIO,86235383.46,2026-08-26 00:00:00,Libre Disponibilidad,Municipales
1.6.2.01.02,INTERESES POR COLOCACIONES FINANCIERAS,75616438.36,2026-08-26 00:00:00,Libre Disponibilidad,Municipales
1.2.1.01.01,TASA SERVICIOS GENERALES MUNICIPALES - EJERCICIO-,71000848.54,2026-08-26 00:00:00,Libre Disponibilidad,Municipales
1.2.6.01.02,MULTAS POR CONTRAVENCIONES EJERCICIOS ANTERIORES,50045321.55,2026-08-26 00:00:00,Libre Disponibilidad,Municipales
1.2.2.14.01,DERECHOS DE OFICINA DEL EJERCICIO,40921155,2026-08-26 00:00:00,Libre Disponibilidad,Municipales
1.2.1.01.02,TASA SERVICIOS GENERALES MUNICIPALES -ANTERIORES-,36964405.87,2026-08-26 00:00:00,Libre Disponibilidad,Municipales
1.2.2.03.01,PUBLICIDAD Y PROPAGANDA -EJERCICIO-,23648174.73,2026-08-26 00:00:00,Libre Disponibilidad,Municipales
1.2.6.08.02,MULTAS POR CONTRAVENCIONES (EJERC.ANTERIORES,20272250,2026-08-26 00:00:00,Libre Disponibilidad,Municipales
1.2.6.01.01,MULTAS POR CONTRAVENCIONES DEL EJERCICIO,18531893.51,2026-08-26 00:00:00,Libre Disponibilidad,Municipales
1.2.1.05.02,INSPECCIÓN DE SEGURIDAD E HIGIENE -ANTERIORES-,11647300.38,2026-08-26 00:00:00,Libre Disponibilidad,Municipales
1.2.1.21,TASAS POR SERV.VARIOS EJERCICIO ANTERIOR,8951546.99,2026-08-26 00:00:00,Libre Disponibilidad,Municipales
1.2.2.08.01,CEMENTERIO EJERCICIO,7936820,2026-08-26 00:00:00,Libre Disponibilidad,Municipales
1.2.6.02.02,INFRACCION A LAS OBLIGACIONES EJERCICIO ANTERIORES,7202223.14,2026-08-26 00:00:00,Libre Disponibilidad,Municipales
1.2.2.11.01,DERECHOS DE CONSTRUCCION,6967512.92,2026-08-26 00:00:00,Libre Disponibilidad,Municipales
1.1.9.05.01,IMPUESTO AUTOMOTOR LEY 13.010 -EJERCICIO-,6772873.26,2026-08-26 00:00:00,Libre Disponibilidad,Municipales
1.1.9.05.02,IMPUESTO AUTOMOTOR LEY 13.010 - ANTERIORES-,6061479.01,2026-08-26 00:00:00,Libre Disponibilidad,Municipales
1.2.6.02.01,INFRACCION A LAS OBLIGACIONES EJERCICIO,5933743.62,2026-08-26 00:00:00,Libre Disponibilidad,Municipales
1.2.2.08.02,CEMENTERIO EJERCICIOS ANTERIORES,1240190,2026-08-26 00:00:00,Libre Disponibilidad,Municipales
1.1.9.08.01,PATENTE DE MOTOVEHICULOS DEL EJERCICIO,1142472.43,2026-08-26 00:00:00,Libre Disponibilidad,Municipales
1.2.2.14.04,ALTAS Y/O BAJAS IMPOSIT.DE AUTOMOTORES,894660,2026-08-26 00:00:00,Libre Disponibilidad,Municipales
1.2.6.08.01,MULTAS POR CONTRAVENCIONES (EJERCICIO),567750,2026-08-26 00:00:00,Libre Disponibilidad,Municipales
1.2.2.14.05,ALTAS Y/O BAJAS IMPOSIT.DE MOTOVEHICULOS,474858,2026-08-26 00:00:00,Libre Disponibilidad,Municipales
1.2.2.03.02,PUBLICIDAD Y PROPAGANDA -ANTERIORES-,373906.55,2026-08-26 00:00:00,Libre Disponibilidad,Municipales
1.2.2.14.02,DERECHOS DE OFICINA EJERCICIOS ANTERIORES,288447.68,2026-08-26 00:00:00,Libre Disponibilidad,Municipales
1.2.1.04,HABILITACIÓN DE COMERCIOS E INDUSTRIAS,197284,2026-08-26 00:00:00,Libre Disponibilidad,Municipales
1.2.2.05.01,OCUPACION Y USO DE ESPACIOS PUBLICOS DEL EJERCICIO,92205.68,2026-08-26 00:00:00,Libre Disponibilidad,Municipales
1.2.2.05.02,OCUPACION Y USO DE ESPACIOS PUBLICOS DE EJERCICOS ANTERIORES,72665.53,2026-08-26 00:00:00,Libre Disponibilidad,Municipales
1.2.1.02,SERVICIOS ESPECIALES DE LIMPIEZA E HIGIENE,32116,2026-08-26 00:00:00,Libre Disponibilidad,Municipales