{
  "type": "FeatureCollection",
  "metadata": {
    "last_updated_at": "2026-08-14T14:01:02.143Z"
  },
  "features": [
    {
      "type": "Feature",
      "geometry": {
        "type": "LineString",
        "coordinates": [
          [
            -58.397781584256556,
            -34.760967304953475
          ],
          [
            -58.40250051387696,
            -34.760280942341375
          ]
        ]
      },
      "properties": {
        "CGM": "LOMAS",
        "Obra": "Laprida & Rep. de Siria",
        "Coordenada punto": "",
        "Coordenada desde": "-34.760967304953475, -58.397781584256556",
        "Coordenada hasta": "-34.760280942341375, -58.40250051387696",
        "Empresa": "BRIALES",
        "Avance": "100,00%",
        "Inicio": "2026-01-12T03:00:00.000Z",
        "Fin": "2026-07-11T03:00:00.000Z",
        "Estado": "Finalizado",
        "WKT": "LINESTRING(-58.397781584256556 -34.760967304953475, -58.40250051387696 -34.760280942341375)"
      }
    },
    {
      "type": "Feature",
      "geometry": {
        "type": "Point",
        "coordinates": [
          -58.43563641355491,
          -34.72259175393442
        ]
      },
      "properties": {
        "CGM": "CENTENARIO",
        "Obra": "VIRGEN DE ITATI & UNAMUNO",
        "Coordenada punto": "-34.72259175393442, -58.43563641355491",
        "Coordenada desde": "",
        "Coordenada hasta": "",
        "Empresa": "GT",
        "Avance": "100,00%",
        "Inicio": "2026-05-19T03:00:00.000Z",
        "Fin": "2026-06-23T03:00:00.000Z",
        "Estado": "Finalizado",
        "WKT": "POINT(-58.43563641355491 -34.72259175393442)"
      }
    },
    {
      "type": "Feature",
      "geometry": {
        "type": "LineString",
        "coordinates": [
          [
            -58.446326286461,
            -34.75310362310624
          ],
          [
            -58.447220833332665,
            -34.75200908943775
          ]
        ]
      },
      "properties": {
        "CGM": "SANTA MARTA",
        "Obra": "VIRGILIO & URUNDAY",
        "Coordenada punto": "",
        "Coordenada desde": "-34.75310362310624, -58.446326286461",
        "Coordenada hasta": "-34.75200908943775, -58.447220833332665",
        "Empresa": "SERVILUM",
        "Avance": "100,00%",
        "Inicio": "2026-04-24T03:00:00.000Z",
        "Fin": "2026-06-05T03:00:00.000Z",
        "Estado": "Finalizado",
        "WKT": "LINESTRING(-58.446326286461 -34.75310362310624, -58.447220833332665 -34.75200908943775)"
      }
    },
    {
      "type": "Feature",
      "geometry": {
        "type": "LineString",
        "coordinates": [
          [
            -58.4357453031215,
            -34.76441268050749
          ],
          [
            -58.43538616028992,
            -34.76495260904774
          ]
        ]
      },
      "properties": {
        "CGM": "PARQUE BARÓN",
        "Obra": "FALUCHO & GUARANI",
        "Coordenada punto": "",
        "Coordenada desde": "-34.76441268050749, -58.4357453031215",
        "Coordenada hasta": "-34.76495260904774, -58.43538616028992",
        "Empresa": "SERVILUM",
        "Avance": "100,00%",
        "Inicio": "2026-05-26T03:00:00.000Z",
        "Fin": "2026-06-24T03:00:00.000Z",
        "Estado": "Finalizado",
        "WKT": "LINESTRING(-58.4357453031215 -34.76441268050749, -58.43538616028992 -34.76495260904774)"
      }
    },
    {
      "type": "Feature",
      "geometry": {
        "type": "Point",
        "coordinates": [
          -58.43349538881282,
          -34.792764472976124
        ]
      },
      "properties": {
        "CGM": "LLAVALLOL",
        "Obra": "OLLEROS Y FRIEDRICHS",
        "Coordenada punto": "-34.792764472976124, -58.43349538881282",
        "Coordenada desde": "",
        "Coordenada hasta": "",
        "Empresa": "VALFOS",
        "Avance": "100,00%",
        "Inicio": "2026-05-20T03:00:00.000Z",
        "Fin": "2026-07-03T03:00:00.000Z",
        "Estado": "Finalizado",
        "WKT": "POINT(-58.43349538881282 -34.792764472976124)"
      }
    },
    {
      "type": "Feature",
      "geometry": {
        "type": "Point",
        "coordinates": [
          -58.427630791047775,
          -34.78260716116664
        ]
      },
      "properties": {
        "CGM": "LLAVALLOL/PÁRQUE BARÓN",
        "Obra": "MADRID & GARIBALDI (en tres etapas por complicaciones de tránsito y transporte)",
        "Coordenada punto": "-34.78260716116664, -58.427630791047775",
        "Coordenada desde": "",
        "Coordenada hasta": "",
        "Empresa": "VALFOS",
        "Avance": "0,00%",
        "Inicio": "2026-06-29T03:00:00.000Z",
        "Fin": "2026-07-17T03:00:00.000Z",
        "Estado": "Finalizado",
        "WKT": "POINT(-58.427630791047775 -34.78260716116664)"
      }
    },
    {
      "type": "Feature",
      "geometry": {
        "type": "LineString",
        "coordinates": [
          [
            -58.3475444330715,
            -34.739674283453084
          ],
          [
            -58.342904475642335,
            -34.75189118875015
          ]
        ]
      },
      "properties": {
        "CGM": "SAN JOSÉ",
        "Obra": "CAAGUAZU & LYNCH",
        "Coordenada punto": "",
        "Coordenada desde": "-34.739674283453084, -58.3475444330715",
        "Coordenada hasta": "-34.75189118875015, -58.342904475642335",
        "Empresa": "SERVILUM",
        "Avance": "50,00%",
        "Inicio": "2026-05-28T03:00:00.000Z",
        "Fin": "2026-06-30T03:00:00.000Z",
        "Estado": "Finalizado",
        "WKT": "LINESTRING(-58.3475444330715 -34.739674283453084, -58.342904475642335 -34.75189118875015)"
      }
    },
    {
      "type": "Feature",
      "geometry": {
        "type": "LineString",
        "coordinates": [
          [
            -58.39446311628427,
            -34.75042807716177
          ],
          [
            -58.39656146366183,
            -34.76664331972595
          ]
        ]
      },
      "properties": {
        "CGM": "LOMAS",
        "Obra": "ALSINA & GALLO",
        "Coordenada punto": "",
        "Coordenada desde": "-34.75042807716177, -58.39446311628427",
        "Coordenada hasta": "-34.76664331972595, -58.39656146366183",
        "Empresa": "PREDIAL",
        "Avance": "0,00%",
        "Inicio": "2026-06-22T03:00:00.000Z",
        "Fin": "2026-07-14T03:00:00.000Z",
        "Estado": "Finalizado",
        "WKT": "LINESTRING(-58.39446311628427 -34.75042807716177, -58.39656146366183 -34.76664331972595)"
      }
    },
    {
      "type": "Feature",
      "geometry": {
        "type": "LineString",
        "coordinates": [
          [
            -58.40470452388109,
            -34.741784271447365
          ],
          [
            -58.404461874614455,
            -34.740591111824905
          ]
        ]
      },
      "properties": {
        "CGM": "BANFIELD",
        "Obra": "ALVEAR & FRENCH",
        "Coordenada punto": "",
        "Coordenada desde": "-34.741784271447365, -58.40470452388109",
        "Coordenada hasta": "-34.740591111824905, -58.404461874614455",
        "Empresa": "BASAA",
        "Avance": "0,00%",
        "Inicio": "2026-05-26T03:00:00.000Z",
        "Fin": "2026-05-27T03:00:00.000Z",
        "Estado": "Finalizado",
        "WKT": "LINESTRING(-58.40470452388109 -34.741784271447365, -58.404461874614455 -34.740591111824905)"
      }
    },
    {
      "type": "Feature",
      "geometry": {
        "type": "LineString",
        "coordinates": [
          [
            -58.404461874614455,
            -34.740591111824905
          ],
          [
            -58.405883584532056,
            -34.74042669355778
          ]
        ]
      },
      "properties": {
        "CGM": "BANFIELD",
        "Obra": "R. PEÑA & ALVEAR",
        "Coordenada punto": "",
        "Coordenada desde": "-34.740591111824905, -58.404461874614455",
        "Coordenada hasta": "-34.74042669355778, -58.405883584532056",
        "Empresa": "BASAA",
        "Avance": "0,00%",
        "Inicio": "2026-05-27T03:00:00.000Z",
        "Fin": "",
        "Estado": "En ejecución",
        "WKT": "LINESTRING(-58.404461874614455 -34.740591111824905, -58.405883584532056 -34.74042669355778)"
      }
    },
    {
      "type": "Feature",
      "geometry": {
        "type": "LineString",
        "coordinates": [
          [
            -58.404461874614455,
            -34.740591111824905
          ],
          [
            -58.40303809499572,
            -34.7407523579384
          ]
        ]
      },
      "properties": {
        "CGM": "BANFIELD",
        "Obra": "R. PEÑA & ALVEAR",
        "Coordenada punto": "",
        "Coordenada desde": "-34.740591111824905, -58.404461874614455",
        "Coordenada hasta": "-34.7407523579384, -58.40303809499572",
        "Empresa": "BASAA",
        "Avance": "100,00%",
        "Inicio": "2026-05-28T03:00:00.000Z",
        "Fin": "2026-05-29T03:00:00.000Z",
        "Estado": "Finalizado",
        "WKT": "LINESTRING(-58.404461874614455 -34.740591111824905, -58.40303809499572 -34.7407523579384)"
      }
    },
    {
      "type": "Feature",
      "geometry": {
        "type": "Point",
        "coordinates": [
          -58.40174721905183,
          -34.742017579168625
        ]
      },
      "properties": {
        "CGM": "BANFIELD",
        "Obra": "AZARA 1501 Y FRENCH",
        "Coordenada punto": "-34.742017579168625, -58.40174721905183",
        "Coordenada desde": "",
        "Coordenada hasta": "",
        "Empresa": "BASAA",
        "Avance": "0,00%",
        "Inicio": "2026-05-29T03:00:00.000Z",
        "Fin": "",
        "Estado": "En ejecución",
        "WKT": "POINT(-58.40174721905183 -34.742017579168625)"
      }
    },
    {
      "type": "Feature",
      "geometry": {
        "type": "Point",
        "coordinates": [
          -58.4063867494859,
          -34.79040802614884
        ]
      },
      "properties": {
        "CGM": "TURDERA",
        "Obra": "CLUB ALUMNI",
        "Coordenada punto": "-34.79040802614884, -58.4063867494859",
        "Coordenada desde": "",
        "Coordenada hasta": "",
        "Empresa": "SERVILUM",
        "Avance": "100,00%",
        "Inicio": "2026-05-19T03:00:00.000Z",
        "Fin": "2026-06-16T03:00:00.000Z",
        "Estado": "Finalizado",
        "WKT": "POINT(-58.4063867494859 -34.79040802614884)"
      }
    },
    {
      "type": "Feature",
      "geometry": {
        "type": "LineString",
        "coordinates": [
          [
            -58.47572877193138,
            -34.72826114129623
          ],
          [
            -58.47499268232215,
            -34.7279062656979
          ]
        ]
      },
      "properties": {
        "CGM": "LAMADRID",
        "Obra": "METAN & NEWTON",
        "Coordenada punto": "",
        "Coordenada desde": "-34.72826114129623, -58.47572877193138",
        "Coordenada hasta": "-34.7279062656979, -58.47499268232215",
        "Empresa": "VALFOS",
        "Avance": "75,00%",
        "Inicio": "2026-04-29T03:00:00.000Z",
        "Fin": "2026-06-10T03:00:00.000Z",
        "Estado": "Finalizado",
        "WKT": "LINESTRING(-58.47572877193138 -34.72826114129623, -58.47499268232215 -34.7279062656979)"
      }
    },
    {
      "type": "Feature",
      "geometry": {
        "type": "LineString",
        "coordinates": [
          [
            -58.47499268232215,
            -34.7279062656979
          ],
          [
            -58.473926576048,
            -34.72727184596849
          ]
        ]
      },
      "properties": {
        "CGM": "LAMADRID",
        "Obra": "METAN & TERRADA",
        "Coordenada punto": "",
        "Coordenada desde": "-34.7279062656979, -58.47499268232215",
        "Coordenada hasta": "-34.72727184596849, -58.473926576048",
        "Empresa": "VALFOS",
        "Avance": "75,00%",
        "Inicio": "2026-05-04T03:00:00.000Z",
        "Fin": "2026-07-10T03:00:00.000Z",
        "Estado": "Finalizado",
        "WKT": "LINESTRING(-58.47499268232215 -34.7279062656979, -58.473926576048 -34.72727184596849)"
      }
    },
    {
      "type": "Feature",
      "geometry": {
        "type": "Point",
        "coordinates": [
          -58.42137720954408,
          -34.806142537911676
        ]
      },
      "properties": {
        "CGM": "LLAVALLOL",
        "Obra": "ETAPA 2 - Doyhenard / Melber",
        "Coordenada punto": "-34.806142537911676, -58.42137720954408",
        "Coordenada desde": "",
        "Coordenada hasta": "",
        "Empresa": "BRIALES",
        "Avance": "100,00%",
        "Inicio": "2026-05-13T03:00:00.000Z",
        "Fin": "2026-06-30T03:00:00.000Z",
        "Estado": "Finalizado",
        "WKT": "POINT(-58.42137720954408 -34.806142537911676)"
      }
    },
    {
      "type": "Feature",
      "geometry": {
        "type": "Point",
        "coordinates": [
          -58.41480717893099,
          -34.79770534967909
        ]
      },
      "properties": {
        "CGM": "LLAVALLOL",
        "Obra": "CIS 25 DE MAYO - LOTE 1",
        "Coordenada punto": "-34.79770534967909, -58.41480717893099",
        "Coordenada desde": "",
        "Coordenada hasta": "",
        "Empresa": "ALTO SUR",
        "Avance": "100,00%",
        "Inicio": "2025-06-03T03:00:00.000Z",
        "Fin": "2026-06-29T03:00:00.000Z",
        "Estado": "Finalizado",
        "WKT": "POINT(-58.41480717893099 -34.79770534967909)"
      }
    },
    {
      "type": "Feature",
      "geometry": {
        "type": "Point",
        "coordinates": [
          -58.43699832145489,
          -34.72881048246996
        ]
      },
      "properties": {
        "CGM": "CENTENARIO",
        "Obra": "CIS EVA PERON - LOTE 2",
        "Coordenada punto": "-34.72881048246996, -58.43699832145489",
        "Coordenada desde": "",
        "Coordenada hasta": "",
        "Empresa": "GAMA",
        "Avance": "70,00%",
        "Inicio": "2025-06-03T03:00:00.000Z",
        "Fin": "2026-07-24T03:00:00.000Z",
        "Estado": "Finalizado",
        "WKT": "POINT(-58.43699832145489 -34.72881048246996)"
      }
    },
    {
      "type": "Feature",
      "geometry": {
        "type": "Point",
        "coordinates": [
          -58.43252631354047,
          -34.71725197112617
        ]
      },
      "properties": {
        "CGM": "CENTENARIO",
        "Obra": "CIS LUIS AGOTE - LOTE 2",
        "Coordenada punto": "-34.71725197112617, -58.43252631354047",
        "Coordenada desde": "",
        "Coordenada hasta": "",
        "Empresa": "GAMA",
        "Avance": "38,00%",
        "Inicio": "2025-06-03T03:00:00.000Z",
        "Fin": "2026-10-02T03:00:00.000Z",
        "Estado": "En ejecución",
        "WKT": "POINT(-58.43252631354047 -34.71725197112617)"
      }
    },
    {
      "type": "Feature",
      "geometry": {
        "type": "Point",
        "coordinates": [
          -58.35982018824653,
          -34.75613963970336
        ]
      },
      "properties": {
        "CGM": "SAN JOSE",
        "Obra": "RECUPERACION DE ESPACIO EN OTTAWA & EL TALA",
        "Coordenada punto": "-34.75613963970336, -58.35982018824653",
        "Coordenada desde": "",
        "Coordenada hasta": "",
        "Empresa": "BAUCO",
        "Avance": "100,00%",
        "Inicio": "2025-10-03T03:00:00.000Z",
        "Fin": "2026-06-19T03:00:00.000Z",
        "Estado": "Finalizado",
        "WKT": "POINT(-58.35982018824653 -34.75613963970336)"
      }
    },
    {
      "type": "Feature",
      "geometry": {
        "type": "Point",
        "coordinates": [
          -58.4739078,
          -34.7273468
        ]
      },
      "properties": {
        "CGM": "ALBERTINA",
        "Obra": "Metán entre Iparraguirre y Bustos",
        "Coordenada punto": "-34.7273468,-58.4739078",
        "Coordenada desde": "",
        "Coordenada hasta": "",
        "Empresa": "",
        "Avance": "100,00%",
        "Inicio": "",
        "Fin": "",
        "Estado": "",
        "WKT": "POINT(-58.4739078 -34.7273468)"
      }
    },
    {
      "type": "Feature",
      "geometry": {
        "type": "Point",
        "coordinates": [
          -58.47823,
          -34.72504
        ]
      },
      "properties": {
        "CGM": "LAMADRID",
        "Obra": "\nNewton y Pergamino ",
        "Coordenada punto": "-34.72504,-58.47823",
        "Coordenada desde": "",
        "Coordenada hasta": "",
        "Empresa": "",
        "Avance": "100,00%",
        "Inicio": "2025-12-04T03:00:00.000Z",
        "Fin": "2026-01-02T03:00:00.000Z",
        "Estado": "Finalizado",
        "WKT": "POINT(-58.47823 -34.72504)"
      }
    },
    {
      "type": "Feature",
      "geometry": {
        "type": "Point",
        "coordinates": [
          -58.4739078,
          -34.7273468
        ]
      },
      "properties": {
        "CGM": "LAMADRID",
        "Obra": "Iparraguirre entre Metán y Limay ",
        "Coordenada punto": "-34.7273468,-58.4739078",
        "Coordenada desde": "",
        "Coordenada hasta": "",
        "Empresa": "",
        "Avance": "100,00%",
        "Inicio": "2025-12-16T03:00:00.000Z",
        "Fin": "2026-01-09T03:00:00.000Z",
        "Estado": "Finalizado",
        "WKT": "POINT(-58.4739078 -34.7273468)"
      }
    },
    {
      "type": "Feature",
      "geometry": {
        "type": "Point",
        "coordinates": [
          -58.4556268,
          -34.7438767
        ]
      },
      "properties": {
        "CGM": "ALBERTINA",
        "Obra": "\nHomero y Guernica",
        "Coordenada punto": "-34.7438767,-58.4556268",
        "Coordenada desde": "",
        "Coordenada hasta": "",
        "Empresa": "",
        "Avance": "100,00%",
        "Inicio": "2025-12-15T03:00:00.000Z",
        "Fin": "2026-01-20T03:00:00.000Z",
        "Estado": "Finalizado",
        "WKT": "POINT(-58.4556268 -34.7438767)"
      }
    },
    {
      "type": "Feature",
      "geometry": {
        "type": "Point",
        "coordinates": [
          -58.426417,
          -34.793113
        ]
      },
      "properties": {
        "CGM": "LOMAS",
        "Obra": "PLAZA PELLEGRINI",
        "Coordenada punto": "-34.793113,-58.426417",
        "Coordenada desde": "",
        "Coordenada hasta": "",
        "Empresa": "",
        "Avance": "100,00%",
        "Inicio": "2026-01-12T03:00:00.000Z",
        "Fin": "2026-01-27T03:00:00.000Z",
        "Estado": "Finalizado",
        "WKT": "POINT(-58.426417 -34.793113)"
      }
    },
    {
      "type": "Feature",
      "geometry": {
        "type": "Point",
        "coordinates": [
          -58.4259247,
          -34.7976586
        ]
      },
      "properties": {
        "CGM": "LLAVALLOL",
        "Obra": "PRONZATO entre Nestor de la Peña y Bv. Santa Catalina ",
        "Coordenada punto": "-34.7976586,-58.4259247",
        "Coordenada desde": "",
        "Coordenada hasta": "",
        "Empresa": "",
        "Avance": "100,00%",
        "Inicio": "2025-07-07T03:00:00.000Z",
        "Fin": "2026-01-30T03:00:00.000Z",
        "Estado": "Finalizado",
        "WKT": "POINT(-58.4259247 -34.7976586)"
      }
    },
    {
      "type": "Feature",
      "geometry": {
        "type": "Point",
        "coordinates": [
          -58.4593319,
          -34.7389345
        ]
      },
      "properties": {
        "CGM": "ALBERTINA",
        "Obra": "Homero y Zuberoa",
        "Coordenada punto": "-34.7389345,-58.4593319",
        "Coordenada desde": "",
        "Coordenada hasta": "",
        "Empresa": "",
        "Avance": "100,00%",
        "Inicio": "2026-01-26T03:00:00.000Z",
        "Fin": "2026-02-06T03:00:00.000Z",
        "Estado": "Finalizado",
        "WKT": "POINT(-58.4593319 -34.7389345)"
      }
    },
    {
      "type": "Feature",
      "geometry": {
        "type": "Point",
        "coordinates": [
          -58.491459,
          -34.734794
        ]
      },
      "properties": {
        "CGM": "PARQUE BARON",
        "Obra": "PLAZA NESTOR KIRCHNER",
        "Coordenada punto": "-34.734794,-58.491459",
        "Coordenada desde": "",
        "Coordenada hasta": "",
        "Empresa": "",
        "Avance": "100,00%",
        "Inicio": "2026-01-26T03:00:00.000Z",
        "Fin": "2026-02-13T03:00:00.000Z",
        "Estado": "Finalizado",
        "WKT": "POINT(-58.491459 -34.734794)"
      }
    },
    {
      "type": "Feature",
      "geometry": {
        "type": "Point",
        "coordinates": [
          -58.4232543,
          -34.7370963
        ]
      },
      "properties": {
        "CGM": "CENTENARIO",
        "Obra": "Carlos Glade entre Caraza y Gutierrez ",
        "Coordenada punto": "-34.7370963,-58.4232543",
        "Coordenada desde": "",
        "Coordenada hasta": "",
        "Empresa": "",
        "Avance": "100,00%",
        "Inicio": "2025-09-22T03:00:00.000Z",
        "Fin": "2026-02-23T03:00:00.000Z",
        "Estado": "Finalizado",
        "WKT": "POINT(-58.4232543 -34.7370963)"
      }
    },
    {
      "type": "Feature",
      "geometry": {
        "type": "Point",
        "coordinates": [
          -58.4001171,
          -34.7558474
        ]
      },
      "properties": {
        "CGM": "LOMAS",
        "Obra": "Rivera y Manuel Castro",
        "Coordenada punto": "-34.7558474,-58.4001171",
        "Coordenada desde": "",
        "Coordenada hasta": "",
        "Empresa": "",
        "Avance": "100,00%",
        "Inicio": "2026-01-26T03:00:00.000Z",
        "Fin": "2026-02-27T03:00:00.000Z",
        "Estado": "Finalizado",
        "WKT": "POINT(-58.4001171 -34.7558474)"
      }
    },
    {
      "type": "Feature",
      "geometry": {
        "type": "Point",
        "coordinates": [
          -58.4183217,
          -34.7519596
        ]
      },
      "properties": {
        "CGM": "LOMAS",
        "Obra": "Pereyra Lucena entre Estrada y Santa Fé ",
        "Coordenada punto": "-34.7519596,-58.4183217",
        "Coordenada desde": "",
        "Coordenada hasta": "",
        "Empresa": "",
        "Avance": "100,00%",
        "Inicio": "2026-02-20T03:00:00.000Z",
        "Fin": "2026-02-27T03:00:00.000Z",
        "Estado": "Finalizado",
        "WKT": "POINT(-58.4183217 -34.7519596)"
      }
    },
    {
      "type": "Feature",
      "geometry": {
        "type": "Point",
        "coordinates": [
          -58.412169,
          -34.7700254
        ]
      },
      "properties": {
        "CGM": "LOMAS",
        "Obra": "Posadas y Chimento",
        "Coordenada punto": "-34.7700254,-58.412169",
        "Coordenada desde": "",
        "Coordenada hasta": "",
        "Empresa": "",
        "Avance": "100,00%",
        "Inicio": "2026-01-28T03:00:00.000Z",
        "Fin": "2026-02-28T03:00:00.000Z",
        "Estado": "Finalizado",
        "WKT": "POINT(-58.412169 -34.7700254)"
      }
    },
    {
      "type": "Feature",
      "geometry": {
        "type": "Point",
        "coordinates": [
          -58.3805592,
          -34.7605844
        ]
      },
      "properties": {
        "CGM": "TEMPERLEY",
        "Obra": "La Huerta entre Saenz Peña y Juncal ",
        "Coordenada punto": "-34.7605844,-58.3805592",
        "Coordenada desde": "",
        "Coordenada hasta": "",
        "Empresa": "",
        "Avance": "100,00%",
        "Inicio": "2026-02-04T03:00:00.000Z",
        "Fin": "2026-03-06T03:00:00.000Z",
        "Estado": "Finalizado",
        "WKT": "POINT(-58.3805592 -34.7605844)"
      }
    },
    {
      "type": "Feature",
      "geometry": {
        "type": "Point",
        "coordinates": [
          -58.4292455,
          -34.7600556
        ]
      },
      "properties": {
        "CGM": "PARQUE BARÓN",
        "Obra": "Andrade entre O. y Gasset y García Lorca ",
        "Coordenada punto": "-34.7600556,-58.4292455",
        "Coordenada desde": "",
        "Coordenada hasta": "",
        "Empresa": "",
        "Avance": "100,00%",
        "Inicio": "2026-02-05T03:00:00.000Z",
        "Fin": "2026-03-07T03:00:00.000Z",
        "Estado": "Finalizado",
        "WKT": "POINT(-58.4292455 -34.7600556)"
      }
    },
    {
      "type": "Feature",
      "geometry": {
        "type": "Point",
        "coordinates": [
          -58.4199941,
          -34.7354685
        ]
      },
      "properties": {
        "CGM": "CENTENARIO",
        "Obra": "Carlos Glade entre E. del Rey y Artigas ",
        "Coordenada punto": "-34.7354685,-58.4199941",
        "Coordenada desde": "",
        "Coordenada hasta": "",
        "Empresa": "",
        "Avance": "100,00%",
        "Inicio": "2026-02-02T03:00:00.000Z",
        "Fin": "2026-03-10T03:00:00.000Z",
        "Estado": "Finalizado",
        "WKT": "POINT(-58.4199941 -34.7354685)"
      }
    },
    {
      "type": "Feature",
      "geometry": {
        "type": "Point",
        "coordinates": [
          -58.4133595,
          -34.7742452
        ]
      },
      "properties": {
        "CGM": "LOMAS",
        "Obra": "Alvarez Thomas entre Oliver y Los Andes",
        "Coordenada punto": "-34.7742452,-58.4133595",
        "Coordenada desde": "",
        "Coordenada hasta": "",
        "Empresa": "",
        "Avance": "100,00%",
        "Inicio": "2026-02-12T03:00:00.000Z",
        "Fin": "2026-03-12T03:00:00.000Z",
        "Estado": "Finalizado",
        "WKT": "POINT(-58.4133595 -34.7742452)"
      }
    },
    {
      "type": "Feature",
      "geometry": {
        "type": "Point",
        "coordinates": [
          -58.4606652,
          -34.7429143
        ]
      },
      "properties": {
        "CGM": "ALBERTINA",
        "Obra": "Bustos entre Ondarribia y Eibar ",
        "Coordenada punto": "-34.7429143,-58.4606652",
        "Coordenada desde": "",
        "Coordenada hasta": "",
        "Empresa": "",
        "Avance": "100,00%",
        "Inicio": "2026-02-09T03:00:00.000Z",
        "Fin": "2026-03-13T03:00:00.000Z",
        "Estado": "Finalizado",
        "WKT": "POINT(-58.4606652 -34.7429143)"
      }
    },
    {
      "type": "Feature",
      "geometry": {
        "type": "Point",
        "coordinates": [
          -58.4564531,
          -34.7427548
        ]
      },
      "properties": {
        "CGM": "ALBERTINA",
        "Obra": "Homero y Bidazoa",
        "Coordenada punto": "-34.7427548,-58.4564531",
        "Coordenada desde": "",
        "Coordenada hasta": "",
        "Empresa": "",
        "Avance": "100,00%",
        "Inicio": "2026-02-12T03:00:00.000Z",
        "Fin": "2026-03-13T03:00:00.000Z",
        "Estado": "Finalizado",
        "WKT": "POINT(-58.4564531 -34.7427548)"
      }
    },
    {
      "type": "Feature",
      "geometry": {
        "type": "Point",
        "coordinates": [
          -58.4611315,
          -34.7365199
        ]
      },
      "properties": {
        "CGM": "ALBERTINA",
        "Obra": "Homero entre Ramallo y Zuloaga ",
        "Coordenada punto": "-34.7365199,-58.4611315",
        "Coordenada desde": "",
        "Coordenada hasta": "",
        "Empresa": "",
        "Avance": "100,00%",
        "Inicio": "2026-02-18T03:00:00.000Z",
        "Fin": "2026-03-19T03:00:00.000Z",
        "Estado": "Finalizado",
        "WKT": "POINT(-58.4611315 -34.7365199)"
      }
    },
    {
      "type": "Feature",
      "geometry": {
        "type": "Point",
        "coordinates": [
          -58.4600865,
          -34.7281126
        ]
      },
      "properties": {
        "CGM": "LAMADRID",
        "Obra": "\nA. Goiri y Cafayate",
        "Coordenada punto": "-34.7281126,-58.4600865",
        "Coordenada desde": "",
        "Coordenada hasta": "",
        "Empresa": "",
        "Avance": "100,00%",
        "Inicio": "2026-02-18T03:00:00.000Z",
        "Fin": "2026-03-19T03:00:00.000Z",
        "Estado": "Finalizado",
        "WKT": "POINT(-58.4600865 -34.7281126)"
      }
    },
    {
      "type": "Feature",
      "geometry": {
        "type": "Point",
        "coordinates": [
          -58.4377884,
          -34.7662975
        ]
      },
      "properties": {
        "CGM": "PARQUE BARÓN",
        "Obra": "Carcaraña y Voltaire ",
        "Coordenada punto": "-34.7662975,-58.4377884",
        "Coordenada desde": "",
        "Coordenada hasta": "",
        "Empresa": "",
        "Avance": "100,00%",
        "Inicio": "2026-01-07T03:00:00.000Z",
        "Fin": "2026-03-25T03:00:00.000Z",
        "Estado": "Finalizado",
        "WKT": "POINT(-58.4377884 -34.7662975)"
      }
    },
    {
      "type": "Feature",
      "geometry": {
        "type": "Point",
        "coordinates": [
          -58.4395199,
          -34.7293007
        ]
      },
      "properties": {
        "CGM": "CENTENARIO",
        "Obra": "París ente B. P. Galdos y Pio Baroja ",
        "Coordenada punto": "-34.7293007,-58.4395199",
        "Coordenada desde": "",
        "Coordenada hasta": "",
        "Empresa": "",
        "Avance": "100,00%",
        "Inicio": "2026-03-09T03:00:00.000Z",
        "Fin": "2026-03-26T03:00:00.000Z",
        "Estado": "Finalizado",
        "WKT": "POINT(-58.4395199 -34.7293007)"
      }
    },
    {
      "type": "Feature",
      "geometry": {
        "type": "Point",
        "coordinates": [
          -58.351761,
          -34.7399383
        ]
      },
      "properties": {
        "CGM": "SAN JOSÉ",
        "Obra": "Lynch y México ",
        "Coordenada punto": "-34.7399383,-58.351761",
        "Coordenada desde": "",
        "Coordenada hasta": "",
        "Empresa": "",
        "Avance": "100,00%",
        "Inicio": "2026-02-25T03:00:00.000Z",
        "Fin": "2026-03-31T03:00:00.000Z",
        "Estado": "Finalizado",
        "WKT": "POINT(-58.351761 -34.7399383)"
      }
    },
    {
      "type": "Feature",
      "geometry": {
        "type": "Point",
        "coordinates": [
          -58.4050248,
          -34.764945
        ]
      },
      "properties": {
        "CGM": "LOMAS",
        "Obra": "Sarmiento y Garona ",
        "Coordenada punto": "-34.764945,-58.4050248",
        "Coordenada desde": "",
        "Coordenada hasta": "",
        "Empresa": "",
        "Avance": "100,00%",
        "Inicio": "2026-03-09T03:00:00.000Z",
        "Fin": "2026-04-06T03:00:00.000Z",
        "Estado": "Finalizado",
        "WKT": "POINT(-58.4050248 -34.764945)"
      }
    },
    {
      "type": "Feature",
      "geometry": {
        "type": "Point",
        "coordinates": [
          -58.4051343,
          -34.7645138
        ]
      },
      "properties": {
        "CGM": "LOMAS",
        "Obra": "SARMIENTO 363 ENTRE COLOMBRES Y GARONA",
        "Coordenada punto": "-34.7645138,-58.4051343",
        "Coordenada desde": "",
        "Coordenada hasta": "",
        "Empresa": "",
        "Avance": "100,00%",
        "Inicio": "2026-03-06T03:00:00.000Z",
        "Fin": "2026-04-06T03:00:00.000Z",
        "Estado": "Finalizado",
        "WKT": "POINT(-58.4051343 -34.7645138)"
      }
    },
    {
      "type": "Feature",
      "geometry": {
        "type": "Point",
        "coordinates": [
          -58.4377884,
          -34.7662975
        ]
      },
      "properties": {
        "CGM": "PARQUE BARÓN",
        "Obra": "CARCARAÑA Y VOLTAIRE",
        "Coordenada punto": "-34.7662975,-58.4377884",
        "Coordenada desde": "",
        "Coordenada hasta": "",
        "Empresa": "",
        "Avance": "100,00%",
        "Inicio": "2026-03-06T03:00:00.000Z",
        "Fin": "2026-04-06T03:00:00.000Z",
        "Estado": "Finalizado",
        "WKT": "POINT(-58.4377884 -34.7662975)"
      }
    },
    {
      "type": "Feature",
      "geometry": {
        "type": "Point",
        "coordinates": [
          -58.3598631,
          -34.7562631
        ]
      },
      "properties": {
        "CGM": "SAN JOSÉ",
        "Obra": "OTAWA Y EL TALA",
        "Coordenada punto": "-34.7562631,-58.3598631",
        "Coordenada desde": "",
        "Coordenada hasta": "",
        "Empresa": "",
        "Avance": "100,00%",
        "Inicio": "2026-04-23T03:00:00.000Z",
        "Fin": "2026-04-23T03:00:00.000Z",
        "Estado": "Finalizado",
        "WKT": "POINT(-58.3598631 -34.7562631)"
      }
    },
    {
      "type": "Feature",
      "geometry": {
        "type": "Point",
        "coordinates": [
          -58.3582825,
          -34.756383
        ]
      },
      "properties": {
        "CGM": "SAN JOSÉ",
        "Obra": "ALEMANIA Y PORTUGAL",
        "Coordenada punto": "-34.756383,-58.3582825",
        "Coordenada desde": "",
        "Coordenada hasta": "",
        "Empresa": "",
        "Avance": "100,00%",
        "Inicio": "2026-04-27T03:00:00.000Z",
        "Fin": "2026-04-28T03:00:00.000Z",
        "Estado": "Finalizado",
        "WKT": "POINT(-58.3582825 -34.756383)"
      }
    },
    {
      "type": "Feature",
      "geometry": {
        "type": "Point",
        "coordinates": [
          -58.3666308,
          -34.7526529
        ]
      },
      "properties": {
        "CGM": "SAN JOSÉ",
        "Obra": "DINAMARCA ENTRE SAN PATRICIO Y NUEVA YORK",
        "Coordenada punto": "-34.7526529,-58.3666308",
        "Coordenada desde": "",
        "Coordenada hasta": "",
        "Empresa": "",
        "Avance": "100,00%",
        "Inicio": "2026-04-28T03:00:00.000Z",
        "Fin": "2026-04-28T03:00:00.000Z",
        "Estado": "Finalizado",
        "WKT": "POINT(-58.3666308 -34.7526529)"
      }
    },
    {
      "type": "Feature",
      "geometry": {
        "type": "Point",
        "coordinates": [
          -58.4022662,
          -34.7444901
        ]
      },
      "properties": {
        "CGM": "BANFIELD",
        "Obra": "AZARA ENTRE LARROQUE Y GRIGERA",
        "Coordenada punto": "-34.7444901,-58.4022662",
        "Coordenada desde": "",
        "Coordenada hasta": "",
        "Empresa": "",
        "Avance": "100,00%",
        "Inicio": "2026-04-28T03:00:00.000Z",
        "Fin": "2026-04-29T03:00:00.000Z",
        "Estado": "Finalizado",
        "WKT": "POINT(-58.4022662 -34.7444901)"
      }
    },
    {
      "type": "Feature",
      "geometry": {
        "type": "Point",
        "coordinates": [
          -58.4066176,
          -34.7438368
        ]
      },
      "properties": {
        "CGM": "BANFIELD",
        "Obra": "SAN MARTIN ENTRE LARROQUE Y GRIGERA",
        "Coordenada punto": "-34.7438368,-58.4066176",
        "Coordenada desde": "",
        "Coordenada hasta": "",
        "Empresa": "",
        "Avance": "100,00%",
        "Inicio": "2026-04-28T03:00:00.000Z",
        "Fin": "2026-04-29T03:00:00.000Z",
        "Estado": "Finalizado",
        "WKT": "POINT(-58.4066176 -34.7438368)"
      }
    },
    {
      "type": "Feature",
      "geometry": {
        "type": "Point",
        "coordinates": [
          -58.4066176,
          -34.7438368
        ]
      },
      "properties": {
        "CGM": "BANFIELD",
        "Obra": "SAN MARTIN ENTRE LARROQUE Y BERUTTI",
        "Coordenada punto": "-34.7438368,-58.4066176",
        "Coordenada desde": "",
        "Coordenada hasta": "",
        "Empresa": "",
        "Avance": "100,00%",
        "Inicio": "2026-04-29T03:00:00.000Z",
        "Fin": "2026-04-30T03:00:00.000Z",
        "Estado": "Finalizado",
        "WKT": "POINT(-58.4066176 -34.7438368)"
      }
    },
    {
      "type": "Feature",
      "geometry": {
        "type": "Point",
        "coordinates": [
          -58.4111605,
          -34.7652698
        ]
      },
      "properties": {
        "CGM": "TEMPERLEY",
        "Obra": "\nSoler y Fernandez",
        "Coordenada punto": "-34.7652698,-58.4111605",
        "Coordenada desde": "",
        "Coordenada hasta": "",
        "Empresa": "",
        "Avance": "100,00%",
        "Inicio": "2026-04-29T03:00:00.000Z",
        "Fin": "2026-04-30T03:00:00.000Z",
        "Estado": "Finalizado",
        "WKT": "POINT(-58.4111605 -34.7652698)"
      }
    },
    {
      "type": "Feature",
      "geometry": {
        "type": "Point",
        "coordinates": [
          -58.4083568,
          -34.7385596
        ]
      },
      "properties": {
        "CGM": "BANFIELD",
        "Obra": "SAN MARTIN ENTRE VIEYTES Y DARRAGUEIRA",
        "Coordenada punto": "-34.7385596,-58.4083568",
        "Coordenada desde": "",
        "Coordenada hasta": "",
        "Empresa": "",
        "Avance": "100,00%",
        "Inicio": "2025-12-02T03:00:00.000Z",
        "Fin": "2026-05-01T03:00:00.000Z",
        "Estado": "Finalizado",
        "WKT": "POINT(-58.4083568 -34.7385596)"
      }
    },
    {
      "type": "Feature",
      "geometry": {
        "type": "Point",
        "coordinates": [
          -58.4064345,
          -34.7362919
        ]
      },
      "properties": {
        "CGM": "BANFIELD",
        "Obra": "SAN MARTIN ENTRE GODOY CRUZ Y DARRAGUEIRA",
        "Coordenada punto": "-34.7362919,-58.4064345",
        "Coordenada desde": "",
        "Coordenada hasta": "",
        "Empresa": "",
        "Avance": "100,00%",
        "Inicio": "2026-04-30T03:00:00.000Z",
        "Fin": "2026-05-01T03:00:00.000Z",
        "Estado": "Finalizado",
        "WKT": "POINT(-58.4064345 -34.7362919)"
      }
    },
    {
      "type": "Feature",
      "geometry": {
        "type": "Point",
        "coordinates": [
          -58.3771643,
          -34.7421043
        ]
      },
      "properties": {
        "CGM": "BANFIELD",
        "Obra": "CABRERA 1322",
        "Coordenada punto": "-34.7421043,-58.3771643",
        "Coordenada desde": "",
        "Coordenada hasta": "",
        "Empresa": "",
        "Avance": "100,00%",
        "Inicio": "2026-04-30T03:00:00.000Z",
        "Fin": "2026-05-01T03:00:00.000Z",
        "Estado": "Finalizado",
        "WKT": "POINT(-58.3771643 -34.7421043)"
      }
    },
    {
      "type": "Feature",
      "geometry": {
        "type": "Point",
        "coordinates": [
          -58.4047848,
          -34.7352918
        ]
      },
      "properties": {
        "CGM": "BANFIELD",
        "Obra": "SAN MARTIN ENTRE ARAOZ Y URIARTE",
        "Coordenada punto": "-34.7352918,-58.4047848",
        "Coordenada desde": "",
        "Coordenada hasta": "",
        "Empresa": "",
        "Avance": "100,00%",
        "Inicio": "2026-04-29T03:00:00.000Z",
        "Fin": "2026-05-04T03:00:00.000Z",
        "Estado": "Finalizado",
        "WKT": "POINT(-58.4047848 -34.7352918)"
      }
    },
    {
      "type": "Feature",
      "geometry": {
        "type": "Point",
        "coordinates": [
          -58.4064345,
          -34.7362919
        ]
      },
      "properties": {
        "CGM": "BANFIELD",
        "Obra": "SAN MARTIN ENTRE GODOY CRUZ Y ARAOZ",
        "Coordenada punto": "-34.7362919,-58.4064345",
        "Coordenada desde": "",
        "Coordenada hasta": "",
        "Empresa": "",
        "Avance": "100,00%",
        "Inicio": "2026-05-04T03:00:00.000Z",
        "Fin": "2026-05-05T03:00:00.000Z",
        "Estado": "Finalizado",
        "WKT": "POINT(-58.4064345 -34.7362919)"
      }
    },
    {
      "type": "Feature",
      "geometry": {
        "type": "Point",
        "coordinates": [
          -58.4091107,
          -34.79497
        ]
      },
      "properties": {
        "CGM": "TURDERA",
        "Obra": "ESQUIU ENTRE AV. YRIGOYEN Y SAN BENITO",
        "Coordenada punto": "-34.79497,-58.4091107",
        "Coordenada desde": "",
        "Coordenada hasta": "",
        "Empresa": "",
        "Avance": "100,00%",
        "Inicio": "2026-05-05T03:00:00.000Z",
        "Fin": "2026-05-06T03:00:00.000Z",
        "Estado": "Finalizado",
        "WKT": "POINT(-58.4091107 -34.79497)"
      }
    },
    {
      "type": "Feature",
      "geometry": {
        "type": "Point",
        "coordinates": [
          -58.381956,
          -34.7626953
        ]
      },
      "properties": {
        "CGM": "TEMPERLEY",
        "Obra": "JUNCAL 1407",
        "Coordenada punto": "-34.7626953,-58.381956",
        "Coordenada desde": "",
        "Coordenada hasta": "",
        "Empresa": "",
        "Avance": "100,00%",
        "Inicio": "2026-04-28T03:00:00.000Z",
        "Fin": "2026-05-08T03:00:00.000Z",
        "Estado": "Finalizado",
        "WKT": "POINT(-58.381956 -34.7626953)"
      }
    },
    {
      "type": "Feature",
      "geometry": {
        "type": "Point",
        "coordinates": [
          -58.4053279,
          -34.737825
        ]
      },
      "properties": {
        "CGM": "BANFIELD",
        "Obra": "CROCE 1800 ENTRE DARRAGUEIRA Y GODOY CRUZ",
        "Coordenada punto": "-34.737825,-58.4053279",
        "Coordenada desde": "",
        "Coordenada hasta": "",
        "Empresa": "",
        "Avance": "100,00%",
        "Inicio": "2026-05-11T03:00:00.000Z",
        "Fin": "2026-05-11T03:00:00.000Z",
        "Estado": "Finalizado",
        "WKT": "POINT(-58.4053279 -34.737825)"
      }
    },
    {
      "type": "Feature",
      "geometry": {
        "type": "Point",
        "coordinates": [
          -58.4292259,
          -34.7965057
        ]
      },
      "properties": {
        "CGM": "LLAVALLOL",
        "Obra": "CIS LLAVALLOL (playón entrada ambulancias)",
        "Coordenada punto": "-34.7965057,-58.4292259",
        "Coordenada desde": "",
        "Coordenada hasta": "",
        "Empresa": "",
        "Avance": "100,00%",
        "Inicio": "2026-05-11T03:00:00.000Z",
        "Fin": "2026-05-12T03:00:00.000Z",
        "Estado": "Finalizado",
        "WKT": "POINT(-58.4292259 -34.7965057)"
      }
    },
    {
      "type": "Feature",
      "geometry": {
        "type": "Point",
        "coordinates": [
          -58.4053279,
          -34.737825
        ]
      },
      "properties": {
        "CGM": "BANFIELD",
        "Obra": "CROCE Y DARRAGUEIRA",
        "Coordenada punto": "-34.737825,-58.4053279",
        "Coordenada desde": "",
        "Coordenada hasta": "",
        "Empresa": "",
        "Avance": "100,00%",
        "Inicio": "2026-05-12T03:00:00.000Z",
        "Fin": "2026-05-13T03:00:00.000Z",
        "Estado": "Finalizado",
        "WKT": "POINT(-58.4053279 -34.737825)"
      }
    },
    {
      "type": "Feature",
      "geometry": {
        "type": "Point",
        "coordinates": [
          -58.4067255,
          -34.7376114
        ]
      },
      "properties": {
        "CGM": "BANFIELD",
        "Obra": "DARRAGUEIRA ENTRE PENNA Y CROCE",
        "Coordenada punto": "-34.7376114,-58.4067255",
        "Coordenada desde": "",
        "Coordenada hasta": "",
        "Empresa": "",
        "Avance": "100,00%",
        "Inicio": "2026-05-12T03:00:00.000Z",
        "Fin": "2026-05-13T03:00:00.000Z",
        "Estado": "Finalizado",
        "WKT": "POINT(-58.4067255 -34.7376114)"
      }
    },
    {
      "type": "Feature",
      "geometry": {
        "type": "Point",
        "coordinates": [
          -58.4067255,
          -34.7376114
        ]
      },
      "properties": {
        "CGM": "BANFIELD",
        "Obra": "DARRAGUEIRA Y PENNA",
        "Coordenada punto": "-34.7376114,-58.4067255",
        "Coordenada desde": "",
        "Coordenada hasta": "",
        "Empresa": "",
        "Avance": "100,00%",
        "Inicio": "2026-05-13T03:00:00.000Z",
        "Fin": "2026-05-14T03:00:00.000Z",
        "Estado": "Finalizado",
        "WKT": "POINT(-58.4067255 -34.7376114)"
      }
    },
    {
      "type": "Feature",
      "geometry": {
        "type": "Point",
        "coordinates": [
          -58.4047848,
          -34.7352918
        ]
      },
      "properties": {
        "CGM": "BANFIELD",
        "Obra": "CROCE Y ARAOZ",
        "Coordenada punto": "-34.7352918,-58.4047848",
        "Coordenada desde": "",
        "Coordenada hasta": "",
        "Empresa": "",
        "Avance": "100,00%",
        "Inicio": "2026-05-14T03:00:00.000Z",
        "Fin": "2026-05-15T03:00:00.000Z",
        "Estado": "Finalizado",
        "WKT": "POINT(-58.4047848 -34.7352918)"
      }
    },
    {
      "type": "Feature",
      "geometry": {
        "type": "Point",
        "coordinates": [
          -58.4061905,
          -34.7350588
        ]
      },
      "properties": {
        "CGM": "BANFIELD",
        "Obra": "PENNA Y ARAOZ",
        "Coordenada punto": "-34.7350588,-58.4061905",
        "Coordenada desde": "",
        "Coordenada hasta": "",
        "Empresa": "",
        "Avance": "100,00%",
        "Inicio": "2026-05-15T03:00:00.000Z",
        "Fin": "2026-05-15T03:00:00.000Z",
        "Estado": "Finalizado",
        "WKT": "POINT(-58.4061905 -34.7350588)"
      }
    },
    {
      "type": "Feature",
      "geometry": {
        "type": "Point",
        "coordinates": [
          -58.4043846,
          -34.742031
        ]
      },
      "properties": {
        "CGM": "BANFIELD",
        "Obra": "ALVEAR 2072 ENTRE ARAOZ Y URIARTE",
        "Coordenada punto": "-34.742031,-58.4043846",
        "Coordenada desde": "",
        "Coordenada hasta": "",
        "Empresa": "",
        "Avance": "100,00%",
        "Inicio": "2026-05-15T03:00:00.000Z",
        "Fin": "2026-05-15T03:00:00.000Z",
        "Estado": "Finalizado",
        "WKT": "POINT(-58.4043846 -34.742031)"
      }
    },
    {
      "type": "Feature",
      "geometry": {
        "type": "Point",
        "coordinates": [
          -58.4124112,
          -34.7577603
        ]
      },
      "properties": {
        "CGM": "LOMAS",
        "Obra": "BOEDO ENTRE ALMAFUERTE Y TUCUMAN",
        "Coordenada punto": "-34.7577603,-58.4124112",
        "Coordenada desde": "",
        "Coordenada hasta": "",
        "Empresa": "",
        "Avance": "100,00%",
        "Inicio": "2026-05-14T03:00:00.000Z",
        "Fin": "2026-05-15T03:00:00.000Z",
        "Estado": "Finalizado",
        "WKT": "POINT(-58.4124112 -34.7577603)"
      }
    },
    {
      "type": "Feature",
      "geometry": {
        "type": "Point",
        "coordinates": [
          -58.4123974,
          -34.7577623
        ]
      },
      "properties": {
        "CGM": "LOMAS",
        "Obra": "BOEDO 1100 (hundimiento, previamente realizada reparación con adoquinado)",
        "Coordenada punto": "-34.7577623,-58.4123974",
        "Coordenada desde": "",
        "Coordenada hasta": "",
        "Empresa": "",
        "Avance": "100,00%",
        "Inicio": "2026-05-14T03:00:00.000Z",
        "Fin": "2026-05-15T03:00:00.000Z",
        "Estado": "Finalizado",
        "WKT": "POINT(-58.4123974 -34.7577623)"
      }
    },
    {
      "type": "Feature",
      "geometry": {
        "type": "Point",
        "coordinates": [
          -58.4727199,
          -34.7322167
        ]
      },
      "properties": {
        "CGM": "LAMADRID",
        "Obra": "FIGUEREDO Y LARRAZABAL (carpeta asfáltica B° El Corcho)",
        "Coordenada punto": "-34.7322167,-58.4727199",
        "Coordenada desde": "",
        "Coordenada hasta": "",
        "Empresa": "",
        "Avance": "100,00%",
        "Inicio": "2026-05-18T03:00:00.000Z",
        "Fin": "2026-05-18T03:00:00.000Z",
        "Estado": "Finalizado",
        "WKT": "POINT(-58.4727199 -34.7322167)"
      }
    },
    {
      "type": "Feature",
      "geometry": {
        "type": "Point",
        "coordinates": [
          -58.4047848,
          -34.7352918
        ]
      },
      "properties": {
        "CGM": "BANFIELD",
        "Obra": "ARAOZ ENTRE CROCE Y PENNA",
        "Coordenada punto": "-34.7352918,-58.4047848",
        "Coordenada desde": "",
        "Coordenada hasta": "",
        "Empresa": "",
        "Avance": "100,00%",
        "Inicio": "2026-05-19T03:00:00.000Z",
        "Fin": "2026-05-19T03:00:00.000Z",
        "Estado": "Finalizado",
        "WKT": "POINT(-58.4047848 -34.7352918)"
      }
    },
    {
      "type": "Feature",
      "geometry": {
        "type": "Point",
        "coordinates": [
          -58.4151824,
          -34.7592455
        ]
      },
      "properties": {
        "CGM": "LOMAS",
        "Obra": "PLAZA LIBERTAD (baches de calles aledañas)",
        "Coordenada punto": "-34.7592455,-58.4151824",
        "Coordenada desde": "",
        "Coordenada hasta": "",
        "Empresa": "",
        "Avance": "100,00%",
        "Inicio": "2026-05-18T03:00:00.000Z",
        "Fin": "2026-05-19T03:00:00.000Z",
        "Estado": "Finalizado",
        "WKT": "POINT(-58.4151824 -34.7592455)"
      }
    },
    {
      "type": "Feature",
      "geometry": {
        "type": "Point",
        "coordinates": [
          -58.4083568,
          -34.7385596
        ]
      },
      "properties": {
        "CGM": "BANFIELD",
        "Obra": "ALMAFUERTE ENTRE VIEYTES Y PEÑA",
        "Coordenada punto": "-34.7385596,-58.4083568",
        "Coordenada desde": "",
        "Coordenada hasta": "",
        "Empresa": "",
        "Avance": "100,00%",
        "Inicio": "2026-05-19T03:00:00.000Z",
        "Fin": "2026-05-20T03:00:00.000Z",
        "Estado": "Finalizado",
        "WKT": "POINT(-58.4083568 -34.7385596)"
      }
    },
    {
      "type": "Feature",
      "geometry": {
        "type": "Point",
        "coordinates": [
          -58.4043846,
          -34.742031
        ]
      },
      "properties": {
        "CGM": "BANFIELD",
        "Obra": "ALVEAR 1715 / 1726 ENTRE VIEYTES Y DARRAGUEIRA",
        "Coordenada punto": "-34.742031,-58.4043846",
        "Coordenada desde": "",
        "Coordenada hasta": "",
        "Empresa": "",
        "Avance": "100,00%",
        "Inicio": "2026-05-19T03:00:00.000Z",
        "Fin": "2026-05-20T03:00:00.000Z",
        "Estado": "Finalizado",
        "WKT": "POINT(-58.4043846 -34.742031)"
      }
    },
    {
      "type": "Feature",
      "geometry": {
        "type": "Point",
        "coordinates": [
          -58.3831361,
          -34.7485208
        ]
      },
      "properties": {
        "CGM": "BANFIELD",
        "Obra": "ALVEAR ENTRE R. PEÑA Y VIEYTES",
        "Coordenada punto": "-34.7485208,-58.3831361",
        "Coordenada desde": "",
        "Coordenada hasta": "",
        "Empresa": "",
        "Avance": "100,00%",
        "Inicio": "2026-05-21T03:00:00.000Z",
        "Fin": "2026-05-22T03:00:00.000Z",
        "Estado": "Finalizado",
        "WKT": "POINT(-58.3831361 -34.7485208)"
      }
    },
    {
      "type": "Feature",
      "geometry": {
        "type": "Point",
        "coordinates": [
          -58.4252642,
          -34.7973491
        ]
      },
      "properties": {
        "CGM": "LLAVALLOL",
        "Obra": "PRONZATO (Completamiento de tramo iniciado en febrero de 2026)",
        "Coordenada punto": "-34.7973491,-58.4252642",
        "Coordenada desde": "",
        "Coordenada hasta": "",
        "Empresa": "",
        "Avance": "75,00%",
        "Inicio": "2026-05-22T03:00:00.000Z",
        "Fin": "2026-05-22T03:00:00.000Z",
        "Estado": "Finalizado",
        "WKT": "POINT(-58.4252642 -34.7973491)"
      }
    },
    {
      "type": "Feature",
      "geometry": {
        "type": "Point",
        "coordinates": [
          -58.4075327,
          -34.7414347
        ]
      },
      "properties": {
        "CGM": "BANFIELD",
        "Obra": "ALVEAR ENTRE FRENCH Y R. PEÑA",
        "Coordenada punto": "-34.7414347,-58.4075327",
        "Coordenada desde": "",
        "Coordenada hasta": "",
        "Empresa": "",
        "Avance": "100,00%",
        "Inicio": "2026-05-13T03:00:00.000Z",
        "Fin": "2026-05-27T03:00:00.000Z",
        "Estado": "Finalizado",
        "WKT": "POINT(-58.4075327 -34.7414347)"
      }
    },
    {
      "type": "Feature",
      "geometry": {
        "type": "Point",
        "coordinates": [
          -58.3648849,
          -34.7445484
        ]
      },
      "properties": {
        "CGM": "SAN JOSÉ",
        "Obra": "LYNCH Y CORDOBA",
        "Coordenada punto": "-34.7445484,-58.3648849",
        "Coordenada desde": "",
        "Coordenada hasta": "",
        "Empresa": "",
        "Avance": "100,00%",
        "Inicio": "2026-05-26T03:00:00.000Z",
        "Fin": "2026-05-27T03:00:00.000Z",
        "Estado": "Finalizado",
        "WKT": "POINT(-58.3648849 -34.7445484)"
      }
    },
    {
      "type": "Feature",
      "geometry": {
        "type": "Point",
        "coordinates": [
          -58.3499146,
          -34.7398949
        ]
      },
      "properties": {
        "CGM": "SAN JOSÉ",
        "Obra": "LYNCH Y BRASIL",
        "Coordenada punto": "-34.7398949,-58.3499146",
        "Coordenada desde": "",
        "Coordenada hasta": "",
        "Empresa": "",
        "Avance": "100,00%",
        "Inicio": "2026-04-27T03:00:00.000Z",
        "Fin": "2026-05-28T03:00:00.000Z",
        "Estado": "Finalizado",
        "WKT": "POINT(-58.3499146 -34.7398949)"
      }
    },
    {
      "type": "Feature",
      "geometry": {
        "type": "Point",
        "coordinates": [
          -58.3917316,
          -34.7446112
        ]
      },
      "properties": {
        "CGM": "BANFIELD",
        "Obra": "R. PEÑA Y SAN MARTÍN",
        "Coordenada punto": "-34.7446112,-58.3917316",
        "Coordenada desde": "",
        "Coordenada hasta": "",
        "Empresa": "",
        "Avance": "100,00%",
        "Inicio": "2026-04-27T03:00:00.000Z",
        "Fin": "2026-05-28T03:00:00.000Z",
        "Estado": "Finalizado",
        "WKT": "POINT(-58.3917316 -34.7446112)"
      }
    },
    {
      "type": "Feature",
      "geometry": {
        "type": "Point",
        "coordinates": [
          -58.4195121,
          -34.7449254
        ]
      },
      "properties": {
        "CGM": "BANFIELD",
        "Obra": "SAN MARTIN 1648 ENTRE PEÑA Y VIEYTES",
        "Coordenada punto": "-34.7449254,-58.4195121",
        "Coordenada desde": "",
        "Coordenada hasta": "",
        "Empresa": "",
        "Avance": "100,00%",
        "Inicio": "2026-05-28T03:00:00.000Z",
        "Fin": "2026-05-29T03:00:00.000Z",
        "Estado": "Finalizado",
        "WKT": "POINT(-58.4195121 -34.7449254)"
      }
    },
    {
      "type": "Feature",
      "geometry": {
        "type": "Point",
        "coordinates": [
          -58.4612541,
          -34.7420671
        ]
      },
      "properties": {
        "CGM": "ALBERTINA",
        "Obra": "CIS VILLA ALBERTINA - LOTE 3",
        "Coordenada punto": "-34.7420671,-58.4612541",
        "Coordenada desde": "",
        "Coordenada hasta": "",
        "Empresa": "",
        "Avance": "98,00%",
        "Inicio": "2026-05-28T03:00:00.000Z",
        "Fin": "2026-05-29T03:00:00.000Z",
        "Estado": "Finalizado",
        "WKT": "POINT(-58.4612541 -34.7420671)"
      }
    },
    {
      "type": "Feature",
      "geometry": {
        "type": "Point",
        "coordinates": [
          -58.3917316,
          -34.7446112
        ]
      },
      "properties": {
        "CGM": "BANFIELD",
        "Obra": "R. PEÑA ENTRE SAN MARTIN Y AZARA",
        "Coordenada punto": "-34.7446112,-58.3917316",
        "Coordenada desde": "",
        "Coordenada hasta": "",
        "Empresa": "",
        "Avance": "100,00%",
        "Inicio": "2025-06-02T03:00:00.000Z",
        "Fin": "2026-05-29T03:00:00.000Z",
        "Estado": "Finalizado",
        "WKT": "POINT(-58.3917316 -34.7446112)"
      }
    },
    {
      "type": "Feature",
      "geometry": {
        "type": "Point",
        "coordinates": [
          -58.4546609,
          -34.6990828
        ]
      },
      "properties": {
        "CGM": "FIORITO",
        "Obra": "ECOPUNTO",
        "Coordenada punto": "-34.6990828,-58.4546609",
        "Coordenada desde": "",
        "Coordenada hasta": "",
        "Empresa": "",
        "Avance": "100,00%",
        "Inicio": "2026-05-29T03:00:00.000Z",
        "Fin": "2026-05-30T03:00:00.000Z",
        "Estado": "Finalizado",
        "WKT": "POINT(-58.4546609 -34.6990828)"
      }
    },
    {
      "type": "Feature",
      "geometry": {
        "type": "Point",
        "coordinates": [
          -58.3831361,
          -34.7485208
        ]
      },
      "properties": {
        "CGM": "BANFIELD",
        "Obra": "MANUEL CASTRO ENTRE PEÑA Y FRENCH",
        "Coordenada punto": "-34.7485208,-58.3831361",
        "Coordenada desde": "",
        "Coordenada hasta": "",
        "Empresa": "",
        "Avance": "100,00%",
        "Inicio": "2026-05-15T03:00:00.000Z",
        "Fin": "2026-05-30T03:00:00.000Z",
        "Estado": "Finalizado",
        "WKT": "POINT(-58.3831361 -34.7485208)"
      }
    },
    {
      "type": "Feature",
      "geometry": {
        "type": "Point",
        "coordinates": [
          -58.4045552,
          -34.7341007
        ]
      },
      "properties": {
        "CGM": "BANFIELD",
        "Obra": "ALVEAR ENTRE URIARTE Y ARAOZ",
        "Coordenada punto": "-34.7341007,-58.4045552",
        "Coordenada desde": "",
        "Coordenada hasta": "",
        "Empresa": "",
        "Avance": "100,00%",
        "Inicio": "2026-05-30T03:00:00.000Z",
        "Fin": "2026-05-31T03:00:00.000Z",
        "Estado": "Finalizado",
        "WKT": "POINT(-58.4045552 -34.7341007)"
      }
    },
    {
      "type": "Feature",
      "geometry": {
        "type": "Point",
        "coordinates": [
          -58.3382714,
          -34.7521164
        ]
      },
      "properties": {
        "CGM": "SAN JOSE",
        "Obra": "EL HORNERO Y AV. TTE. GRAL. D. ALVAREZ (vereda de la vecina del árbol)",
        "Coordenada punto": "-34.7521164,-58.3382714",
        "Coordenada desde": "",
        "Coordenada hasta": "",
        "Empresa": "",
        "Avance": "100,00%",
        "Inicio": "2026-06-01T03:00:00.000Z",
        "Fin": "2026-06-02T03:00:00.000Z",
        "Estado": "Finalizado",
        "WKT": "POINT(-58.3382714 -34.7521164)"
      }
    },
    {
      "type": "Feature",
      "geometry": {
        "type": "Point",
        "coordinates": [
          -58.4011354,
          -34.7459936
        ]
      },
      "properties": {
        "CGM": "BANFIELD",
        "Obra": "MANUEL CASTRO ENTRE GRIGERA Y CAPELLO",
        "Coordenada punto": "-34.7459936,-58.4011354",
        "Coordenada desde": "",
        "Coordenada hasta": "",
        "Empresa": "",
        "Avance": "100,00%",
        "Inicio": "2026-05-18T03:00:00.000Z",
        "Fin": "2026-06-02T03:00:00.000Z",
        "Estado": "Finalizado",
        "WKT": "POINT(-58.4011354 -34.7459936)"
      }
    },
    {
      "type": "Feature",
      "geometry": {
        "type": "Point",
        "coordinates": [
          -58.4008355,
          -34.7446805
        ]
      },
      "properties": {
        "CGM": "BANFIELD",
        "Obra": "MANUEL CASTRO ENTRE LARROQUE Y GRIGERA",
        "Coordenada punto": "-34.7446805,-58.4008355",
        "Coordenada desde": "",
        "Coordenada hasta": "",
        "Empresa": "",
        "Avance": "100,00%",
        "Inicio": "2026-06-02T03:00:00.000Z",
        "Fin": "2026-06-03T03:00:00.000Z",
        "Estado": "Finalizado",
        "WKT": "POINT(-58.4008355 -34.7446805)"
      }
    },
    {
      "type": "Feature",
      "geometry": {
        "type": "Point",
        "coordinates": [
          -58.4524351,
          -34.7518158
        ]
      },
      "properties": {
        "CGM": "SANTA MARTA",
        "Obra": "VIRGILIO Y VALPARAISO",
        "Coordenada punto": "-34.7518158,-58.4524351",
        "Coordenada desde": "",
        "Coordenada hasta": "",
        "Empresa": "",
        "Avance": "100,00%",
        "Inicio": "2026-06-02T03:00:00.000Z",
        "Fin": "2026-06-03T03:00:00.000Z",
        "Estado": "Finalizado",
        "WKT": "POINT(-58.4524351 -34.7518158)"
      }
    },
    {
      "type": "Feature",
      "geometry": {
        "type": "Point",
        "coordinates": [
          -58.4101136,
          -34.7392162
        ]
      },
      "properties": {
        "CGM": "BANFIELD",
        "Obra": "DAARRAGUEIRA ENTRE TUCUMAN Y ALMAFUERTE",
        "Coordenada punto": "-34.7392162,-58.4101136",
        "Coordenada desde": "",
        "Coordenada hasta": "",
        "Empresa": "",
        "Avance": "100,00%",
        "Inicio": "2026-05-04T03:00:00.000Z",
        "Fin": "2026-06-04T03:00:00.000Z",
        "Estado": "Finalizado",
        "WKT": "POINT(-58.4101136 -34.7392162)"
      }
    },
    {
      "type": "Feature",
      "geometry": {
        "type": "Point",
        "coordinates": [
          -58.441256,
          -34.7518372
        ]
      },
      "properties": {
        "CGM": "SANTA MARTA",
        "Obra": "VIRGILIO ENTRE URUNDAY Y PAMPERO",
        "Coordenada punto": "-34.7518372,-58.441256",
        "Coordenada desde": "",
        "Coordenada hasta": "",
        "Empresa": "",
        "Avance": "100,00%",
        "Inicio": "2026-06-03T03:00:00.000Z",
        "Fin": "2026-06-04T03:00:00.000Z",
        "Estado": "Finalizado",
        "WKT": "POINT(-58.441256 -34.7518372)"
      }
    },
    {
      "type": "Feature",
      "geometry": {
        "type": "Point",
        "coordinates": [
          -58.4498928,
          -34.7551314
        ]
      },
      "properties": {
        "CGM": "SANTA MARTA",
        "Obra": "ARANA GOIRI Y URUNDAY",
        "Coordenada punto": "-34.7551314,-58.4498928",
        "Coordenada desde": "",
        "Coordenada hasta": "",
        "Empresa": "",
        "Avance": "100,00%",
        "Inicio": "2026-04-24T03:00:00.000Z",
        "Fin": "2026-06-05T03:00:00.000Z",
        "Estado": "Finalizado",
        "WKT": "POINT(-58.4498928 -34.7551314)"
      }
    },
    {
      "type": "Feature",
      "geometry": {
        "type": "Point",
        "coordinates": [
          -58.4006165,
          -34.7434795
        ]
      },
      "properties": {
        "CGM": "BANFIELD",
        "Obra": "MANUEL CASTRO ENTRE BERUTI Y FRENCH",
        "Coordenada punto": "-34.7434795,-58.4006165",
        "Coordenada desde": "",
        "Coordenada hasta": "",
        "Empresa": "",
        "Avance": "100,00%",
        "Inicio": "2026-05-04T03:00:00.000Z",
        "Fin": "2026-06-05T03:00:00.000Z",
        "Estado": "Finalizado",
        "WKT": "POINT(-58.4006165 -34.7434795)"
      }
    },
    {
      "type": "Feature",
      "geometry": {
        "type": "Point",
        "coordinates": [
          -58.4008355,
          -34.7446805
        ]
      },
      "properties": {
        "CGM": "BANFIELD",
        "Obra": "MANUEL CASTRO ENTRE LARROQUE Y BERUTTI",
        "Coordenada punto": "-34.7446805,-58.4008355",
        "Coordenada desde": "",
        "Coordenada hasta": "",
        "Empresa": "",
        "Avance": "100,00%",
        "Inicio": "2026-06-04T03:00:00.000Z",
        "Fin": "2026-06-05T03:00:00.000Z",
        "Estado": "Finalizado",
        "WKT": "POINT(-58.4008355 -34.7446805)"
      }
    },
    {
      "type": "Feature",
      "geometry": {
        "type": "Point",
        "coordinates": [
          -58.4506018,
          -34.7748142
        ]
      },
      "properties": {
        "CGM": "LLAVALLOL/PARQUE BARÓN",
        "Obra": "DARSENA JUAN XXIII",
        "Coordenada punto": "-34.7748142,-58.4506018",
        "Coordenada desde": "",
        "Coordenada hasta": "",
        "Empresa": "",
        "Avance": "100,00%",
        "Inicio": "2026-06-05T03:00:00.000Z",
        "Fin": "2026-06-06T03:00:00.000Z",
        "Estado": "Finalizado",
        "WKT": "POINT(-58.4506018 -34.7748142)"
      }
    },
    {
      "type": "Feature",
      "geometry": {
        "type": "Point",
        "coordinates": [
          -58.3690204,
          -34.7599229
        ]
      },
      "properties": {
        "CGM": "SAN JOSÉ",
        "Obra": "BOSTON Y REVOLUCIÓN DE TEMPERLEY",
        "Coordenada punto": "-34.7599229,-58.3690204",
        "Coordenada desde": "",
        "Coordenada hasta": "",
        "Empresa": "",
        "Avance": "100,00%",
        "Inicio": "2026-05-04T03:00:00.000Z",
        "Fin": "2026-06-08T03:00:00.000Z",
        "Estado": "Finalizado",
        "WKT": "POINT(-58.3690204 -34.7599229)"
      }
    },
    {
      "type": "Feature",
      "geometry": {
        "type": "Point",
        "coordinates": [
          -58.3911552,
          -34.7399692
        ]
      },
      "properties": {
        "CGM": "BANFIELD",
        "Obra": "BELGRANO ENTRE SERRANO Y CABRERA",
        "Coordenada punto": "-34.7399692,-58.3911552",
        "Coordenada desde": "",
        "Coordenada hasta": "",
        "Empresa": "",
        "Avance": "100,00%",
        "Inicio": "2026-05-06T03:00:00.000Z",
        "Fin": "2026-06-09T03:00:00.000Z",
        "Estado": "Finalizado",
        "WKT": "POINT(-58.3911552 -34.7399692)"
      }
    },
    {
      "type": "Feature",
      "geometry": {
        "type": "Point",
        "coordinates": [
          -58.3911552,
          -34.7399692
        ]
      },
      "properties": {
        "CGM": "BANFIELD",
        "Obra": "SERRANO ENTRE BELGRANO Y ALSINA",
        "Coordenada punto": "-34.7399692,-58.3911552",
        "Coordenada desde": "",
        "Coordenada hasta": "",
        "Empresa": "",
        "Avance": "100,00%",
        "Inicio": "2026-06-08T03:00:00.000Z",
        "Fin": "2026-06-09T03:00:00.000Z",
        "Estado": "Finalizado",
        "WKT": "POINT(-58.3911552 -34.7399692)"
      }
    },
    {
      "type": "Feature",
      "geometry": {
        "type": "Point",
        "coordinates": [
          -58.47916,
          -34.72328
        ]
      },
      "properties": {
        "CGM": "LAMADRID",
        "Obra": "METAN ENTRE NEWTON Y TERRADA",
        "Coordenada punto": "-34.72328,-58.47916",
        "Coordenada desde": "",
        "Coordenada hasta": "",
        "Empresa": "",
        "Avance": "100,00%",
        "Inicio": "2026-06-08T03:00:00.000Z",
        "Fin": "2026-06-09T03:00:00.000Z",
        "Estado": "Finalizado",
        "WKT": "POINT(-58.47916 -34.72328)"
      }
    },
    {
      "type": "Feature",
      "geometry": {
        "type": "Point",
        "coordinates": [
          -58.4426575,
          -34.7073212
        ]
      },
      "properties": {
        "CGM": "FIORITO",
        "Obra": "CIS LA SALUD COMO DERECHO - LOTE 3",
        "Coordenada punto": "-34.7073212,-58.4426575",
        "Coordenada desde": "",
        "Coordenada hasta": "",
        "Empresa": "",
        "Avance": "90,00%",
        "Inicio": "2026-04-29T03:00:00.000Z",
        "Fin": "2026-06-10T03:00:00.000Z",
        "Estado": "Finalizado",
        "WKT": "POINT(-58.4426575 -34.7073212)"
      }
    },
    {
      "type": "Feature",
      "geometry": {
        "type": "Point",
        "coordinates": [
          -58.3426367,
          -34.7558988
        ]
      },
      "properties": {
        "CGM": "SAN JOSÉ",
        "Obra": "EL CHINGOLO ENTRE EL ZORZAL Y LA GOLONDRINA",
        "Coordenada punto": "-34.7558988,-58.3426367",
        "Coordenada desde": "",
        "Coordenada hasta": "",
        "Empresa": "",
        "Avance": "100,00%",
        "Inicio": "2025-06-02T03:00:00.000Z",
        "Fin": "2026-06-10T03:00:00.000Z",
        "Estado": "Finalizado",
        "WKT": "POINT(-58.3426367 -34.7558988)"
      }
    },
    {
      "type": "Feature",
      "geometry": {
        "type": "Point",
        "coordinates": [
          -58.3831361,
          -34.7485208
        ]
      },
      "properties": {
        "CGM": "BANFIELD",
        "Obra": "MANUEL CASTRO ENTRE PEÑA Y VIEYTES",
        "Coordenada punto": "-34.7485208,-58.3831361",
        "Coordenada desde": "",
        "Coordenada hasta": "",
        "Empresa": "",
        "Avance": "100,00%",
        "Inicio": "2026-05-13T03:00:00.000Z",
        "Fin": "2026-06-12T03:00:00.000Z",
        "Estado": "Finalizado",
        "WKT": "POINT(-58.3831361 -34.7485208)"
      }
    },
    {
      "type": "Feature",
      "geometry": {
        "type": "Point",
        "coordinates": [
          -58.3909202,
          -34.7388363
        ]
      },
      "properties": {
        "CGM": "BANFIELD",
        "Obra": "BELGRANO ENTRE CABRERA Y CASTRO BARROS",
        "Coordenada punto": "-34.7388363,-58.3909202",
        "Coordenada desde": "",
        "Coordenada hasta": "",
        "Empresa": "",
        "Avance": "100,00%",
        "Inicio": "2026-06-13T03:00:00.000Z",
        "Fin": "2026-06-14T03:00:00.000Z",
        "Estado": "Finalizado",
        "WKT": "POINT(-58.3909202 -34.7388363)"
      }
    },
    {
      "type": "Feature",
      "geometry": {
        "type": "Point",
        "coordinates": [
          -58.4325874,
          -34.771018
        ]
      },
      "properties": {
        "CGM": "PARQUE BARÓN",
        "Obra": "MUZZILLI Y ESTOCOLMO",
        "Coordenada punto": "-34.771018,-58.4325874",
        "Coordenada desde": "",
        "Coordenada hasta": "",
        "Empresa": "",
        "Avance": "100,00%",
        "Inicio": "2026-06-12T03:00:00.000Z",
        "Fin": "2026-06-14T03:00:00.000Z",
        "Estado": "Finalizado",
        "WKT": "POINT(-58.4325874 -34.771018)"
      }
    },
    {
      "type": "Feature",
      "geometry": {
        "type": "Point",
        "coordinates": [
          -58.3906019,
          -34.7376549
        ]
      },
      "properties": {
        "CGM": "BANFIELD",
        "Obra": "BELGRANO ENTRE CASTRO BARRO Y MALABIA",
        "Coordenada punto": "-34.7376549,-58.3906019",
        "Coordenada desde": "",
        "Coordenada hasta": "",
        "Empresa": "",
        "Avance": "100,00%",
        "Inicio": "2026-05-11T03:00:00.000Z",
        "Fin": "2026-06-16T03:00:00.000Z",
        "Estado": "Finalizado",
        "WKT": "POINT(-58.3906019 -34.7376549)"
      }
    },
    {
      "type": "Feature",
      "geometry": {
        "type": "Point",
        "coordinates": [
          -58.4063944,
          -34.7904861
        ]
      },
      "properties": {
        "CGM": "TURDERA",
        "Obra": "CLUB ALUMNI",
        "Coordenada punto": "-34.7904861,-58.4063944",
        "Coordenada desde": "",
        "Coordenada hasta": "",
        "Empresa": "",
        "Avance": "100,00%",
        "Inicio": "2026-06-15T03:00:00.000Z",
        "Fin": "2026-06-16T03:00:00.000Z",
        "Estado": "Finalizado",
        "WKT": "POINT(-58.4063944 -34.7904861)"
      }
    },
    {
      "type": "Feature",
      "geometry": {
        "type": "Point",
        "coordinates": [
          -58.4612541,
          -34.7420671
        ]
      },
      "properties": {
        "CGM": "ALBERTINA",
        "Obra": "CENTRO DE JUBILADOS LA ALEGRIA DE VIVIR",
        "Coordenada punto": "-34.7420671,-58.4612541",
        "Coordenada desde": "",
        "Coordenada hasta": "",
        "Empresa": "",
        "Avance": "100,00%",
        "Inicio": "2026-05-19T03:00:00.000Z",
        "Fin": "2026-06-16T03:00:00.000Z",
        "Estado": "Finalizado",
        "WKT": "POINT(-58.4612541 -34.7420671)"
      }
    },
    {
      "type": "Feature",
      "geometry": {
        "type": "Point",
        "coordinates": [
          -58.3917378,
          -34.7362712
        ]
      },
      "properties": {
        "CGM": "BANFIELD",
        "Obra": "ALSINA ENTRE MALABIA Y GALLO",
        "Coordenada punto": "-34.7362712,-58.3917378",
        "Coordenada desde": "",
        "Coordenada hasta": "",
        "Empresa": "",
        "Avance": "100,00%",
        "Inicio": "2026-06-08T03:00:00.000Z",
        "Fin": "2026-06-16T03:00:00.000Z",
        "Estado": "Finalizado",
        "WKT": "POINT(-58.3917378 -34.7362712)"
      }
    },
    {
      "type": "Feature",
      "geometry": {
        "type": "Point",
        "coordinates": [
          -58.4292259,
          -34.7965057
        ]
      },
      "properties": {
        "CGM": "LLAVALLOL",
        "Obra": "CIS LLAVALLOL - LOTE 1",
        "Coordenada punto": "-34.7965057,-58.4292259",
        "Coordenada desde": "",
        "Coordenada hasta": "",
        "Empresa": "",
        "Avance": "85,00%",
        "Inicio": "2026-04-24T03:00:00.000Z",
        "Fin": "2026-06-17T03:00:00.000Z",
        "Estado": "Finalizado",
        "WKT": "POINT(-58.4292259 -34.7965057)"
      }
    },
    {
      "type": "Feature",
      "geometry": {
        "type": "Point",
        "coordinates": [
          -58.3598631,
          -34.7562631
        ]
      },
      "properties": {
        "CGM": "SAN JOSE",
        "Obra": "RECUPERACION DE ESPACIO EN OTTAWA Y EL TALA",
        "Coordenada punto": "-34.7562631,-58.3598631",
        "Coordenada desde": "",
        "Coordenada hasta": "",
        "Empresa": "",
        "Avance": "95,00%",
        "Inicio": "2025-06-03T03:00:00.000Z",
        "Fin": "2026-06-17T03:00:00.000Z",
        "Estado": "Finalizado",
        "WKT": "POINT(-58.3598631 -34.7562631)"
      }
    },
    {
      "type": "Feature",
      "geometry": {
        "type": "Point",
        "coordinates": [
          -58.4627208,
          -34.7228039
        ]
      },
      "properties": {
        "CGM": "BUDGE",
        "Obra": "CARRIEGO ENTRE AYOLAS Y QUESADA",
        "Coordenada punto": "-34.7228039,-58.4627208",
        "Coordenada desde": "",
        "Coordenada hasta": "",
        "Empresa": "",
        "Avance": "100,00%",
        "Inicio": "2025-10-03T03:00:00.000Z",
        "Fin": "2026-06-19T03:00:00.000Z",
        "Estado": "Finalizado",
        "WKT": "POINT(-58.4627208 -34.7228039)"
      }
    },
    {
      "type": "Feature",
      "geometry": {
        "type": "Point",
        "coordinates": [
          -58.4356686,
          -34.7227108
        ]
      },
      "properties": {
        "CGM": "CENTENARIO",
        "Obra": "VIRGEN DE ITATI Y UNAMUNO",
        "Coordenada punto": "-34.7227108,-58.4356686",
        "Coordenada desde": "",
        "Coordenada hasta": "",
        "Empresa": "",
        "Avance": "100,00%",
        "Inicio": "2026-04-13T03:00:00.000Z",
        "Fin": "2026-06-22T03:00:00.000Z",
        "Estado": "Finalizado",
        "WKT": "POINT(-58.4356686 -34.7227108)"
      }
    },
    {
      "type": "Feature",
      "geometry": {
        "type": "Point",
        "coordinates": [
          -58.3906019,
          -34.7376549
        ]
      },
      "properties": {
        "CGM": "BANFIELD",
        "Obra": "CASTRO BARROS ENTRE BELGRANO Y AV. ALSINA",
        "Coordenada punto": "-34.7376549,-58.3906019",
        "Coordenada desde": "",
        "Coordenada hasta": "",
        "Empresa": "",
        "Avance": "100,00%",
        "Inicio": "2026-05-19T03:00:00.000Z",
        "Fin": "2026-06-23T03:00:00.000Z",
        "Estado": "Finalizado",
        "WKT": "POINT(-58.3906019 -34.7376549)"
      }
    },
    {
      "type": "Feature",
      "geometry": {
        "type": "Point",
        "coordinates": [
          -58.3824473,
          -34.7514907
        ]
      },
      "properties": {
        "CGM": "BANFIELD",
        "Obra": "MIGUEL CANE 909",
        "Coordenada punto": "-34.7514907,-58.3824473",
        "Coordenada desde": "",
        "Coordenada hasta": "",
        "Empresa": "",
        "Avance": "100,00%",
        "Inicio": "2026-06-22T03:00:00.000Z",
        "Fin": "2026-06-23T03:00:00.000Z",
        "Estado": "Finalizado",
        "WKT": "POINT(-58.3824473 -34.7514907)"
      }
    },
    {
      "type": "Feature",
      "geometry": {
        "type": "Point",
        "coordinates": [
          -58.4357453,
          -34.7645185
        ]
      },
      "properties": {
        "CGM": "PARQUE BARÓN",
        "Obra": "FALUCHO ENTRE GUARANI Y CARCARAÑA",
        "Coordenada punto": "-34.7645185,-58.4357453",
        "Coordenada desde": "",
        "Coordenada hasta": "",
        "Empresa": "",
        "Avance": "100,00%",
        "Inicio": "2026-06-16T03:00:00.000Z",
        "Fin": "2026-06-23T03:00:00.000Z",
        "Estado": "Finalizado",
        "WKT": "POINT(-58.4357453 -34.7645185)"
      }
    },
    {
      "type": "Feature",
      "geometry": {
        "type": "Point",
        "coordinates": [
          -58.3923254,
          -34.7386184
        ]
      },
      "properties": {
        "CGM": "BANFIELD",
        "Obra": "CABRERA ENTRE AV. ALSINA Y VERGARA",
        "Coordenada punto": "-34.7386184,-58.3923254",
        "Coordenada desde": "",
        "Coordenada hasta": "",
        "Empresa": "",
        "Avance": "100,00%",
        "Inicio": "2026-05-26T03:00:00.000Z",
        "Fin": "2026-06-24T03:00:00.000Z",
        "Estado": "Finalizado",
        "WKT": "POINT(-58.3923254 -34.7386184)"
      }
    },
    {
      "type": "Feature",
      "geometry": {
        "type": "Point",
        "coordinates": [
          -58.3901806,
          -34.7436296
        ]
      },
      "properties": {
        "CGM": "BANFIELD",
        "Obra": "PUEYRREDÓN ENTRE MAIPÚ Y COCHABAMBA",
        "Coordenada punto": "-34.7436296,-58.3901806",
        "Coordenada desde": "",
        "Coordenada hasta": "",
        "Empresa": "",
        "Avance": "100,00%",
        "Inicio": "2026-06-23T03:00:00.000Z",
        "Fin": "2026-06-24T03:00:00.000Z",
        "Estado": "Finalizado",
        "WKT": "POINT(-58.3901806 -34.7436296)"
      }
    },
    {
      "type": "Feature",
      "geometry": {
        "type": "Point",
        "coordinates": [
          -58.3904173,
          -34.7447936
        ]
      },
      "properties": {
        "CGM": "BANFIELD",
        "Obra": "PUEYRREDÓN ENTRE COCHABAMBA Y CHACABUCO",
        "Coordenada punto": "-34.7447936,-58.3904173",
        "Coordenada desde": "",
        "Coordenada hasta": "",
        "Empresa": "",
        "Avance": "100,00%",
        "Inicio": "2026-06-24T03:00:00.000Z",
        "Fin": "2026-06-25T03:00:00.000Z",
        "Estado": "Finalizado",
        "WKT": "POINT(-58.3904173 -34.7447936)"
      }
    },
    {
      "type": "Feature",
      "geometry": {
        "type": "Point",
        "coordinates": [
          -58.3906272,
          -34.7460476
        ]
      },
      "properties": {
        "CGM": "BANFIELD",
        "Obra": "PUEYRREDÓN ENTRE CHACABUCO Y GASCÓN",
        "Coordenada punto": "-34.7460476,-58.3906272",
        "Coordenada desde": "",
        "Coordenada hasta": "",
        "Empresa": "",
        "Avance": "100,00%",
        "Inicio": "2026-06-25T03:00:00.000Z",
        "Fin": "2026-06-26T03:00:00.000Z",
        "Estado": "Finalizado",
        "WKT": "POINT(-58.3906272 -34.7460476)"
      }
    },
    {
      "type": "Feature",
      "geometry": {
        "type": "Point",
        "coordinates": [
          -58.4203007,
          -34.7889724
        ]
      },
      "properties": {
        "CGM": "LLAVALLOL",
        "Obra": "CIS 25 DE MAYO - LOTE 1",
        "Coordenada punto": "-34.7889724,-58.4203007",
        "Coordenada desde": "",
        "Coordenada hasta": "",
        "Empresa": "",
        "Avance": "65,00%",
        "Inicio": "2026-06-26T03:00:00.000Z",
        "Fin": "2026-06-27T03:00:00.000Z",
        "Estado": "Finalizado",
        "WKT": "POINT(-58.4203007 -34.7889724)"
      }
    },
    {
      "type": "Feature",
      "geometry": {
        "type": "Point",
        "coordinates": [
          -58.4276737,
          -34.7828187
        ]
      },
      "properties": {
        "CGM": "LLAVALLOL/PÁRQUE BARÓN",
        "Obra": "MADRID Y GARIBALDI (Etapa 1)",
        "Coordenada punto": "-34.7828187,-58.4276737",
        "Coordenada desde": "",
        "Coordenada hasta": "",
        "Empresa": "",
        "Avance": "100,00%",
        "Inicio": "2025-06-03T03:00:00.000Z",
        "Fin": "2026-06-29T03:00:00.000Z",
        "Estado": "Finalizado",
        "WKT": "POINT(-58.4276737 -34.7828187)"
      }
    },
    {
      "type": "Feature",
      "geometry": {
        "type": "Point",
        "coordinates": [
          -58.3475337,
          -34.7398154
        ]
      },
      "properties": {
        "CGM": "SAN JOSÉ",
        "Obra": "CAAGUAZU ENTRE LYNCH Y EVA PERÓN",
        "Coordenada punto": "-34.7398154,-58.3475337",
        "Coordenada desde": "",
        "Coordenada hasta": "",
        "Empresa": "",
        "Avance": "100,00%",
        "Inicio": "2026-06-03T03:00:00.000Z",
        "Fin": "2026-06-30T03:00:00.000Z",
        "Estado": "Finalizado",
        "WKT": "POINT(-58.3475337 -34.7398154)"
      }
    },
    {
      "type": "Feature",
      "geometry": {
        "type": "Point",
        "coordinates": [
          -58.3917316,
          -34.7446112
        ]
      },
      "properties": {
        "CGM": "BANFIELD",
        "Obra": "CENTRO DE FORMACION TECNOLÓGICA",
        "Coordenada punto": "-34.7446112,-58.3917316",
        "Coordenada desde": "",
        "Coordenada hasta": "",
        "Empresa": "",
        "Avance": "100,00%",
        "Inicio": "2026-06-01T03:00:00.000Z",
        "Fin": "2026-06-30T03:00:00.000Z",
        "Estado": "Finalizado",
        "WKT": "POINT(-58.3917316 -34.7446112)"
      }
    },
    {
      "type": "Feature",
      "geometry": {
        "type": "Point",
        "coordinates": [
          -58.4335383,
          -34.7929055
        ]
      },
      "properties": {
        "CGM": "LLAVALLOL",
        "Obra": "OLLEROS Y FRIEDRICHS",
        "Coordenada punto": "-34.7929055,-58.4335383",
        "Coordenada desde": "",
        "Coordenada hasta": "",
        "Empresa": "",
        "Avance": "100,00%",
        "Inicio": "2026-06-22T03:00:00.000Z",
        "Fin": "2026-07-02T03:00:00.000Z",
        "Estado": "Finalizado",
        "WKT": "POINT(-58.4335383 -34.7929055)"
      }
    },
    {
      "type": "Feature",
      "geometry": {
        "type": "Point",
        "coordinates": [
          -58.3890198,
          -34.7449683
        ]
      },
      "properties": {
        "CGM": "BANFIELD",
        "Obra": "VIAMONTE ENTRE COCHABAMBA Y MAIPU",
        "Coordenada punto": "-34.7449683,-58.3890198",
        "Coordenada desde": "",
        "Coordenada hasta": "",
        "Empresa": "",
        "Avance": "100,00%",
        "Inicio": "2026-05-20T03:00:00.000Z",
        "Fin": "2026-07-03T03:00:00.000Z",
        "Estado": "Finalizado",
        "WKT": "POINT(-58.3890198 -34.7449683)"
      }
    },
    {
      "type": "Feature",
      "geometry": {
        "type": "Point",
        "coordinates": [
          -58.4212447,
          -34.7540478
        ]
      },
      "properties": {
        "CGM": "LOMAS",
        "Obra": "PORTELA 1750 ENTRE BELELLI Y AV. FRIAS",
        "Coordenada punto": "-34.7540478,-58.4212447",
        "Coordenada desde": "",
        "Coordenada hasta": "",
        "Empresa": "",
        "Avance": "100,00%",
        "Inicio": "2026-07-02T03:00:00.000Z",
        "Fin": "2026-07-03T03:00:00.000Z",
        "Estado": "Finalizado",
        "WKT": "POINT(-58.4212447 -34.7540478)"
      }
    },
    {
      "type": "Feature",
      "geometry": {
        "type": "Point",
        "coordinates": [
          -58.4807086,
          -34.7478754
        ]
      },
      "properties": {
        "CGM": "SANTA CATALINA",
        "Obra": "DIAGONAL 61 y CAP. MARTEL",
        "Coordenada punto": "-34.7478754,-58.4807086",
        "Coordenada desde": "",
        "Coordenada hasta": "",
        "Empresa": "",
        "Avance": "100,00%",
        "Inicio": "2026-05-29T03:00:00.000Z",
        "Fin": "2026-07-07T03:00:00.000Z",
        "Estado": "Finalizado",
        "WKT": "POINT(-58.4807086 -34.7478754)"
      }
    },
    {
      "type": "Feature",
      "geometry": {
        "type": "Point",
        "coordinates": [
          -58.4601151,
          -34.7477345
        ]
      },
      "properties": {
        "CGM": "LAMADRID",
        "Obra": "METAN ENTRE TERRADA E IPARRAGUIRRE",
        "Coordenada punto": "-34.7477345,-58.4601151",
        "Coordenada desde": "",
        "Coordenada hasta": "",
        "Empresa": "",
        "Avance": "100,00%",
        "Inicio": "2026-06-01T03:00:00.000Z",
        "Fin": "2026-07-09T03:00:00.000Z",
        "Estado": "Finalizado",
        "WKT": "POINT(-58.4601151 -34.7477345)"
      }
    },
    {
      "type": "Feature",
      "geometry": {
        "type": "Point",
        "coordinates": [
          -58.3890198,
          -34.7449683
        ]
      },
      "properties": {
        "CGM": "BANFIELD",
        "Obra": "VIAMONTE ENTRE COCHABAMBA Y CHACABUCO ",
        "Coordenada punto": "-34.7449683,-58.3890198",
        "Coordenada desde": "",
        "Coordenada hasta": "",
        "Empresa": "",
        "Avance": "100,00%",
        "Inicio": "2026-05-04T03:00:00.000Z",
        "Fin": "2026-07-10T03:00:00.000Z",
        "Estado": "Finalizado",
        "WKT": "POINT(-58.3890198 -34.7449683)"
      }
    },
    {
      "type": "Feature",
      "geometry": {
        "type": "Point",
        "coordinates": [
          -58.3471261,
          -34.7394133
        ]
      },
      "properties": {
        "CGM": "SAN JOSÉ",
        "Obra": "12 DE AGOSTO ENTRE LYNCH Y EVA PERÓN",
        "Coordenada punto": "-34.7394133,-58.3471261",
        "Coordenada desde": "",
        "Coordenada hasta": "",
        "Empresa": "",
        "Avance": "100,00%",
        "Inicio": "2026-07-08T03:00:00.000Z",
        "Fin": "2026-07-13T03:00:00.000Z",
        "Estado": "Finalizado",
        "WKT": "POINT(-58.3471261 -34.7394133)"
      }
    },
    {
      "type": "Feature",
      "geometry": {
        "type": "Point",
        "coordinates": [
          -58.3945959,
          -34.7505106
        ]
      },
      "properties": {
        "CGM": "LOMAS",
        "Obra": "ALSINA ENTRE GALLO Y CERRITO",
        "Coordenada punto": "-34.7505106,-58.3945959",
        "Coordenada desde": "",
        "Coordenada hasta": "",
        "Empresa": "",
        "Avance": "100,00%",
        "Inicio": "2026-07-01T03:00:00.000Z",
        "Fin": "2026-07-14T03:00:00.000Z",
        "Estado": "Finalizado",
        "WKT": "POINT(-58.3945959 -34.7505106)"
      }
    },
    {
      "type": "Feature",
      "geometry": {
        "type": "Point",
        "coordinates": [
          -58.3892864,
          -34.7461871
        ]
      },
      "properties": {
        "CGM": "BANFIELD",
        "Obra": "VIAMONTE ENTRE CHACABUCO Y GASCÓN",
        "Coordenada punto": "-34.7461871,-58.3892864",
        "Coordenada desde": "",
        "Coordenada hasta": "",
        "Empresa": "",
        "Avance": "100,00%",
        "Inicio": "2026-06-22T03:00:00.000Z",
        "Fin": "2026-07-14T03:00:00.000Z",
        "Estado": "Finalizado",
        "WKT": "POINT(-58.3892864 -34.7461871)"
      }
    },
    {
      "type": "Feature",
      "geometry": {
        "type": "Point",
        "coordinates": [
          -58.4276737,
          -34.7828187
        ]
      },
      "properties": {
        "CGM": "LLAVALLOL/PÁRQUE BARÓN",
        "Obra": "MADRID Y GARIBALDI (Etapa 2)",
        "Coordenada punto": "-34.7828187,-58.4276737",
        "Coordenada desde": "",
        "Coordenada hasta": "",
        "Empresa": "",
        "Avance": "100,00%",
        "Inicio": "2026-07-13T03:00:00.000Z",
        "Fin": "2026-07-14T03:00:00.000Z",
        "Estado": "Finalizado",
        "WKT": "POINT(-58.4276737 -34.7828187)"
      }
    },
    {
      "type": "Feature",
      "geometry": {
        "type": "Point",
        "coordinates": [
          -58.4324685,
          -34.7934782
        ]
      },
      "properties": {
        "CGM": "LLAVALLOL",
        "Obra": "EL ROSEDAL 320 ENTRE LUZURIAGA Y FRIEDRICHS",
        "Coordenada punto": "-34.7934782,-58.4324685",
        "Coordenada desde": "",
        "Coordenada hasta": "",
        "Empresa": "",
        "Avance": "75,00%",
        "Inicio": "2026-06-30T03:00:00.000Z",
        "Fin": "2026-07-17T03:00:00.000Z",
        "Estado": "Finalizado",
        "WKT": "POINT(-58.4324685 -34.7934782)"
      }
    },
    {
      "type": "Feature",
      "geometry": {
        "type": "Point",
        "coordinates": [
          -58.3621974,
          -34.7511655
        ]
      },
      "properties": {
        "CGM": "SAN JOSÉ",
        "Obra": "PORTUGAL 184 ENTRE ALEMANIA Y DINAMARCA",
        "Coordenada punto": "-34.7511655,-58.3621974",
        "Coordenada desde": "",
        "Coordenada hasta": "",
        "Empresa": "",
        "Avance": "75,00%",
        "Inicio": "2026-06-01T03:00:00.000Z",
        "Fin": "2026-07-20T03:00:00.000Z",
        "Estado": "Finalizado",
        "WKT": "POINT(-58.3621974 -34.7511655)"
      }
    },
    {
      "type": "Feature",
      "geometry": {
        "type": "Point",
        "coordinates": [
          -58.4362816,
          -34.7049193
        ]
      },
      "properties": {
        "CGM": "FIORITO",
        "Obra": "NECOL ENTRE DARWIN Y CONESA",
        "Coordenada punto": "-34.7049193,-58.4362816",
        "Coordenada desde": "",
        "Coordenada hasta": "",
        "Empresa": "",
        "Avance": "100,00%",
        "Inicio": "2026-06-17T03:00:00.000Z",
        "Fin": "2026-07-20T03:00:00.000Z",
        "Estado": "Finalizado",
        "WKT": "POINT(-58.4362816 -34.7049193)"
      }
    },
    {
      "type": "Feature",
      "geometry": {
        "type": "Point",
        "coordinates": [
          -58.4279494,
          -34.7518232
        ]
      },
      "properties": {
        "CGM": "LOMAS",
        "Obra": "VERDI ENTRE RIVERA Y PORTELA",
        "Coordenada punto": "-34.7518232,-58.4279494",
        "Coordenada desde": "",
        "Coordenada hasta": "",
        "Empresa": "",
        "Avance": "100,00%",
        "Inicio": "2026-06-09T03:00:00.000Z",
        "Fin": "2026-07-20T03:00:00.000Z",
        "Estado": "Finalizado",
        "WKT": "POINT(-58.4279494 -34.7518232)"
      }
    },
    {
      "type": "Feature",
      "geometry": {
        "type": "Point",
        "coordinates": [
          -58.3984629,
          -34.754844
        ]
      },
      "properties": {
        "CGM": "LOMAS",
        "Obra": "SUBT. MOLINERO ENTRE ALEM Y PEDRO GOYENA",
        "Coordenada punto": "-34.754844,-58.3984629",
        "Coordenada desde": "",
        "Coordenada hasta": "",
        "Empresa": "",
        "Avance": "100,00%",
        "Inicio": "2026-06-17T03:00:00.000Z",
        "Fin": "2026-07-21T03:00:00.000Z",
        "Estado": "Finalizado",
        "WKT": "POINT(-58.3984629 -34.754844)"
      }
    },
    {
      "type": "Feature",
      "geometry": {
        "type": "Point",
        "coordinates": [
          -58.3606368,
          -34.7609853
        ]
      },
      "properties": {
        "CGM": "SAN JOSÉ",
        "Obra": "EVA PERÓN ENTRE SAN PATRICIO Y COLLIVADINO (FRENTE AL CGM)",
        "Coordenada punto": "-34.7609853,-58.3606368",
        "Coordenada desde": "",
        "Coordenada hasta": "",
        "Empresa": "",
        "Avance": "100,00%",
        "Inicio": "2026-06-17T03:00:00.000Z",
        "Fin": "2026-07-23T03:00:00.000Z",
        "Estado": "Finalizado",
        "WKT": "POINT(-58.3606368 -34.7609853)"
      }
    },
    {
      "type": "Feature",
      "geometry": {
        "type": "Point",
        "coordinates": [
          -58.4727199,
          -34.7322167
        ]
      },
      "properties": {
        "CGM": "LAMADRID",
        "Obra": "METAN Y BUSTOS (CIS)",
        "Coordenada punto": "-34.7322167,-58.4727199",
        "Coordenada desde": "",
        "Coordenada hasta": "",
        "Empresa": "",
        "Avance": "95,00%",
        "Inicio": "2026-07-16T03:00:00.000Z",
        "Fin": "2026-07-23T03:00:00.000Z",
        "Estado": "Finalizado",
        "WKT": "POINT(-58.4727199 -34.7322167)"
      }
    },
    {
      "type": "Feature",
      "geometry": {
        "type": "Point",
        "coordinates": [
          -58.4590153,
          -34.7471661
        ]
      },
      "properties": {
        "CGM": "LAMADRID",
        "Obra": "METAN ENTRE IPARRAGUIRRE Y BUSTOS",
        "Coordenada punto": "-34.7471661,-58.4590153",
        "Coordenada desde": "",
        "Coordenada hasta": "",
        "Empresa": "",
        "Avance": "95,00%",
        "Inicio": "2026-06-09T03:00:00.000Z",
        "Fin": "2026-07-24T03:00:00.000Z",
        "Estado": "Finalizado",
        "WKT": "POINT(-58.4590153 -34.7471661)"
      }
    },
    {
      "type": "Feature",
      "geometry": {
        "type": "Point",
        "coordinates": [
          -58.4302476,
          -34.7611823
        ]
      },
      "properties": {
        "CGM": "CENTENARIO ",
        "Obra": "CIS EVA PERON - LOTE 2",
        "Coordenada punto": "-34.7611823,-58.4302476",
        "Coordenada desde": "",
        "Coordenada hasta": "",
        "Empresa": "",
        "Avance": "70,00%",
        "Inicio": "2026-06-18T03:00:00.000Z",
        "Fin": "2026-07-24T03:00:00.000Z",
        "Estado": "Finalizado",
        "WKT": "POINT(-58.4302476 -34.7611823)"
      }
    },
    {
      "type": "Feature",
      "geometry": {
        "type": "Point",
        "coordinates": [
          -58.4392155,
          -34.7064773
        ]
      },
      "properties": {
        "CGM": "FIORITO",
        "Obra": "NECOL Y MURATURE",
        "Coordenada punto": "-34.7064773,-58.4392155",
        "Coordenada desde": "",
        "Coordenada hasta": "",
        "Empresa": "",
        "Avance": "75,00%",
        "Inicio": "2025-06-03T03:00:00.000Z",
        "Fin": "2026-07-24T03:00:00.000Z",
        "Estado": "Finalizado",
        "WKT": "POINT(-58.4392155 -34.7064773)"
      }
    },
    {
      "type": "Feature",
      "geometry": {
        "type": "Point",
        "coordinates": [
          -58.3965733,
          -34.7666522
        ]
      },
      "properties": {
        "CGM": "TEMPERLEY",
        "Obra": "ALSINA ENTRE CERRITO Y F. VARELA",
        "Coordenada punto": "-34.7666522,-58.3965733",
        "Coordenada desde": "",
        "Coordenada hasta": "",
        "Empresa": "",
        "Avance": "100,00%",
        "Inicio": "2026-06-22T03:00:00.000Z",
        "Fin": "2026-07-30T03:00:00.000Z",
        "Estado": "Finalizado",
        "WKT": "POINT(-58.3965733 -34.7666522)"
      }
    },
    {
      "type": "Feature",
      "geometry": {
        "type": "Point",
        "coordinates": [
          -58.4150621,
          -34.7586724
        ]
      },
      "properties": {
        "CGM": "LOMAS",
        "Obra": "Laprida entre Rep. de Siria y Av. H. Yrigoyen",
        "Coordenada punto": "-34.7586724,-58.4150621",
        "Coordenada desde": "",
        "Coordenada hasta": "",
        "Empresa": "",
        "Avance": "95,00%",
        "Inicio": "2026-07-15T03:00:00.000Z",
        "Fin": "2026-07-30T03:00:00.000Z",
        "Estado": "Finalizado",
        "WKT": "POINT(-58.4150621 -34.7586724)"
      }
    },
    {
      "type": "Feature",
      "geometry": {
        "type": "Point",
        "coordinates": [
          -58.458514,
          -34.7303972
        ]
      },
      "properties": {
        "CGM": "BUDGE",
        "Obra": "QUESADA Y A. BELLO",
        "Coordenada punto": "-34.7303972,-58.458514",
        "Coordenada desde": "",
        "Coordenada hasta": "",
        "Empresa": "",
        "Avance": "75,00%",
        "Inicio": "2026-01-12T03:00:00.000Z",
        "Fin": "2026-07-31T03:00:00.000Z",
        "Estado": "Finalizado",
        "WKT": "POINT(-58.458514 -34.7303972)"
      }
    },
    {
      "type": "Feature",
      "geometry": {
        "type": "Point",
        "coordinates": [
          -58.4494,
          -34.74406
        ]
      },
      "properties": {
        "CGM": "BUDGE",
        "Obra": "QUESADA Y LAVARDEN",
        "Coordenada punto": "-34.74406,-58.4494",
        "Coordenada desde": "",
        "Coordenada hasta": "",
        "Empresa": "",
        "Avance": "75,00%",
        "Inicio": "2026-06-30T03:00:00.000Z",
        "Fin": "2026-08-05T03:00:00.000Z",
        "Estado": "Finalizado",
        "WKT": "POINT(-58.4494 -34.74406)"
      }
    },
    {
      "type": "Feature",
      "geometry": {
        "type": "Point",
        "coordinates": [
          -58.4111305,
          -34.787729
        ]
      },
      "properties": {
        "CGM": "TURDERA",
        "Obra": "9 DE JULIO Y SAN ROQUE",
        "Coordenada punto": "-34.787729,-58.4111305",
        "Coordenada desde": "",
        "Coordenada hasta": "",
        "Empresa": "",
        "Avance": "75,00%",
        "Inicio": "2026-07-06T03:00:00.000Z",
        "Fin": "2026-08-12T03:00:00.000Z",
        "Estado": "Finalizado",
        "WKT": "POINT(-58.4111305 -34.787729)"
      }
    },
    {
      "type": "Feature",
      "geometry": {
        "type": "Point",
        "coordinates": [
          -58.3857455,
          -34.7709552
        ]
      },
      "properties": {
        "CGM": "TEMPERLEY",
        "Obra": "ZUVIRIA Y GONZALEZ CHAVEZ",
        "Coordenada punto": "-34.7709552,-58.3857455",
        "Coordenada desde": "",
        "Coordenada hasta": "",
        "Empresa": "",
        "Avance": "75,00%",
        "Inicio": "2026-06-26T03:00:00.000Z",
        "Fin": "2026-08-13T03:00:00.000Z",
        "Estado": "Finalizado",
        "WKT": "POINT(-58.3857455 -34.7709552)"
      }
    },
    {
      "type": "Feature",
      "geometry": {
        "type": "Point",
        "coordinates": [
          -58.3754944,
          -34.777878
        ]
      },
      "properties": {
        "CGM": "TEMPERLEY",
        "Obra": "RIGLOS 730 ENTRE TARIJA Y JURAMENTO (ETAPA 1)",
        "Coordenada punto": "-34.777878,-58.3754944",
        "Coordenada desde": "",
        "Coordenada hasta": "",
        "Empresa": "",
        "Avance": "75,00%",
        "Inicio": "2026-06-24T03:00:00.000Z",
        "Fin": "2026-08-14T03:00:00.000Z",
        "Estado": "En ejecución",
        "WKT": "POINT(-58.3754944 -34.777878)"
      }
    },
    {
      "type": "Feature",
      "geometry": {
        "type": "Point",
        "coordinates": [
          -58.4721322,
          -34.7340218
        ]
      },
      "properties": {
        "CGM": "LAMADRID",
        "Obra": "CAFAYATE 891 ENTRE NEWTON Y TUYUTI",
        "Coordenada punto": "-34.7340218,-58.4721322",
        "Coordenada desde": "",
        "Coordenada hasta": "",
        "Empresa": "",
        "Avance": "75,00%",
        "Inicio": "2026-07-14T03:00:00.000Z",
        "Fin": "2026-08-17T03:00:00.000Z",
        "Estado": "En ejecución",
        "WKT": "POINT(-58.4721322 -34.7340218)"
      }
    },
    {
      "type": "Feature",
      "geometry": {
        "type": "Point",
        "coordinates": [
          -58.4042797,
          -34.7613826
        ]
      },
      "properties": {
        "CGM": "LOMAS",
        "Obra": "SARMIENTO Y GORRITI",
        "Coordenada punto": "-34.7613826,-58.4042797",
        "Coordenada desde": "",
        "Coordenada hasta": "",
        "Empresa": "",
        "Avance": "75,00%",
        "Inicio": "2026-07-20T03:00:00.000Z",
        "Fin": "2026-08-25T03:00:00.000Z",
        "Estado": "En ejecución",
        "WKT": "POINT(-58.4042797 -34.7613826)"
      }
    },
    {
      "type": "Feature",
      "geometry": {
        "type": "Point",
        "coordinates": [
          -58.4044583,
          -34.7906396
        ]
      },
      "properties": {
        "CGM": "TURDERA",
        "Obra": "SUIPACHA ENTRE PADRE BRUNO Y ZAPIOLA",
        "Coordenada punto": "-34.7906396,-58.4044583",
        "Coordenada desde": "",
        "Coordenada hasta": "",
        "Empresa": "",
        "Avance": "75,00%",
        "Inicio": "2026-07-27T03:00:00.000Z",
        "Fin": "2026-08-27T03:00:00.000Z",
        "Estado": "En ejecución",
        "WKT": "POINT(-58.4044583 -34.7906396)"
      }
    },
    {
      "type": "Feature",
      "geometry": {
        "type": "Point",
        "coordinates": [
          -58.4325327,
          -34.7846678
        ]
      },
      "properties": {
        "CGM": "LLAVALLOL",
        "Obra": "GARIBALDI ENTRE NESTOR DE LA PEÑA Y VIAS FFCC",
        "Coordenada punto": "-34.7846678,-58.4325327",
        "Coordenada desde": "",
        "Coordenada hasta": "",
        "Empresa": "",
        "Avance": "75,00%",
        "Inicio": "2026-07-20T03:00:00.000Z",
        "Fin": "2026-09-02T03:00:00.000Z",
        "Estado": "En ejecución",
        "WKT": "POINT(-58.4325327 -34.7846678)"
      }
    },
    {
      "type": "Feature",
      "geometry": {
        "type": "Point",
        "coordinates": [
          -58.3481636,
          -34.7450741
        ]
      },
      "properties": {
        "CGM": "CENTENARIO ",
        "Obra": "CIS LUIS AGOTE - LOTE 2",
        "Coordenada punto": "-34.7450741,-58.3481636",
        "Coordenada desde": "",
        "Coordenada hasta": "",
        "Empresa": "",
        "Avance": "38,00%",
        "Inicio": "2026-08-03T03:00:00.000Z",
        "Fin": "2026-09-04T03:00:00.000Z",
        "Estado": "En ejecución",
        "WKT": "POINT(-58.3481636 -34.7450741)"
      }
    },
    {
      "type": "Feature",
      "geometry": {
        "type": "Point",
        "coordinates": [
          -58.4287893,
          -34.7517089
        ]
      },
      "properties": {
        "CGM": "LOMAS",
        "Obra": "BOERO Y RIVERA",
        "Coordenada punto": "-34.7517089,-58.4287893",
        "Coordenada desde": "",
        "Coordenada hasta": "",
        "Empresa": "",
        "Avance": "25,00%",
        "Inicio": "2025-06-03T03:00:00.000Z",
        "Fin": "2026-10-02T03:00:00.000Z",
        "Estado": "En ejecución",
        "WKT": "POINT(-58.4287893 -34.7517089)"
      }
    },
    {
      "type": "Feature",
      "geometry": {
        "type": "Point",
        "coordinates": [
          -58.4285254,
          -34.7480251
        ]
      },
      "properties": {
        "CGM": "LOMAS",
        "Obra": "BOERO ENTRE PASO Y LARREA",
        "Coordenada punto": "-34.7480251,-58.4285254",
        "Coordenada desde": "",
        "Coordenada hasta": "",
        "Empresa": "",
        "Avance": "25,00%",
        "Inicio": "2026-08-03T03:00:00.000Z",
        "Fin": "",
        "Estado": "En ejecución",
        "WKT": "POINT(-58.4285254 -34.7480251)"
      }
    },
    {
      "type": "Feature",
      "geometry": {
        "type": "Point",
        "coordinates": [
          -58.4147456,
          -34.7537377
        ]
      },
      "properties": {
        "CGM": "LOMAS",
        "Obra": "BALIÑA ENTRE RIVERA Y PORTELA",
        "Coordenada punto": "-34.7537377,-58.4147456",
        "Coordenada desde": "",
        "Coordenada hasta": "",
        "Empresa": "",
        "Avance": 0,
        "Inicio": "2026-08-03T03:00:00.000Z",
        "Fin": "",
        "Estado": "En ejecución",
        "WKT": "POINT(-58.4147456 -34.7537377)"
      }
    },
    {
      "type": "Feature",
      "geometry": {
        "type": "Point",
        "coordinates": [
          -58.4207834,
          -34.731661
        ]
      },
      "properties": {
        "CGM": "CENTENARIO",
        "Obra": "CONSTITUCION ENTRE ZAPATA Y A. ACERBONI",
        "Coordenada punto": "-34.731661,-58.4207834",
        "Coordenada desde": "",
        "Coordenada hasta": "",
        "Empresa": "",
        "Avance": 0,
        "Inicio": "",
        "Fin": "",
        "Estado": "A programar",
        "WKT": "POINT(-58.4207834 -34.731661)"
      }
    },
    {
      "type": "Feature",
      "geometry": {
        "type": "Point",
        "coordinates": [
          -58.4338498,
          -34.735485
        ]
      },
      "properties": {
        "CGM": "CENTENARIO",
        "Obra": "GENERAL RODRIGUEZ Y FALLIERES",
        "Coordenada punto": "-34.735485,-58.4338498",
        "Coordenada desde": "",
        "Coordenada hasta": "",
        "Empresa": "",
        "Avance": 0,
        "Inicio": "",
        "Fin": "",
        "Estado": "A programar",
        "WKT": "POINT(-58.4338498 -34.735485)"
      }
    },
    {
      "type": "Feature",
      "geometry": {
        "type": "Point",
        "coordinates": [
          -58.4191865,
          -34.8091801
        ]
      },
      "properties": {
        "CGM": "LLAVALLOL",
        "Obra": "DOYHENARD Y SASTRE",
        "Coordenada punto": "-34.8091801,-58.4191865",
        "Coordenada desde": "",
        "Coordenada hasta": "",
        "Empresa": "",
        "Avance": 0,
        "Inicio": "",
        "Fin": "",
        "Estado": "A programar",
        "WKT": "POINT(-58.4191865 -34.8091801)"
      }
    },
    {
      "type": "Feature",
      "geometry": {
        "type": "Point",
        "coordinates": [
          -58.387367,
          -34.7652089
        ]
      },
      "properties": {
        "CGM": "TEMPERLEY",
        "Obra": "JUNCAL 940 ENTRE B. DE IRIGOYEN Y CARLOS TEJEDOR",
        "Coordenada punto": "-34.7652089,-58.387367",
        "Coordenada desde": "",
        "Coordenada hasta": "",
        "Empresa": "",
        "Avance": 0,
        "Inicio": "",
        "Fin": "",
        "Estado": "A programar",
        "WKT": "POINT(-58.387367 -34.7652089)"
      }
    },
    {
      "type": "Feature",
      "geometry": {
        "type": "Point",
        "coordinates": [
          -58.3871893,
          -34.7804417
        ]
      },
      "properties": {
        "CGM": "TEMPERLEY",
        "Obra": "VICENTE STEA ENTRE I. GOMEZ Y F. VARELA",
        "Coordenada punto": "-34.7804417,-58.3871893",
        "Coordenada desde": "",
        "Coordenada hasta": "",
        "Empresa": "",
        "Avance": 0,
        "Inicio": "",
        "Fin": "",
        "Estado": "A programar",
        "WKT": "POINT(-58.3871893 -34.7804417)"
      }
    },
    {
      "type": "Feature",
      "geometry": {
        "type": "Point",
        "coordinates": [
          -58.4546609,
          -34.6990828
        ]
      },
      "properties": {
        "CGM": "FIORITO",
        "Obra": "ECOPUNTO",
        "Coordenada punto": "-34.6990828,-58.4546609",
        "Coordenada desde": "",
        "Coordenada hasta": "",
        "Empresa": "",
        "Avance": 0,
        "Inicio": "",
        "Fin": "",
        "Estado": "A programar",
        "WKT": "POINT(-58.4546609 -34.6990828)"
      }
    },
    {
      "type": "Feature",
      "geometry": {
        "type": "Point",
        "coordinates": [
          -58.3754944,
          -34.777878
        ]
      },
      "properties": {
        "CGM": "TEMPERLEY",
        "Obra": "RIGLOS 730 ENTRE TARIJA Y JURAMENTO (ETAPA 2)",
        "Coordenada punto": "-34.777878,-58.3754944",
        "Coordenada desde": "",
        "Coordenada hasta": "",
        "Empresa": "",
        "Avance": "50,00%",
        "Inicio": "2026-08-11T03:00:00.000Z",
        "Fin": "",
        "Estado": "En ejecución",
        "WKT": "POINT(-58.3754944 -34.777878)"
      }
    },
    {
      "type": "Feature",
      "geometry": {
        "type": "Point",
        "coordinates": [
          -58.4338666,
          -34.7669936
        ]
      },
      "properties": {
        "CGM": "PARQUE BARÓN",
        "Obra": "SIRITTO Y LOS JACARANDAES",
        "Coordenada punto": "-34.7669936,-58.4338666",
        "Coordenada desde": "",
        "Coordenada hasta": "",
        "Empresa": "",
        "Avance": "25,00%",
        "Inicio": "2026-08-27T03:00:00.000Z",
        "Fin": "",
        "Estado": "Próxima a comenzar",
        "WKT": "POINT(-58.4338666 -34.7669936)"
      }
    },
    {
      "type": "Feature",
      "geometry": {
        "type": "Point",
        "coordinates": [
          -58.3725066,
          -34.7759329
        ]
      },
      "properties": {
        "CGM": "TEMPERLEY",
        "Obra": "TARIJA ENTRE LAUTARO Y HECTOR FLORES",
        "Coordenada punto": "-34.7759329,-58.3725066",
        "Coordenada desde": "",
        "Coordenada hasta": "",
        "Empresa": "",
        "Avance": 0,
        "Inicio": "2026-08-10T03:00:00.000Z",
        "Fin": "",
        "Estado": "En ejecución",
        "WKT": "POINT(-58.3725066 -34.7759329)"
      }
    },
    {
      "type": "Feature",
      "geometry": {
        "type": "Point",
        "coordinates": [
          -58.3713821,
          -34.7753525
        ]
      },
      "properties": {
        "CGM": "TEMPERLEY",
        "Obra": "TARIJA ENTRE CARABOBO Y LITUANIA",
        "Coordenada punto": "-34.7753525,-58.3713821",
        "Coordenada desde": "",
        "Coordenada hasta": "",
        "Empresa": "",
        "Avance": 0,
        "Inicio": "",
        "Fin": "",
        "Estado": "A programar",
        "WKT": "POINT(-58.3713821 -34.7753525)"
      }
    },
    {
      "type": "Feature",
      "geometry": {
        "type": "Point",
        "coordinates": [
          -58.37444,
          -34.74389
        ]
      },
      "properties": {
        "CGM": "BANFIELD",
        "Obra": "PEÑA Y GUARDIA NACIONAL ",
        "Coordenada punto": "-34.74389,-58.37444",
        "Coordenada desde": "",
        "Coordenada hasta": "",
        "Empresa": "",
        "Avance": 0,
        "Inicio": "",
        "Fin": "",
        "Estado": "A programar",
        "WKT": "POINT(-58.37444 -34.74389)"
      }
    },
    {
      "type": "Feature",
      "geometry": {
        "type": "Point",
        "coordinates": [
          -58.4173162,
          -34.7583421
        ]
      },
      "properties": {
        "CGM": "LOMAS",
        "Obra": "MENTRUYT ENTRE LAPRIDA Y BOEDO",
        "Coordenada punto": "-34.7583421,-58.4173162",
        "Coordenada desde": "",
        "Coordenada hasta": "",
        "Empresa": "",
        "Avance": 0,
        "Inicio": "",
        "Fin": "",
        "Estado": "A programar",
        "WKT": "POINT(-58.4173162 -34.7583421)"
      }
    },
    {
      "type": "Feature",
      "geometry": {
        "type": "Point",
        "coordinates": [
          -58.4239239,
          -34.7747544
        ]
      },
      "properties": {
        "CGM": "LOMAS",
        "Obra": "ISLA SOLEDAD Y FRIAS",
        "Coordenada punto": "-34.7747544,-58.4239239",
        "Coordenada desde": "",
        "Coordenada hasta": "",
        "Empresa": "",
        "Avance": 0,
        "Inicio": "",
        "Fin": "",
        "Estado": "A programar",
        "WKT": "POINT(-58.4239239 -34.7747544)"
      }
    },
    {
      "type": "Feature",
      "geometry": {
        "type": "Point",
        "coordinates": [
          -58.4220921,
          -34.7599315
        ]
      },
      "properties": {
        "CGM": "LOMAS",
        "Obra": "LORIA Y FRÍAS",
        "Coordenada punto": "-34.7599315,-58.4220921",
        "Coordenada desde": "",
        "Coordenada hasta": "",
        "Empresa": "",
        "Avance": 0,
        "Inicio": "",
        "Fin": "",
        "Estado": "A programar",
        "WKT": "POINT(-58.4220921 -34.7599315)"
      }
    },
    {
      "type": "Feature",
      "geometry": {
        "type": "Point",
        "coordinates": [
          -58.4207834,
          -34.731661
        ]
      },
      "properties": {
        "CGM": "CENTENARIO",
        "Obra": "CONSTITUCION ENTRE ZAPATA Y A. ACERBONI",
        "Coordenada punto": "-34.731661,-58.4207834",
        "Coordenada desde": "",
        "Coordenada hasta": "",
        "Empresa": "",
        "Avance": 0,
        "Inicio": "",
        "Fin": "",
        "Estado": "A programar",
        "WKT": "POINT(-58.4207834 -34.731661)"
      }
    },
    {
      "type": "Feature",
      "geometry": {
        "type": "Point",
        "coordinates": [
          -58.4041907,
          -34.7530223
        ]
      },
      "properties": {
        "CGM": "LOMAS",
        "Obra": "CASTELLI 610 ENTRE SAN MARTÍN Y AZARA",
        "Coordenada punto": "-34.7530223,-58.4041907",
        "Coordenada desde": "",
        "Coordenada hasta": "",
        "Empresa": "",
        "Avance": "80,00%",
        "Inicio": "",
        "Fin": "",
        "Estado": "A programar",
        "WKT": "POINT(-58.4041907 -34.7530223)"
      }
    },
    {
      "type": "Feature",
      "geometry": {
        "type": "Point",
        "coordinates": [
          -58.3480271,
          -34.7625327
        ]
      },
      "properties": {
        "CGM": "LOMAS",
        "Obra": "CASTELLI ENTRE ALVEAR Y SAN MARTÍN",
        "Coordenada punto": "-34.7625327,-58.3480271",
        "Coordenada desde": "",
        "Coordenada hasta": "",
        "Empresa": "",
        "Avance": 0,
        "Inicio": "2026-07-14T03:00:00.000Z",
        "Fin": "",
        "Estado": "En ejecución",
        "WKT": "POINT(-58.3480271 -34.7625327)"
      }
    },
    {
      "type": "Feature",
      "geometry": {
        "type": "Point",
        "coordinates": [
          -58.4302476,
          -34.7611823
        ]
      },
      "properties": {
        "CGM": "LOMAS",
        "Obra": "CASTELLI ENTRE LAS VIAS Y ALEM",
        "Coordenada punto": "-34.7611823,-58.4302476",
        "Coordenada desde": "",
        "Coordenada hasta": "",
        "Empresa": "",
        "Avance": 0,
        "Inicio": "",
        "Fin": "",
        "Estado": "A programar",
        "WKT": "POINT(-58.4302476 -34.7611823)"
      }
    },
    {
      "type": "Feature",
      "geometry": {
        "type": "Point",
        "coordinates": [
          -58.4142149,
          -34.7513671
        ]
      },
      "properties": {
        "CGM": "LOMAS",
        "Obra": "ALVEAR ENTRE CASTELLI Y PASO",
        "Coordenada punto": "-34.7513671,-58.4142149",
        "Coordenada desde": "",
        "Coordenada hasta": "",
        "Empresa": "",
        "Avance": 0,
        "Inicio": "",
        "Fin": "",
        "Estado": "A programar",
        "WKT": "POINT(-58.4142149 -34.7513671)"
      }
    },
    {
      "type": "Feature",
      "geometry": {
        "type": "Point",
        "coordinates": [
          -58.3960561,
          -34.7587908
        ]
      },
      "properties": {
        "CGM": "LOMAS",
        "Obra": "LAMADRID ENTRE ALSINA Y BELGRANO",
        "Coordenada punto": "-34.7587908,-58.3960561",
        "Coordenada desde": "",
        "Coordenada hasta": "",
        "Empresa": "",
        "Avance": 0,
        "Inicio": "",
        "Fin": "",
        "Estado": "A programar",
        "WKT": "POINT(-58.3960561 -34.7587908)"
      }
    },
    {
      "type": "Feature",
      "geometry": {
        "type": "Point",
        "coordinates": [
          -58.3949016,
          -34.8128834
        ]
      },
      "properties": {
        "CGM": "LOMAS",
        "Obra": "SAN MARTÍN 230 ENTRE PORTELA Y SÁENZ",
        "Coordenada punto": "-34.8128834,-58.3949016",
        "Coordenada desde": "",
        "Coordenada hasta": "",
        "Empresa": "",
        "Avance": 0,
        "Inicio": "",
        "Fin": "",
        "Estado": "A programar",
        "WKT": "POINT(-58.3949016 -34.8128834)"
      }
    },
    {
      "type": "Feature",
      "geometry": {
        "type": "Point",
        "coordinates": [
          -58.4615306,
          -34.7359596
        ]
      },
      "properties": {
        "CGM": "ALBERTINA",
        "Obra": "VIRGEN DE ITATI ENTRE HOMERO Y FALUCHO ",
        "Coordenada punto": "-34.7359596,-58.4615306",
        "Coordenada desde": "",
        "Coordenada hasta": "",
        "Empresa": "",
        "Avance": "60,00%",
        "Inicio": "",
        "Fin": "",
        "Estado": "A programar",
        "WKT": "POINT(-58.4615306 -34.7359596)"
      }
    },
    {
      "type": "Feature",
      "geometry": {
        "type": "Point",
        "coordinates": [
          -58.458534,
          -34.7343997
        ]
      },
      "properties": {
        "CGM": "ALBERTINA",
        "Obra": "VIRGEN DE ITATI ENTRE FALUCHO Y LAVARDEN",
        "Coordenada punto": "-34.7343997,-58.458534",
        "Coordenada desde": "",
        "Coordenada hasta": "",
        "Empresa": "",
        "Avance": 0,
        "Inicio": "2026-06-24T03:00:00.000Z",
        "Fin": "",
        "Estado": "En ejecución",
        "WKT": "POINT(-58.458534 -34.7343997)"
      }
    },
    {
      "type": "Feature",
      "geometry": {
        "type": "Point",
        "coordinates": [
          -58.4523947,
          -34.7403008
        ]
      },
      "properties": {
        "CGM": "ALBERTINA",
        "Obra": "VIRGEN DE ITATI ENTRE LAVARDEN Y A. BELLO ",
        "Coordenada punto": "-34.7403008,-58.4523947",
        "Coordenada desde": "",
        "Coordenada hasta": "",
        "Empresa": "",
        "Avance": 0,
        "Inicio": "2026-08-03T03:00:00.000Z",
        "Fin": "",
        "Estado": "En ejecución",
        "WKT": "POINT(-58.4523947 -34.7403008)"
      }
    },
    {
      "type": "Feature",
      "geometry": {
        "type": "Point",
        "coordinates": [
          -58.4431554,
          -34.7264553
        ]
      },
      "properties": {
        "CGM": "ALBERTINA",
        "Obra": "VIRGEN DE ITATI ENTRE A. BELLO Y CARRIEGO",
        "Coordenada punto": "-34.7264553,-58.4431554",
        "Coordenada desde": "",
        "Coordenada hasta": "",
        "Empresa": "",
        "Avance": 0,
        "Inicio": "2026-08-04T03:00:00.000Z",
        "Fin": "",
        "Estado": "En ejecución",
        "WKT": "POINT(-58.4431554 -34.7264553)"
      }
    },
    {
      "type": "Feature",
      "geometry": {
        "type": "Point",
        "coordinates": [
          -58.4727199,
          -34.7322167
        ]
      },
      "properties": {
        "CGM": "LAMADRID",
        "Obra": "METAN ENTRE BUSTOS Y ARANA GOIRI",
        "Coordenada punto": "-34.7322167,-58.4727199",
        "Coordenada desde": "",
        "Coordenada hasta": "",
        "Empresa": "",
        "Avance": "70,00%",
        "Inicio": "",
        "Fin": "",
        "Estado": "A programar",
        "WKT": "POINT(-58.4727199 -34.7322167)"
      }
    },
    {
      "type": "Feature",
      "geometry": {
        "type": "Point",
        "coordinates": [
          -58.471584,
          -34.7262464
        ]
      },
      "properties": {
        "CGM": "LAMADRID",
        "Obra": "METAN ENTRE ARANA GOIRI Y EUSKADI",
        "Coordenada punto": "-34.7262464,-58.471584",
        "Coordenada desde": "",
        "Coordenada hasta": "",
        "Empresa": "",
        "Avance": 0,
        "Inicio": "2026-06-30T03:00:00.000Z",
        "Fin": "",
        "Estado": "En ejecución",
        "WKT": "POINT(-58.471584 -34.7262464)"
      }
    },
    {
      "type": "Feature",
      "geometry": {
        "type": "Point",
        "coordinates": [
          -58.4556759,
          -34.7454111
        ]
      },
      "properties": {
        "CGM": "LAMADRID",
        "Obra": "METAN ENTRE EUSKADI Y HOMERO",
        "Coordenada punto": "-34.7454111,-58.4556759",
        "Coordenada desde": "",
        "Coordenada hasta": "",
        "Empresa": "",
        "Avance": 0,
        "Inicio": "",
        "Fin": "",
        "Estado": "A programar",
        "WKT": "POINT(-58.4556759 -34.7454111)"
      }
    },
    {
      "type": "Feature",
      "geometry": {
        "type": "Point",
        "coordinates": [
          -58.4727199,
          -34.7322167
        ]
      },
      "properties": {
        "CGM": "LAMADRID",
        "Obra": "METAN ENTRE HOMERO Y TAVANO",
        "Coordenada punto": "-34.7322167,-58.4727199",
        "Coordenada desde": "",
        "Coordenada hasta": "",
        "Empresa": "",
        "Avance": 0,
        "Inicio": "",
        "Fin": "",
        "Estado": "A programar",
        "WKT": "POINT(-58.4727199 -34.7322167)"
      }
    }
  ]
}