ASIGNACION,Camiones Asignados,Camiones Trabajando,Camiones Sin Salida,Camiones en Taller,Fecha
Banfield,6,5,0,1,31/07/2024
Ingeniero Budge,5,2,0,3,31/07/2024
Llavallol,5,3,0,2,31/07/2024
Lomas,6,5,0,1,31/07/2024
Parque Baron,4,2,1,1,31/07/2024
San José,8,5,0,3,31/07/2024
Santa Catalina,7,1,2,3,31/07/2024
Santa Marta,2,1,0,1,31/07/2024
Temperley,7,5,0,2,31/07/2024
Turdera,2,1,0,1,31/07/2024
Villa Albertina,4,0,2,1,31/07/2024
Villa Centenario,5,1,0,3,31/07/2024
Villa Fiorito,5,4,1,0,31/07/2024
Villa Lamadrid,3,1,0,2,31/07/2024
Banfield,6,5,0,1,04/08/2024
Ingeniero Budge,5,2,0,3,04/08/2024
Llavallol,5,2,1,2,04/08/2024
Lomas,6,4,1,1,04/08/2024
Parque Baron,4,2,1,1,04/08/2024
San José,8,4,1,3,04/08/2024
Santa Catalina,7,1,3,3,04/08/2024
Santa Marta,2,1,0,1,04/08/2024
Temperley,7,5,0,2,04/08/2024
Turdera,2,1,0,1,04/08/2024
Villa Albertina,4,1,2,1,04/08/2024
Villa Centenario,5,0,2,3,04/08/2024
Villa Fiorito,5,5,0,0,04/08/2024
Villa Lamadrid,3,1,0,2,04/08/2024
Banfield,6,5,0,1,06/08/2024
Ingeniero Budge,5,2,0,3,06/08/2024
Llavallol,5,3,0,2,06/08/2024
Lomas,6,4,0,2,06/08/2024
Parque Baron,4,2,1,1,06/08/2024
San José,8,4,0,4,06/08/2024
Santa Catalina,7,2,1,4,06/08/2024
Santa Marta,2,1,0,1,06/08/2024
Temperley,7,5,0,2,06/08/2024
Turdera,2,1,0,1,06/08/2024
Villa Albertina,4,2,0,2,06/08/2024
Villa Centenario,5,2,0,3,06/08/2024
Villa Fiorito,5,5,0,0,06/08/2024
Villa Lamadrid,3,1,0,2,06/08/2024
Banfield,6,5,0,1,07/08/2024
Ingeniero Budge,5,2,0,3,07/08/2024
Llavallol,5,3,0,2,07/08/2024
Lomas,6,5,0,1,07/08/2024
Parque Baron,4,2,1,1,07/08/2024
San José,8,6,0,2,07/08/2024
Santa Catalina,7,2,1,4,07/08/2024
Santa Marta,2,1,0,1,07/08/2024
Temperley,7,5,0,2,07/08/2024
Turdera,2,1,0,1,07/08/2024
Villa Albertina,7,5,0,2,07/08/2024
Villa Centenario,5,1,1,3,07/08/2024
Villa Fiorito,5,5,0,0,07/08/2024
Villa Lamadrid,3,1,0,2,07/08/2024
Banfield,6,5,0,1,08/08/2024
Ingeniero Budge,6,3,0,3,08/08/2024
Llavallol,5,3,0,2,08/08/2024
Lomas,6,4,0,2,08/08/2024
Parque Baron,4,2,1,1,08/08/2024
San José,7,4,0,3,08/08/2024
Santa Catalina,7,2,1,4,08/08/2024
Santa Marta,2,1,0,1,08/08/2024
Temperley,6,4,0,2,08/08/2024
Turdera,2,1,0,1,08/08/2024
Villa Albertina,4,2,0,2,08/08/2024
Villa Centenario,6,2,1,3,08/08/2024
Villa Fiorito,5,4,1,0,08/08/2024
Villa Lamadrid,3,1,0,2,08/08/2024
Banfield,6,5,0,1,12/08/2024
Ingeniero Budge,7,4,0,3,12/08/2024
Llavallol,5,3,0,2,12/08/2024
Lomas,6,4,0,2,12/08/2024
Parque Baron,4,2,1,1,12/08/2024
San José,7,4,0,3,12/08/2024
Santa Catalina,7,1,2,4,12/08/2024
Santa Marta,2,1,0,1,12/08/2024
Temperley,6,4,0,2,12/08/2024
Turdera,2,1,0,1,12/08/2024
Villa Albertina,4,2,0,2,12/08/2024
Villa Centenario,6,2,1,3,12/08/2024
Villa Fiorito,4,4,0,0,12/08/2024
Villa Lamadrid,3,1,0,2,12/08/2024
Banfield,6,5,0,1,13/08/2024
Ingeniero Budge,7,4,0,3,13/08/2024
Llavallol,5,3,0,2,13/08/2024
Lomas,6,4,0,2,13/08/2024
Parque Baron,4,2,1,1,13/08/2024
San José,7,4,0,3,13/08/2024
Santa Catalina,7,0,3,4,13/08/2024
Santa Marta,2,1,0,1,13/08/2024
Temperley,6,4,0,2,13/08/2024
Turdera,2,1,0,1,13/08/2024
Villa Albertina,4,2,0,2,13/08/2024
Villa Centenario,6,2,1,3,13/08/2024
Villa Fiorito,4,4,0,0,13/08/2024
Villa Lamadrid,3,1,0,2,13/08/2024
Banfield,6,5,0,1,14/08/2024
Ingeniero Budge,6,3,0,3,14/08/2024
Llavallol,5,3,0,2,14/08/2024
Lomas,6,4,0,2,14/08/2024
Parque Baron,4,2,1,1,14/08/2024
San José,7,4,0,3,14/08/2024
Santa Catalina,8,2,2,4,14/08/2024
Santa Marta,2,1,0,1,14/08/2024
Temperley,6,4,0,2,14/08/2024
Turdera,2,1,0,1,14/08/2024
Villa Albertina,4,2,0,2,14/08/2024
Villa Centenario,6,1,1,4,14/08/2024
Villa Fiorito,4,3,1,0,14/08/2024
Villa Lamadrid,3,1,0,2,14/08/2024
Banfield,6,5,0,1,15/08/2024
Ingeniero Budge,6,2,1,3,15/08/2024
Llavallol,5,3,0,2,15/08/2024
Lomas,6,4,0,2,15/08/2024
Parque Baron,4,2,1,1,15/08/2024
San José,7,4,0,3,15/08/2024
Santa Catalina,8,4,0,4,15/08/2024
Santa Marta,2,1,0,1,15/08/2024
Temperley,6,4,0,2,15/08/2024
Turdera,2,1,0,1,15/08/2024
Villa Albertina,4,2,0,2,15/08/2024
Villa Centenario,6,2,1,3,15/08/2024
Villa Fiorito,4,3,1,0,15/08/2024
Villa Lamadrid,3,1,0,2,15/08/2024
Banfield,6,2,3,1,16/08/2024
Ingeniero Budge,6,0,3,3,16/08/2024
Llavallol,5,0,3,2,16/08/2024
Lomas,6,1,3,2,16/08/2024
Parque Baron,4,0,3,1,16/08/2024
San José,7,4,0,3,16/08/2024
Santa Catalina,8,4,0,4,16/08/2024
Santa Marta,2,0,1,1,16/08/2024
Temperley,6,4,0,2,16/08/2024
Turdera,2,0,1,1,16/08/2024
Villa Albertina,4,0,2,2,16/08/2024
Villa Centenario,6,0,2,4,16/08/2024
Villa Fiorito,4,0,4,0,16/08/2024
Villa Lamadrid,3,0,1,2,16/08/2024
Banfield,6,5,0,1,18/08/2024
Ingeniero Budge,6,3,0,3,18/08/2024
Llavallol,5,3,0,2,18/08/2024
Lomas,6,3,1,2,18/08/2024
Parque Baron,4,2,1,1,18/08/2024
San José,7,3,0,4,18/08/2024
Santa Catalina,8,4,0,4,18/08/2024
Santa Marta,2,1,0,1,18/08/2024
Temperley,6,4,0,2,18/08/2024
Turdera,2,1,0,1,18/08/2024
Villa Albertina,4,2,0,2,18/08/2024
Villa Centenario,6,2,1,3,18/08/2024
Villa Fiorito,4,3,1,0,18/08/2024
Villa Lamadrid,3,1,0,2,18/08/2024
Banfield,6,5,0,1,19/08/2024
Ingeniero Budge,6,2,1,3,19/08/2024
Llavallol,5,2,1,2,19/08/2024
Lomas,6,4,0,2,19/08/2024
Parque Baron,4,2,1,1,19/08/2024
San José,7,4,0,3,19/08/2024
Santa Catalina,8,4,0,4,19/08/2024
Santa Marta,2,1,0,1,19/08/2024
Temperley,6,4,0,2,19/08/2024
Turdera,2,1,0,1,19/08/2024
Villa Albertina,4,2,0,2,19/08/2024
Villa Centenario,6,1,2,3,19/08/2024
Villa Fiorito,4,3,1,0,19/08/2024
Villa Lamadrid,3,1,0,2,19/08/2024
Banfield,6,5,0,1,20/08/2024
Ingeniero Budge,6,3,0,3,20/08/2024
Llavallol,5,2,1,2,20/08/2024
Lomas,6,4,0,2,20/08/2024
Parque Baron,4,2,1,1,20/08/2024
San José,7,3,1,3,20/08/2024
Santa Catalina,8,4,0,4,20/08/2024
Santa Marta,2,1,0,1,20/08/2024
Temperley,6,4,0,2,20/08/2024
Turdera,2,1,0,1,20/08/2024
Villa Albertina,4,2,0,2,20/08/2024
Villa Centenario,6,2,1,3,20/08/2024
Villa Fiorito,4,3,1,0,20/08/2024
Villa Lamadrid,3,1,0,2,20/08/2024
Banfield,6,5,0,1,21/08/2024
Ingeniero Budge,6,3,0,3,21/08/2024
Llavallol,5,2,1,2,21/08/2024
Lomas,6,4,0,2,21/08/2024
Parque Baron,4,2,0,2,21/08/2024
San José,7,4,0,3,21/08/2024
Santa Catalina,8,1,3,4,21/08/2024
Santa Marta,2,1,0,1,21/08/2024
Temperley,6,4,0,2,21/08/2024
Turdera,2,1,0,1,21/08/2024
Villa Albertina,4,2,0,2,21/08/2024
Villa Centenario,6,2,0,4,21/08/2024
Villa Fiorito,4,3,0,1,21/08/2024
Villa Lamadrid,3,1,0,2,21/08/2024
Banfield,6,5,0,1,22/08/2024
Ingeniero Budge,6,3,0,3,22/08/2024
Llavallol,5,2,1,2,22/08/2024
Lomas,6,4,0,2,22/08/2024
Parque Baron,4,2,0,2,22/08/2024
San José,7,4,0,3,22/08/2024
Santa Catalina,8,4,0,4,22/08/2024
Santa Marta,2,1,0,1,22/08/2024
Temperley,6,4,0,2,22/08/2024
Turdera,2,1,0,1,22/08/2024
Villa Albertina,4,2,0,2,22/08/2024
Villa Centenario,6,3,0,3,22/08/2024
Villa Fiorito,4,3,0,1,22/08/2024
Villa Lamadrid,3,2,0,1,22/08/2024
Banfield,6,5,0,1,23/08/2024
Ingeniero Budge,6,3,0,3,23/08/2024
Llavallol,5,2,0,3,23/08/2024
Lomas,6,4,0,2,23/08/2024
Parque Baron,4,2,0,2,23/08/2024
San José,7,4,0,3,23/08/2024
Santa Catalina,8,4,0,4,23/08/2024
Santa Marta,2,1,0,1,23/08/2024
Temperley,6,4,0,2,23/08/2024
Turdera,2,1,0,1,23/08/2024
Villa Albertina,4,1,1,2,23/08/2024
Villa Centenario,6,2,1,3,23/08/2024
Villa Fiorito,4,2,1,1,23/08/2024
Villa Lamadrid,3,1,1,1,23/08/2024
Banfield,6,4,1,1,25/08/2024
Ingeniero Budge,6,3,0,3,25/08/2024
Llavallol,5,2,0,3,25/08/2024
Lomas,6,3,1,2,25/08/2024
Parque Baron,4,2,0,2,25/08/2024
San José,7,4,0,3,25/08/2024
Santa Catalina,8,4,0,4,25/08/2024
Santa Marta,2,1,0,1,25/08/2024
Temperley,6,4,0,2,25/08/2024
Turdera,2,0,1,1,25/08/2024
Villa Albertina,4,2,0,2,25/08/2024
Villa Centenario,6,3,0,3,25/08/2024
Villa Fiorito,4,3,0,1,25/08/2024
Villa Lamadrid,3,1,1,1,25/08/2024
Banfield,6,5,0,1,26/08/2024
Ingeniero Budge,6,3,0,3,26/08/2024
Llavallol,5,2,0,3,26/08/2024
Lomas,6,3,0,3,26/08/2024
Parque Baron,4,2,0,2,26/08/2024
San José,7,4,0,3,26/08/2024
Santa Catalina,8,3,1,4,26/08/2024
Santa Marta,2,1,0,1,26/08/2024
Secretaria Serv. Publicos,8,4,1,3,26/08/2024
Subse Servicios Urbanos,8,2,1,5,26/08/2024
Temperley,6,4,0,2,26/08/2024
Turdera,2,1,0,1,26/08/2024
Villa Albertina,4,2,0,2,26/08/2024
Villa Centenario,6,3,0,3,26/08/2024
Villa Fiorito,4,2,0,2,26/08/2024
Villa Lamadrid,3,2,0,1,26/08/2024
Banfield,6,5,0,1,27/08/2024
Ingeniero Budge,6,3,0,3,27/08/2024
Llavallol,5,2,0,3,27/08/2024
Lomas,6,3,1,2,27/08/2024
Parque Baron,4,2,0,2,27/08/2024
San José,7,5,0,2,27/08/2024
Santa Catalina,8,3,1,4,27/08/2024
Secretaria Serv. Publicos,2,1,0,1,27/08/2024
Subse Servicios Urbanos,8,3,2,3,27/08/2024
Santa Marta,8,2,2,4,27/08/2024
Temperley,6,4,0,2,27/08/2024
Turdera,2,1,0,1,27/08/2024
Villa Albertina,4,2,0,2,27/08/2024
Villa Centenario,6,3,0,3,27/08/2024
Villa Fiorito,4,4,0,0,27/08/2024
Villa Lamadrid,3,1,1,1,27/08/2024
Banfield,6,5,0,1,28/08/2024
Ingeniero Budge,6,2,1,3,28/08/2024
Llavallol,5,2,0,3,28/08/2024
Lomas,5,3,0,2,28/08/2024
Parque Baron,4,2,0,2,28/08/2024
San José,8,4,0,3,28/08/2024
Santa Catalina,8,3,1,4,28/08/2024
Santa Marta,3,2,0,1,28/08/2024
Secretaria Serv. Publicos,8,4,1,3,28/08/2024
Subse Servicios Urbanos,8,4,1,3,28/08/2024
Temperley,7,4,1,2,28/08/2024
Turdera,2,1,0,1,28/08/2024
Villa Albertina,4,2,0,2,28/08/2024
Villa Centenario,6,3,0,3,28/08/2024
Villa Fiorito,4,3,0,1,28/08/2024
Villa Lamadrid,3,1,1,1,28/08/2024
Banfield,6,5,0,1,29/08/2024
Ingeniero Budge,6,3,0,3,29/08/2024
Llavallol,5,2,0,3,29/08/2024
Lomas,5,3,0,2,29/08/2024
Parque Baron,4,2,0,2,29/08/2024
San José,7,4,0,3,29/08/2024
Santa Catalina,7,2,1,4,29/08/2024
Santa Marta,4,2,0,2,29/08/2024
Secretaria Serv. Publicos,8,5,0,3,29/08/2024
Subse Servicios Urbanos,8,2,2,4,29/08/2024
Temperley,7,4,1,2,29/08/2024
Turdera,2,1,0,1,29/08/2024
Villa Albertina,4,2,0,2,29/08/2024
Villa Centenario,6,2,1,3,29/08/2024
Villa Fiorito,4,3,0,1,29/08/2024
Villa Lamadrid,3,1,1,1,29/08/2024
Banfield,6,3,2,1,30/08/2024
Ingeniero Budge,6,3,1,3,30/08/2024
Llavallol,5,2,0,3,30/08/2024
Lomas,5,2,1,2,30/08/2024
Parque Baron,4,1,1,2,30/08/2024
San José,7,3,1,3,30/08/2024
Santa Catalina,7,1,2,4,30/08/2024
Santa Marta,4,2,0,2,30/08/2024
Secretaria Serv. Publicos,8,4,1,3,30/08/2024
Subse Servicios Urbanos,8,0,4,4,30/08/2024
Temperley,7,4,1,2,30/08/2024
Turdera,2,1,0,1,30/08/2024
Villa Albertina,4,2,0,2,30/08/2024
Villa Centenario,6,1,2,3,30/08/2024
Villa Fiorito,4,2,0,2,30/08/2024
Villa Lamadrid,3,1,1,1,30/08/2024
Banfield,6,5,0,1,01/09/2024
Ingeniero Budge,6,3,0,3,01/09/2024
Llavallol,5,2,0,3,01/09/2024
Lomas,5,2,1,2,01/09/2024
Parque Baron,4,2,0,2,01/09/2024
San José,7,4,0,3,01/09/2024
Santa Catalina,7,2,1,4,01/09/2024
Santa Marta,4,2,0,2,01/09/2024
Secretaria Serv. Publicos,8,3,2,3,01/09/2024
Subse Servicios Urbanos,8,1,3,4,01/09/2024
Temperley,7,4,1,2,01/09/2024
Turdera,2,1,0,1,01/09/2024
Villa Albertina,4,2,0,2,01/09/2024
Villa Centenario,6,3,0,3,01/09/2024
Villa Fiorito,4,3,0,1,01/09/2024
Villa Lamadrid,3,1,1,1,01/09/2024
Banfield,6,5,0,1,02/09/2024
Ingeniero Budge,6,3,0,3,02/09/2024
Llavallol,5,2,0,3,02/09/2024
Lomas,5,3,0,2,02/09/2024
Parque Baron,4,2,0,2,02/09/2024
San José,7,5,0,2,02/09/2024
Santa Catalina,7,3,1,3,02/09/2024
Santa Marta,4,2,0,2,02/09/2024
Secretaria Serv. Publicos,8,3,2,3,02/09/2024
Subse Servicios Urbanos,8,2,2,4,02/09/2024
Temperley,7,4,1,2,02/09/2024
Turdera,2,1,0,1,02/09/2024
Villa Albertina,4,2,0,2,02/09/2024
Villa Centenario,6,2,1,3,02/09/2024
Villa Fiorito,4,3,0,1,02/09/2024
Villa Lamadrid,3,1,1,1,02/09/2024
Banfield,6,4,1,1,03/09/2024
Ingeniero Budge,6,3,0,3,03/09/2024
Llavallol,5,2,0,3,03/09/2024
Lomas,5,3,0,2,03/09/2024
Parque Baron,4,2,0,2,03/09/2024
San José,7,3,1,3,03/09/2024
Santa Catalina,7,3,1,3,03/09/2024
Santa Marta,4,2,0,2,03/09/2024
Secretaria Serv. Publicos,8,3,1,4,03/09/2024
Subse Servicios Urbanos,8,3,1,4,03/09/2024
Temperley,7,3,2,2,03/09/2024
Turdera,2,1,0,1,03/09/2024
Villa Albertina,4,2,0,2,03/09/2024
Villa Centenario,6,3,0,3,03/09/2024
Villa Fiorito,4,3,0,1,03/09/2024
Villa Lamadrid,3,1,1,1,03/09/2024
Banfield,6,4,1,1,04/09/2024
Ingeniero Budge,6,3,0,3,04/09/2024
Llavallol,5,2,0,3,04/09/2024
Lomas,5,3,0,2,04/09/2024
Parque Baron,4,2,0,2,04/09/2024
San José,7,4,1,2,04/09/2024
Santa Catalina,7,3,1,3,04/09/2024
Santa Marta,4,2,0,2,04/09/2024
Secretaria Serv. Publicos,8,5,0,3,04/09/2024
Subse Servicios Urbanos,8,2,2,4,04/09/2024
Temperley,7,3,2,2,04/09/2024
Turdera,2,1,0,1,04/09/2024
Villa Albertina,4,2,0,2,04/09/2024
Villa Centenario,6,3,0,3,04/09/2024
Villa Fiorito,4,3,0,1,04/09/2024
Villa Lamadrid,3,1,1,1,04/09/2024
Banfield,6,5,0,1,05/09/2024
Ingeniero Budge,6,3,0,3,05/09/2024
Llavallol,5,2,0,3,05/09/2024
Lomas,5,3,0,2,05/09/2024
Parque Baron,4,2,0,2,05/09/2024
San José,7,4,1,3,05/09/2024
Santa Catalina,7,3,1,3,05/09/2024
Santa Marta,4,2,0,1,05/09/2024
Secretaria Serv. Publicos,8,4,0,3,05/09/2024
Subse Servicios Urbanos,8,2,2,4,05/09/2024
Temperley,7,3,2,2,05/09/2024
Turdera,2,1,0,2,05/09/2024
Villa Albertina,4,2,0,2,05/09/2024
Villa Centenario,6,3,0,3,05/09/2024
Villa Fiorito,4,3,0,1,05/09/2024
Villa Lamadrid,3,1,1,1,05/09/2024
Banfield,6,4,1,1,06/09/2024
Ingeniero Budge,6,2,1,3,06/09/2024
Llavallol,5,2,0,3,06/09/2024
Lomas,5,3,0,2,06/09/2024
Parque Baron,4,2,0,2,06/09/2024
San José,7,3,1,3,06/09/2024
Santa Catalina,7,3,1,3,06/09/2024
Santa Marta,4,3,0,1,06/09/2024
Secretaria Serv. Publicos,8,4,1,3,06/09/2024
Subse Servicios Urbanos,8,2,2,4,06/09/2024
Temperley,7,4,1,2,06/09/2024
Turdera,2,1,0,1,06/09/2024
Villa Albertina,4,2,0,2,06/09/2024
Villa Centenario,6,2,1,3,06/09/2024
Villa Fiorito,4,3,0,1,06/09/2024
Villa Lamadrid,3,0,2,1,06/09/2024
Banfield,6,5,0,1,08/09/2024
Ingeniero Budge,6,2,1,3,08/09/2024
Llavallol,5,2,0,3,08/09/2024
Lomas,5,3,0,2,08/09/2024
Parque Baron,4,2,0,2,08/09/2024
San José,7,3,1,3,08/09/2024
Santa Catalina,7,3,1,3,08/09/2024
Santa Marta,4,2,0,2,08/09/2024
Secretaria Serv. Publicos,8,4,1,3,08/09/2024
Subse Servicios Urbanos,8,2,2,4,08/09/2024
Temperley,7,3,2,2,08/09/2024
Turdera,2,1,0,1,08/09/2024
Villa Albertina,4,2,0,2,08/09/2024
Villa Centenario,6,3,0,3,08/09/2024
Villa Fiorito,4,3,0,1,08/09/2024
Villa Lamadrid,3,1,1,1,08/09/2024
Banfield,6,3,2,1,09/09/2024
Ingeniero Budge,6,2,0,4,09/09/2024
Llavallol,5,0,2,3,09/09/2024
Lomas,5,1,2,2,09/09/2024
Parque Baron,4,1,1,2,09/09/2024
San José,7,1,3,3,09/09/2024
Santa Catalina,7,3,1,3,09/09/2024
Santa Marta,4,0,2,2,09/09/2024
Secretaria Serv. Publicos,8,3,2,3,09/09/2024
Subse Servicios Urbanos,8,1,3,4,09/09/2024
Temperley,7,3,2,2,09/09/2024
Turdera,2,0,0,2,09/09/2024
Villa Albertina,4,1,1,2,09/09/2024
Villa Centenario,6,0,3,3,09/09/2024
Villa Fiorito,4,0,2,2,09/09/2024
Villa Lamadrid,3,0,2,1,09/09/2024
Banfield,6,4,1,1,10/09/2024
Ingeniero Budge,6,2,0,4,10/09/2024
Llavallol,5,2,0,3,10/09/2024
Lomas,5,3,0,2,10/09/2024
Parque Baron,4,2,0,2,10/09/2024
San José,7,3,1,3,10/09/2024
Santa Catalina,7,2,2,3,10/09/2024
Santa Marta,4,2,0,2,10/09/2024
Secretaria Serv. Publicos,8,4,1,3,10/09/2024
Subse Servicios Urbanos,8,2,2,4,10/09/2024
Temperley,7,3,2,2,10/09/2024
Turdera,2,1,0,1,10/09/2024
Villa Albertina,4,2,0,2,10/09/2024
Villa Centenario,6,3,0,3,10/09/2024
Villa Fiorito,4,3,0,1,10/09/2024
Villa Lamadrid,3,1,1,1,10/09/2024
Banfield,6,4,1,1,11/09/2024
Ingeniero Budge,6,3,0,3,11/09/2024
Llavallol,6,3,0,3,11/09/2024
Lomas,5,3,0,2,11/09/2024
Parque Baron,4,2,0,2,11/09/2024
San José,7,5,0,2,11/09/2024
Santa Catalina,7,4,1,2,11/09/2024
Santa Marta,3,2,0,1,11/09/2024
Secretaria Serv. Publicos,7,6,0,1,11/09/2024
Subse Servicios Urbanos,12,2,3,7,11/09/2024
Temperley,6,4,0,2,11/09/2024
Turdera,2,1,0,1,11/09/2024
Villa Albertina,4,2,0,2,11/09/2024
Villa Centenario,6,2,1,3,11/09/2024
Villa Fiorito,4,3,0,1,11/09/2024
Villa Lamadrid,3,2,0,1,11/09/2024
Banfield,6,4,1,1,12/09/2024
Ingeniero Budge,6,3,0,3,12/09/2024
Llavallol,5,2,0,3,12/09/2024
Lomas,5,3,0,2,12/09/2024
Parque Baron,4,2,0,2,12/09/2024
San José,7,5,0,2,12/09/2024
Santa Catalina,7,2,1,4,12/09/2024
Santa Marta,4,2,1,1,12/09/2024
Secretaria Serv. Publicos,8,3,2,3,12/09/2024
Subse Servicios Urbanos,8,2,2,4,12/09/2024
Temperley,7,5,0,2,12/09/2024
Turdera,2,1,0,1,12/09/2024
Villa Albertina,4,2,0,2,12/09/2024
Villa Centenario,6,2,1,3,12/09/2024
Villa Fiorito,4,3,0,1,12/09/2024
Villa Lamadrid,3,1,1,1,12/09/2024
Banfield,6,5,0,1,13/09/2024
Ingeniero Budge,6,1,2,3,13/09/2024
Llavallol,5,2,0,3,13/09/2024
Lomas,5,3,0,2,13/09/2024
Parque Baron,4,2,0,2,13/09/2024
San José,7,5,0,2,13/09/2024
Santa Catalina,7,2,1,4,13/09/2024
Santa Marta,4,2,1,1,13/09/2024
Secretaria Serv. Publicos,8,3,2,3,13/09/2024
Subse Servicios Urbanos,8,1,3,4,13/09/2024
Temperley,7,5,0,2,13/09/2024
Turdera,2,1,0,1,13/09/2024
Villa Albertina,4,1,1,2,13/09/2024
Villa Centenario,6,2,1,3,13/09/2024
Villa Fiorito,4,3,0,1,13/09/2024
Villa Lamadrid,3,1,1,1,13/09/2024
Banfield,6,4,1,1,15/09/2024
Ingeniero Budge,6,3,0,3,15/09/2024
Llavallol,5,2,0,3,15/09/2024
Lomas,5,3,0,2,15/09/2024
Parque Baron,4,2,0,2,15/09/2024
San José,7,3,2,2,15/09/2024
Santa Catalina,7,3,0,4,15/09/2024
Santa Marta,4,2,1,1,15/09/2024
Secretaria Serv. Publicos,8,4,1,3,15/09/2024
Subse Servicios Urbanos,8,2,2,4,15/09/2024
Temperley,7,5,0,2,15/09/2024
Turdera,2,1,0,1,15/09/2024
Villa Albertina,4,1,1,2,15/09/2024
Villa Centenario,6,2,1,3,15/09/2024
Villa Fiorito,4,3,0,1,15/09/2024
Villa Lamadrid,3,2,0,1,15/09/2024
Banfield,6,4,1,1,16/09/2024
Ingeniero Budge,6,2,1,3,16/09/2024
Llavallol,6,3,0,3,16/09/2024
Lomas,5,3,0,2,16/09/2024
Parque Baron,4,2,0,2,16/09/2024
San José,7,5,0,2,16/09/2024
Santa Catalina,7,3,0,4,16/09/2024
Santa Marta,4,2,0,2,16/09/2024
Secretaria Serv. Publicos,8,4,1,3,16/09/2024
Subse Servicios Urbanos,8,2,2,4,16/09/2024
Temperley,6,4,0,2,16/09/2024
Turdera,2,1,0,1,16/09/2024
Villa Albertina,4,2,0,2,16/09/2024
Villa Centenario,6,2,1,3,16/09/2024
Villa Fiorito,4,3,0,1,16/09/2024
Villa Lamadrid,3,2,0,1,16/09/2024
Banfield,6,4,1,1,17/09/2024
Ingeniero Budge,6,2,1,3,17/09/2024
Llavallol,6,3,0,3,17/09/2024
Lomas,5,3,0,2,17/09/2024
Parque Baron,4,2,0,2,17/09/2024
San José,7,5,0,2,17/09/2024
Santa Catalina,7,3,0,4,17/09/2024
Santa Marta,4,2,1,1,17/09/2024
Secretaria Serv. Publicos,8,3,2,3,17/09/2024
Subse Servicios Urbanos,8,2,2,4,17/09/2024
Temperley,6,4,0,2,17/09/2024
Turdera,2,1,0,1,17/09/2024
Villa Albertina,4,1,0,3,17/09/2024
Villa Centenario,6,2,1,3,17/09/2024
Villa Fiorito,4,3,0,1,17/09/2024
Villa Lamadrid,3,2,0,1,17/09/2024
Banfield,6,4,1,1,18/09/2024
Ingeniero Budge,6,3,0,3,18/09/2024
Llavallol,6,3,0,3,18/09/2024
Lomas,5,4,0,1,18/09/2024
Parque Baron,4,2,0,2,18/09/2024
San José,7,5,0,2,18/09/2024
Santa Catalina,8,4,0,4,18/09/2024
Santa Marta,3,2,0,1,18/09/2024
Secretaria Serv. Publicos,8,4,1,3,18/09/2024
Subse Servicios Urbanos,8,2,2,4,18/09/2024
Temperley,6,4,0,2,18/09/2024
Turdera,2,1,0,1,18/09/2024
Villa Albertina,4,1,0,3,18/09/2024
Villa Centenario,6,2,1,3,18/09/2024
Villa Fiorito,4,3,0,1,18/09/2024
Villa Lamadrid,3,2,0,1,18/09/2024
Banfield,6,5,0,1,19/09/2024
Ingeniero Budge,6,3,0,3,19/09/2024
Llavallol,6,3,0,3,19/09/2024
Lomas,5,3,0,2,19/09/2024
Parque Baron,4,2,0,2,19/09/2024
San José,7,5,0,2,19/09/2024
Santa Catalina,8,4,0,4,19/09/2024
Santa Marta,3,2,0,1,19/09/2024
Secretaria Serv. Publicos,8,3,2,3,19/09/2024
Subse Servicios Urbanos,8,2,2,4,19/09/2024
Temperley,6,4,0,2,19/09/2024
Turdera,2,1,0,1,19/09/2024
Villa Albertina,4,1,0,3,19/09/2024
Villa Centenario,6,3,0,3,19/09/2024
Villa Fiorito,4,3,0,1,19/09/2024
Villa Lamadrid,3,2,0,1,19/09/2024
Banfield,6,5,0,1,20/09/2024
Ingeniero Budge,6,3,0,3,20/09/2024
Llavallol,6,2,1,3,20/09/2024
Lomas,5,4,0,1,20/09/2024
Parque Baron,4,2,0,2,20/09/2024
San José,7,5,0,2,20/09/2024
Santa Catalina,8,2,1,5,20/09/2024
Santa Marta,3,2,0,1,20/09/2024
Secretaria Serv. Publicos,8,3,2,3,20/09/2024
Subse Servicios Urbanos,8,0,4,4,20/09/2024
Temperley,6,4,0,2,20/09/2024
Turdera,2,1,0,1,20/09/2024
Villa Albertina,4,1,0,3,20/09/2024
Villa Centenario,6,1,2,3,20/09/2024
Villa Fiorito,4,3,0,1,20/09/2024
Villa Lamadrid,3,2,0,1,20/09/2024
Banfield,6,5,0,1,22/09/2024
Ingeniero Budge,6,3,0,3,22/09/2024
Llavallol,6,2,1,3,22/09/2024
Lomas,5,4,0,1,22/09/2024
Parque Baron,4,2,0,2,22/09/2024
San José,7,5,0,2,22/09/2024
Santa Catalina,8,3,0,5,22/09/2024
Santa Marta,3,1,1,1,22/09/2024
Secretaria Serv. Publicos,8,4,1,3,22/09/2024
Subse Servicios Urbanos,8,4,2,4,22/09/2024
Temperley,6,4,0,2,22/09/2024
Turdera,2,1,0,1,22/09/2024
Villa Albertina,4,1,0,3,22/09/2024
Villa Centenario,6,3,0,3,22/09/2024
Villa Fiorito,4,3,0,1,22/09/2024
Villa Lamadrid,3,2,0,1,22/09/2024
Banfield,6,4,1,1,23/09/2024
Ingeniero Budge,6,2,1,3,23/09/2024
Llavallol,6,2,1,3,23/09/2024
Lomas,5,3,0,2,23/09/2024
Parque Baron,4,2,0,2,23/09/2024
San José,7,4,0,3,23/09/2024
Santa Catalina,8,3,0,5,23/09/2024
Santa Marta,3,1,1,1,23/09/2024
Secretaria Serv. Publicos,8,3,1,4,23/09/2024
Subse Servicios Urbanos,8,2,2,4,23/09/2024
Temperley,6,4,0,2,23/09/2024
Turdera,2,1,0,1,23/09/2024
Villa Albertina,4,1,0,3,23/09/2024
Villa Centenario,6,2,1,3,23/09/2024
Villa Fiorito,4,3,0,1,23/09/2024
Villa Lamadrid,3,2,0,1,23/09/2024
Banfield,6,5,0,1,24/09/2024
Ingeniero Budge,6,2,1,3,24/09/2024
Llavallol,6,3,0,3,24/09/2024
Lomas,5,3,0,2,24/09/2024
Parque Baron,4,2,0,2,24/09/2024
San José,7,3,1,3,24/09/2024
Santa Catalina,8,3,1,4,24/09/2024
Santa Marta,3,2,0,1,24/09/2024
Secretaria Serv. Publicos,8,2,2,4,24/09/2024
Subse Servicios Urbanos,8,2,3,3,24/09/2024
Temperley,6,4,0,2,24/09/2024
Turdera,2,1,0,1,24/09/2024
Villa Albertina,4,1,0,3,24/09/2024
Villa Centenario,6,2,1,3,24/09/2024
Villa Fiorito,4,3,1,0,24/09/2024
Villa Lamadrid,3,2,0,1,24/09/2024
Banfield,6,5,0,1,25/09/2024
Ingeniero Budge,6,2,1,3,25/09/2024
Llavallol,6,3,0,3,25/09/2024
Lomas,5,3,0,2,25/09/2024
Parque Baron,4,2,0,2,25/09/2024
San José,7,4,0,3,25/09/2024
Santa Catalina,8,4,0,4,25/09/2024
Santa Marta,3,2,0,1,25/09/2024
Secretaria Serv. Publicos,8,2,2,4,25/09/2024
Subse Servicios Urbanos,8,2,3,3,25/09/2024
Temperley,6,4,0,2,25/09/2024
Turdera,2,1,0,1,25/09/2024
Villa Albertina,4,1,0,3,25/09/2024
Villa Centenario,6,2,1,3,25/09/2024
Villa Fiorito,4,4,0,0,25/09/2024
Villa Lamadrid,3,2,0,1,25/09/2024
Banfield,6,4,1,1,26/09/2024
Ingeniero Budge,6,1,1,4,26/09/2024
Llavallol,6,3,0,3,26/09/2024
Lomas,5,4,0,1,26/09/2024
Parque Baron,4,2,0,2,26/09/2024
San José,7,4,0,3,26/09/2024
Santa Catalina,8,3,1,4,26/09/2024
Santa Marta,3,2,0,1,26/09/2024
Secretaria Serv. Publicos,8,3,1,4,26/09/2024
Subse Servicios Urbanos,8,2,3,3,26/09/2024
Temperley,6,4,0,2,26/09/2024
Turdera,2,1,0,1,26/09/2024
Villa Albertina,4,1,0,3,26/09/2024
Villa Centenario,6,2,1,3,26/09/2024
Villa Fiorito,4,4,0,0,26/09/2024
Villa Lamadrid,3,2,0,1,26/09/2024
Banfield,6,4,1,1,27/09/2024
Ingeniero Budge,6,1,1,4,27/09/2024
Llavallol,6,3,0,3,27/09/2024
Lomas,5,3,0,2,27/09/2024
Parque Baron,4,2,0,2,27/09/2024
San José,7,4,0,3,27/09/2024
Santa Catalina,8,3,1,4,27/09/2024
Santa Marta,3,2,0,1,27/09/2024
Secretaria Serv. Publicos,8,3,1,4,27/09/2024
Subse Servicios Urbanos,3,2,0,1,27/09/2024
Temperley,6,4,1,1,27/09/2024
Turdera,2,1,0,1,27/09/2024
Villa Albertina,4,0,1,3,27/09/2024
Villa Centenario,6,1,2,3,27/09/2024
Villa Fiorito,4,3,0,1,27/09/2024
Villa Lamadrid,3,1,1,1,27/09/2024
Banfield,6,5,0,1,29/09/2024
Ingeniero Budge,6,1,2,3,29/09/2024
Llavallol,6,3,0,3,29/09/2024
Lomas,5,3,0,2,29/09/2024
Parque Baron,4,2,0,2,29/09/2024
San José,7,4,0,3,29/09/2024
Santa Catalina,8,3,1,4,29/09/2024
Santa Marta,3,2,0,1,29/09/2024
Secretaria Serv. Publicos,8,4,0,4,29/09/2024
Subse Servicios Urbanos,3,2,0,1,29/09/2024
Temperley,6,5,0,1,29/09/2024
Turdera,2,1,0,1,29/09/2024
Villa Albertina,4,0,1,3,29/09/2024
Villa Centenario,6,2,1,3,29/09/2024
Villa Fiorito,4,4,0,0,29/09/2024
Villa Lamadrid,3,2,0,1,29/09/2024
Banfield,6,5,0,1,30/09/2024
Ingeniero Budge,6,0,2,4,30/09/2024
Llavallol,6,3,0,3,30/09/2024
Lomas,5,3,0,2,30/09/2024
Parque Baron,4,2,0,2,30/09/2024
San José,7,5,0,2,30/09/2024
Santa Catalina,8,3,1,4,30/09/2024
Santa Marta,3,2,0,1,30/09/2024
Secretaria Serv. Publicos,8,2,2,4,30/09/2024
Subse Servicios Urbanos,8,2,3,3,30/09/2024
Temperley,6,4,0,2,30/09/2024
Turdera,2,1,0,1,30/09/2024
Villa Albertina,4,0,1,3,30/09/2024
Villa Centenario,6,3,0,3,30/09/2024
Villa Fiorito,4,4,0,0,30/09/2024
Villa Lamadrid,3,2,0,1,30/09/2024
Banfield,6,4,0,2,01/10/2024
Ingeniero Budge,6,2,0,4,01/10/2024
Llavallol,6,3,0,3,01/10/2024
Lomas,5,3,0,2,01/10/2024
Parque Baron,4,2,0,2,01/10/2024
San José,7,5,0,2,01/10/2024
Santa Catalina,8,3,2,3,01/10/2024
Santa Marta,3,2,0,1,01/10/2024
Secretaria Serv. Publicos,8,2,1,5,01/10/2024
Subse Servicios Urbanos,8,2,3,3,01/10/2024
Temperley,6,4,0,2,01/10/2024
Turdera,2,1,0,1,01/10/2024
Villa Albertina,4,1,1,2,01/10/2024
Villa Centenario,6,2,1,3,01/10/2024
Villa Fiorito,4,4,0,0,01/10/2024
Villa Lamadrid,3,2,0,1,01/10/2024
Banfield,6,4,1,1,02/10/2024
Higiene Urbana,11,4,4,1,02/10/2024
Ingeniero Budge,6,2,1,3,02/10/2024
Llavallol,6,4,0,2,02/10/2024
Lomas,5,4,0,1,02/10/2024
Parque Baron,4,2,0,2,02/10/2024
San José,7,4,0,3,02/10/2024
Santa Catalina,7,3,2,2,02/10/2024
Santa Marta,3,2,0,1,02/10/2024
Secretaria Serv. Publicos,8,5,1,2,02/10/2024
Subse Servicios Urbanos,12,2,4,6,02/10/2024
Temperley,6,4,0,2,02/10/2024
Turdera,2,1,0,1,02/10/2024
Villa Albertina,4,1,1,2,02/10/2024
Villa Centenario,6,2,1,3,02/10/2024
Villa Fiorito,4,3,0,1,02/10/2024
Villa Lamadrid,3,2,0,1,02/10/2024
Banfield,6,5,0,1,03/10/2024
Higiene Urbana,11,4,2,4,03/10/2024
Ingeniero Budge,6,2,1,3,03/10/2024
Llavallol,6,4,0,2,03/10/2024
Lomas,5,4,0,1,03/10/2024
Parque Baron,4,2,0,2,03/10/2024
San José,7,4,1,2,03/10/2024
Santa Catalina,7,4,0,3,03/10/2024
Santa Marta,3,2,0,1,03/10/2024
Secretaria Serv. Publicos,8,4,2,2,03/10/2024
Subse Servicios Urbanos,12,2,4,6,03/10/2024
Temperley,6,5,0,1,03/10/2024
Turdera,2,1,0,1,03/10/2024
Villa Albertina,4,1,0,3,03/10/2024
Villa Centenario,6,3,0,3,03/10/2024
Villa Fiorito,4,3,1,0,03/10/2024
Villa Lamadrid,3,2,0,1,03/10/2024
Banfield,6,4,0,2,04/10/2024
Higiene Urbana,11,0,6,5,04/10/2024
Ingeniero Budge,6,1,2,3,04/10/2024
Llavallol,6,4,0,2,04/10/2024
Lomas,5,4,0,1,04/10/2024
Parque Baron,4,2,0,2,04/10/2024
San José,7,4,1,2,04/10/2024
Santa Catalina,7,4,0,3,04/10/2024
Santa Marta,3,2,0,1,04/10/2024
Secretaria Serv. Publicos,7,3,2,2,04/10/2024
Subse Servicios Urbanos,12,1,5,6,04/10/2024
Temperley,6,4,1,1,04/10/2024
Turdera,2,1,0,1,04/10/2024
Villa Albertina,4,1,0,3,04/10/2024
Villa Centenario,6,2,1,3,04/10/2024
Villa Fiorito,4,3,1,0,04/10/2024
Villa Lamadrid,3,1,1,1,04/10/2024
Banfield,6,4,0,2,06/10/2024
Higiene Urbana,11,4,2,5,06/10/2024
Ingeniero Budge,6,2,1,3,06/10/2024
Llavallol,6,4,0,2,06/10/2024
Lomas,5,4,0,1,06/10/2024
Parque Baron,4,2,0,2,06/10/2024
San José,7,4,1,2,06/10/2024
Santa Catalina,7,4,0,3,06/10/2024
Santa Marta,3,2,0,1,06/10/2024
Secretaria Serv. Publicos,8,4,2,2,06/10/2024
Subse Servicios Urbanos,12,2,3,7,06/10/2024
Temperley,6,5,0,1,06/10/2024
Turdera,2,1,0,1,06/10/2024
Villa Albertina,4,1,0,3,06/10/2024
Villa Centenario,6,3,0,3,06/10/2024
Villa Fiorito,4,3,1,0,06/10/2024
Villa Lamadrid,3,1,1,1,06/10/2024
Banfield,6,4,0,2,07/10/2024
Higiene Urbana,11,4,2,5,07/10/2024
Ingeniero Budge,6,2,1,3,07/10/2024
Llavallol,6,4,0,2,07/10/2024
Lomas,5,4,0,1,07/10/2024
Parque Baron,4,2,0,2,07/10/2024
San José,7,4,1,2,07/10/2024
Santa Catalina,7,4,0,3,07/10/2024
Santa Marta,3,2,0,1,07/10/2024
Secretaria Serv. Publicos,7,4,1,2,07/10/2024
Subse Servicios Urbanos,12,2,3,7,07/10/2024
Temperley,6,5,0,1,07/10/2024
Turdera,2,1,0,1,07/10/2024
Villa Albertina,4,2,0,2,07/10/2024
Villa Centenario,6,3,0,3,07/10/2024
Villa Fiorito,4,3,1,0,07/10/2024
Villa Lamadrid,3,1,1,1,07/10/2024
Banfield,6,5,0,1,08/10/2024
Higiene Urbana,11,3,2,6,08/10/2024
Ingeniero Budge,6,2,1,3,08/10/2024
Llavallol,6,4,0,2,08/10/2024
Lomas,5,5,0,0,08/10/2024
Parque Baron,4,2,0,2,08/10/2024
San José,7,5,0,2,08/10/2024
Santa Catalina,7,4,0,3,08/10/2024
Santa Marta,3,2,0,1,08/10/2024
Secretaria Serv. Publicos,7,5,0,2,08/10/2024
Subse Servicios Urbanos,12,2,3,7,08/10/2024
Temperley,6,5,0,1,08/10/2024
Turdera,2,1,0,1,08/10/2024
Villa Albertina,4,2,0,2,08/10/2024
Villa Centenario,6,3,0,3,08/10/2024
Villa Fiorito,4,3,1,0,08/10/2024
Villa Lamadrid,3,2,0,1,08/10/2024
Banfield,6,5,0,1,09/10/2024
Higiene Urbana,11,3,2,6,09/10/2024
Ingeniero Budge,6,2,1,3,09/10/2024
Llavallol,6,3,1,2,09/10/2024
Lomas,5,5,0,0,09/10/2024
Parque Baron,4,2,0,2,09/10/2024
San José,7,4,1,2,09/10/2024
Santa Catalina,7,4,0,3,09/10/2024
Santa Marta,3,2,0,1,09/10/2024
Secretaria Serv. Publicos,7,4,1,2,09/10/2024
Subse Servicios Urbanos,12,2,3,7,09/10/2024
Temperley,6,5,0,1,09/10/2024
Turdera,2,1,0,1,09/10/2024
Villa Albertina,4,1,1,2,09/10/2024
Villa Centenario,6,3,0,3,09/10/2024
Villa Fiorito,4,3,1,0,09/10/2024
Villa Lamadrid,3,2,0,1,09/10/2024
Banfield,6,5,0,1,10/10/2024
Higiene Urbana,11,3,4,4,10/10/2024
Ingeniero Budge,6,2,2,2,10/10/2024
Llavallol,6,1,3,2,10/10/2024
Lomas,5,2,2,1,10/10/2024
Parque Baron,4,1,1,2,10/10/2024
San José,7,4,1,2,10/10/2024
Santa Catalina,7,4,0,3,10/10/2024
Santa Marta,3,0,2,1,10/10/2024
Secretaria Serv. Publicos,7,5,1,1,10/10/2024
Subse Servicios Urbanos,12,3,2,7,10/10/2024
Temperley,6,4,1,1,10/10/2024
Turdera,2,0,1,1,10/10/2024
Villa Albertina,4,2,0,2,10/10/2024
Villa Centenario,6,0,3,3,10/10/2024
Villa Fiorito,4,1,3,0,10/10/2024
Villa Lamadrid,3,2,0,1,10/10/2024
Banfield,6,4,1,1,11/10/2024
Higiene Urbana,11,0,5,6,11/10/2024
Ingeniero Budge,6,2,1,3,11/10/2024
Llavallol,6,0,4,2,11/10/2024
Lomas,5,2,2,1,11/10/2024
Parque Baron,4,1,1,2,11/10/2024
San José,7,3,2,2,11/10/2024
Santa Catalina,7,2,2,3,11/10/2024
Santa Marta,3,1,1,1,11/10/2024
Secretaria Serv. Publicos,7,3,1,3,11/10/2024
Subse Servicios Urbanos,12,1,4,7,11/10/2024
Temperley,6,1,4,1,11/10/2024
Turdera,2,1,0,1,11/10/2024
Villa Albertina,4,1,1,2,11/10/2024
Villa Centenario,6,1,2,3,11/10/2024
Villa Fiorito,4,1,3,0,11/10/2024
Villa Lamadrid,3,0,2,1,11/10/2024
Banfield,6,5,0,1,13/10/2024
Higiene Urbana,11,4,1,6,13/10/2024
Ingeniero Budge,6,2,1,3,13/10/2024
Llavallol,6,3,1,2,13/10/2024
Lomas,5,3,1,0,13/10/2024
Parque Baron,4,2,0,2,13/10/2024
San José,7,4,1,2,13/10/2024
Santa Catalina,7,4,1,3,13/10/2024
Santa Marta,3,2,0,1,13/10/2024
Secretaria Serv. Publicos,7,2,1,2,13/10/2024
Subse Servicios Urbanos,12,2,3,7,13/10/2024
Temperley,6,5,1,1,13/10/2024
Turdera,2,1,0,1,13/10/2024
Villa Albertina,4,1,2,2,13/10/2024
Villa Centenario,6,3,0,3,13/10/2024
Villa Fiorito,4,3,1,0,13/10/2024
Villa Lamadrid,3,1,1,1,13/10/2024
Banfield,6,5,0,1,14/10/2024
Higiene Urbana,11,4,1,6,14/10/2024
Ingeniero Budge,6,2,1,3,14/10/2024
Llavallol,6,3,1,2,14/10/2024
Lomas,5,4,1,0,14/10/2024
Parque Baron,4,1,1,2,14/10/2024
San José,7,5,0,2,14/10/2024
Santa Catalina,7,4,0,3,14/10/2024
Santa Marta,3,1,1,1,14/10/2024
Secretaria Serv. Publicos,7,4,1,2,14/10/2024
Subse Servicios Urbanos,12,2,3,7,14/10/2024
Temperley,6,5,0,1,14/10/2024
Turdera,2,1,0,1,14/10/2024
Villa Albertina,4,0,2,2,14/10/2024
Villa Centenario,6,3,0,3,14/10/2024
Villa Fiorito,4,3,1,0,14/10/2024
Villa Lamadrid,3,2,0,1,14/10/2024
Banfield,6,5,0,1,15/10/2024
Higiene Urbana,11,4,1,6,15/10/2024
Ingeniero Budge,6,2,1,3,15/10/2024
Llavallol,6,3,0,3,15/10/2024
Lomas,5,5,0,0,15/10/2024
Parque Baron,4,2,0,2,15/10/2024
San José,7,6,0,1,15/10/2024
Santa Catalina,7,4,0,3,15/10/2024
Santa Marta,3,2,0,1,15/10/2024
Secretaria Serv. Publicos,7,4,0,3,15/10/2024
Subse Servicios Urbanos,12,2,3,7,15/10/2024
Temperley,6,5,0,1,15/10/2024
Turdera,2,1,0,1,15/10/2024
Villa Albertina,4,1,1,2,15/10/2024
Villa Centenario,6,3,0,3,15/10/2024
Villa Fiorito,4,3,1,0,15/10/2024
Villa Lamadrid,3,2,0,1,15/10/2024
Banfield,6,4,1,1,16/10/2024
Higiene Urbana,11,4,1,6,16/10/2024
Ingeniero Budge,6,3,0,3,16/10/2024
Llavallol,6,3,1,2,16/10/2024
Lomas,5,4,0,1,16/10/2024
Parque Baron,4,2,0,2,16/10/2024
San José,7,5,1,1,16/10/2024
Santa Catalina,7,5,0,2,16/10/2024
Santa Marta,3,2,0,1,16/10/2024
Secretaria Serv. Publicos,7,4,0,3,16/10/2024
Subse Servicios Urbanos,12,3,2,7,16/10/2024
Temperley,6,5,0,1,16/10/2024
Turdera,2,1,0,1,16/10/2024
Villa Albertina,4,1,0,3,16/10/2024
Villa Centenario,6,2,1,3,16/10/2024
Villa Fiorito,4,3,1,0,16/10/2024
Villa Lamadrid,3,2,0,1,16/10/2024
Banfield,6,4,0,2,17/10/2024
Higiene Urbana,11,3,2,6,17/10/2024
Ingeniero Budge,6,3,0,3,17/10/2024
Llavallol,6,3,1,2,17/10/2024
Lomas,5,4,0,1,17/10/2024
Parque Baron,4,2,0,2,17/10/2024
San José,7,4,2,1,17/10/2024
Santa Catalina,7,4,0,3,17/10/2024
Santa Marta,3,2,0,1,17/10/2024
Secretaria Serv. Publicos,7,4,0,3,17/10/2024
Subse Servicios Urbanos,12,2,3,7,17/10/2024
Temperley,6,5,0,1,17/10/2024
Turdera,2,1,0,1,17/10/2024
Villa Albertina,4,1,0,3,17/10/2024
Villa Centenario,6,3,0,3,17/10/2024
Villa Fiorito,4,3,1,0,17/10/2024
Villa Lamadrid,3,2,0,1,17/10/2024
Banfield,6,4,0,2,18/10/2024
Higiene Urbana,11,0,5,6,18/10/2024
Ingeniero Budge,6,3,0,3,18/10/2024
Llavallol,6,3,1,2,18/10/2024
Lomas,5,4,0,1,18/10/2024
Parque Baron,4,2,0,2,18/10/2024
San José,7,5,1,1,18/10/2024
Santa Catalina,7,3,1,3,18/10/2024
Santa Marta,3,2,0,1,18/10/2024
Secretaria Serv. Publicos,7,4,0,3,18/10/2024
Subse Servicios Urbanos,12,3,2,7,18/10/2024
Temperley,6,5,0,1,18/10/2024
Turdera,2,1,0,1,18/10/2024
Villa Albertina,4,0,1,3,18/10/2024
Villa Centenario,6,2,1,3,18/10/2024
Villa Fiorito,4,3,1,0,18/10/2024
Villa Lamadrid,3,1,1,1,18/10/2024
Banfield,6,5,0,1,20/10/2024
Higiene Urbana,11,5,1,5,20/10/2024
Ingeniero Budge,6,3,0,3,20/10/2024
Llavallol,6,3,1,2,20/10/2024
Lomas,5,4,1,0,20/10/2024
Parque Baron,4,2,0,2,20/10/2024
San José,7,4,2,1,20/10/2024
Santa Catalina,7,4,0,3,20/10/2024
Santa Marta,3,2,0,1,20/10/2024
Secretaria Serv. Publicos,7,4,0,3,20/10/2024
Subse Servicios Urbanos,12,3,1,8,20/10/2024
Temperley,6,5,0,1,20/10/2024
Turdera,2,1,0,1,20/10/2024
Villa Albertina,4,1,0,3,20/10/2024
Villa Centenario,6,3,0,3,20/10/2024
Villa Fiorito,4,3,1,0,20/10/2024
Villa Lamadrid,3,2,0,1,20/10/2024
Banfield,6,5,0,1,21/10/2024
Higiene Urbana,11,4,2,5,21/10/2024
Ingeniero Budge,6,4,0,2,21/10/2024
Llavallol,6,3,1,2,21/10/2024
Lomas,5,4,1,0,21/10/2024
Parque Baron,4,2,0,2,21/10/2024
San José,7,6,0,1,21/10/2024
Santa Catalina,7,3,1,3,21/10/2024
Santa Marta,3,2,0,1,21/10/2024
Secretaria Serv. Publicos,7,4,0,3,21/10/2024
Subse Servicios Urbanos,12,4,1,7,21/10/2024
Temperley,6,5,0,1,21/10/2024
Turdera,2,1,0,1,21/10/2024
Villa Albertina,4,1,0,3,21/10/2024
Villa Centenario,6,3,0,3,21/10/2024
Villa Fiorito,4,3,1,0,21/10/2024
Villa Lamadrid,3,2,0,1,21/10/2024
Banfield,6,5,0,1,22/10/2024
Higiene Urbana,11,5,2,4,22/10/2024
Ingeniero Budge,6,4,0,2,22/10/2024
Llavallol,6,3,1,2,22/10/2024
Lomas,5,5,0,0,22/10/2024
Parque Baron,4,2,0,2,22/10/2024
San José,7,6,0,1,22/10/2024
Santa Catalina,7,3,1,3,22/10/2024
Santa Marta,3,2,0,1,22/10/2024
Secretaria Serv. Publicos,7,5,0,2,22/10/2024
Subse Servicios Urbanos,12,4,1,7,22/10/2024
Temperley,6,5,0,1,22/10/2024
Turdera,2,2,0,0,22/10/2024
Villa Albertina,4,1,0,3,22/10/2024
Villa Centenario,6,3,0,3,22/10/2024
Villa Fiorito,4,3,1,0,22/10/2024
Villa Lamadrid,3,2,0,1,22/10/2024
Banfield,6,4,1,1,23/10/2024
Higiene Urbana,11,4,3,4,23/10/2024
Ingeniero Budge,6,4,0,2,23/10/2024
Llavallol,6,3,1,2,23/10/2024
Lomas,5,4,1,0,23/10/2024
Parque Baron,4,2,0,2,23/10/2024
San José,7,5,1,1,23/10/2024
Santa Catalina,7,3,1,3,23/10/2024
Santa Marta,3,2,0,1,23/10/2024
Secretaria Serv. Publicos,7,6,0,1,23/10/2024
Subse Servicios Urbanos,12,3,3,6,23/10/2024
Temperley,6,5,0,1,23/10/2024
Turdera,2,2,0,0,23/10/2024
Villa Albertina,4,1,0,3,23/10/2024
Villa Centenario,6,3,0,3,23/10/2024
Villa Fiorito,4,2,2,0,23/10/2024
Villa Lamadrid,3,2,0,1,23/10/2024
Banfield,6,5,0,1,24/10/2024
Higiene Urbana,11,4,3,4,24/10/2024
Ingeniero Budge,6,4,0,2,24/10/2024
Llavallol,6,3,1,2,24/10/2024
Lomas,5,4,1,0,24/10/2024
Parque Baron,4,2,0,2,24/10/2024
San José,7,6,0,1,24/10/2024
Santa Catalina,7,3,1,3,24/10/2024
Santa Marta,3,2,0,1,24/10/2024
Secretaria Serv. Publicos,7,5,1,1,24/10/2024
Subse Servicios Urbanos,12,3,2,7,24/10/2024
Temperley,6,5,0,1,24/10/2024
Turdera,2,1,0,1,24/10/2024
Villa Albertina,4,1,0,3,24/10/2024
Villa Centenario,6,4,0,2,24/10/2024
Villa Fiorito,4,2,2,0,24/10/2024
Villa Lamadrid,3,2,0,1,24/10/2024
Banfield,6,4,1,1,25/10/2024
Higiene Urbana,11,0,6,5,25/10/2024
Ingeniero Budge,6,3,0,3,25/10/2024
Llavallol,6,3,1,2,25/10/2024
Lomas,5,4,1,0,25/10/2024
Parque Baron,4,2,0,2,25/10/2024
San José,7,5,1,1,25/10/2024
Santa Catalina,7,4,0,3,25/10/2024
Santa Marta,3,2,0,1,25/10/2024
Secretaria Serv. Publicos,7,4,1,2,25/10/2024
Subse Servicios Urbanos,12,3,2,7,25/10/2024
Temperley,6,5,0,1,25/10/2024
Turdera,2,1,0,1,25/10/2024
Villa Albertina,4,1,0,3,25/10/2024
Villa Centenario,6,2,1,3,25/10/2024
Villa Fiorito,4,2,2,0,25/10/2024
Villa Lamadrid,3,1,1,1,25/10/2024
Banfield,6,5,0,1,27/10/2024
Higiene Urbana,11,5,2,4,27/10/2024
Ingeniero Budge,6,4,0,2,27/10/2024
Llavallol,6,3,1,2,27/10/2024
Lomas,5,5,0,0,27/10/2024
Parque Baron,4,2,0,2,27/10/2024
San José,7,6,0,1,27/10/2024
Santa Catalina,7,4,0,3,27/10/2024
Santa Marta,3,1,1,1,27/10/2024
Secretaria Serv. Publicos,7,5,1,1,27/10/2024
Subse Servicios Urbanos,12,3,2,7,27/10/2024
Temperley,6,5,0,1,27/10/2024
Turdera,2,1,0,1,27/10/2024
Villa Albertina,4,1,0,3,27/10/2024
Villa Centenario,6,3,0,3,27/10/2024
Villa Fiorito,4,3,1,0,27/10/2024
Villa Lamadrid,3,2,0,1,27/10/2024
Banfield,6,5,0,1,28/10/2024
Higiene Urbana,11,5,2,4,28/10/2024
Ingeniero Budge,6,3,0,3,28/10/2024
Llavallol,6,3,1,2,28/10/2024
Lomas,5,4,1,0,28/10/2024
Parque Baron,4,2,0,2,28/10/2024
San José,7,6,0,1,28/10/2024
Santa Catalina,7,4,0,3,28/10/2024
Santa Marta,3,2,0,1,28/10/2024
Secretaria Serv. Publicos,7,4,1,2,28/10/2024
Subse Servicios Urbanos,12,3,2,7,28/10/2024
Temperley,6,4,0,2,28/10/2024
Turdera,2,1,0,1,28/10/2024
Villa Albertina,4,1,0,3,28/10/2024
Villa Centenario,6,3,1,2,28/10/2024
Villa Fiorito,4,3,1,0,28/10/2024
Villa Lamadrid,3,2,0,1,28/10/2024
Banfield,6,5,0,1,29/10/2024
Higiene Urbana,11,5,2,4,29/10/2024
Ingeniero Budge,6,2,1,3,29/10/2024
Llavallol,6,3,1,2,29/10/2024
Lomas,5,3,1,1,29/10/2024
Parque Baron,4,2,0,2,29/10/2024
San José,7,5,1,1,29/10/2024
Santa Catalina,7,4,0,3,29/10/2024
Santa Marta,3,2,0,1,29/10/2024
Secretaria Serv. Publicos,7,4,1,2,29/10/2024
Subse Servicios Urbanos,12,4,2,6,29/10/2024
Temperley,6,4,0,2,29/10/2024
Turdera,2,1,0,1,29/10/2024
Villa Albertina,4,1,0,3,29/10/2024
Villa Centenario,6,4,0,2,29/10/2024
Villa Fiorito,4,3,1,0,29/10/2024
Villa Lamadrid,3,2,0,1,29/10/2024
Banfield,6,5,0,1,30/10/2024
Higiene Urbana,11,5,2,4,30/10/2024
Ingeniero Budge,6,3,0,3,30/10/2024
Llavallol,6,4,1,1,30/10/2024
Lomas,5,4,1,0,30/10/2024
Parque Baron,4,2,0,2,30/10/2024
San José,7,5,1,1,30/10/2024
Santa Catalina,7,3,0,4,30/10/2024
Santa Marta,3,2,0,1,30/10/2024
Secretaria Serv. Publicos,7,4,1,2,30/10/2024
Subse Servicios Urbanos,12,3,2,7,30/10/2024
Temperley,6,4,0,2,30/10/2024
Turdera,2,1,0,1,30/10/2024
Villa Albertina,4,1,0,3,30/10/2024
Villa Centenario,6,3,0,3,30/10/2024
Villa Fiorito,4,3,1,0,30/10/2024
Villa Lamadrid,3,2,0,1,30/10/2024
Banfield,6,5,0,1,31/10/2024
Higiene Urbana,11,5,2,4,31/10/2024
Ingeniero Budge,6,4,0,2,31/10/2024
Llavallol,6,3,1,2,31/10/2024
Lomas,5,4,1,0,31/10/2024
Parque Baron,4,2,0,2,31/10/2024
San José,7,5,1,1,31/10/2024
Santa Catalina,7,2,1,4,31/10/2024
Santa Marta,3,2,0,1,31/10/2024
Secretaria Serv. Publicos,7,4,1,2,31/10/2024
Subse Servicios Urbanos,12,3,2,7,31/10/2024
Temperley,6,4,0,2,31/10/2024
Turdera,2,1,0,1,31/10/2024
Villa Albertina,4,1,0,3,31/10/2024
Villa Centenario,6,4,1,1,31/10/2024
Villa Fiorito,4,3,1,0,31/10/2024
Villa Lamadrid,3,2,0,1,31/10/2024
Banfield,6,5,0,1,01/11/2024
Higiene Urbana,11,0,6,5,01/11/2024
Ingeniero Budge,6,3,0,3,01/11/2024
Llavallol,6,3,1,2,01/11/2024
Lomas,5,4,0,1,01/11/2024
Parque Baron,4,2,0,2,01/11/2024
San José,7,6,0,1,01/11/2024
Santa Catalina,7,3,0,4,01/11/2024
Santa Marta,3,2,0,1,01/11/2024
Secretaria Serv. Publicos,7,5,0,2,01/11/2024
Subse Servicios Urbanos,12,3,2,7,01/11/2024
Temperley,6,4,0,2,01/11/2024
Turdera,2,1,0,1,01/11/2024
Villa Albertina,4,1,0,3,01/11/2024
Villa Centenario,6,2,1,3,01/11/2024
Villa Fiorito,4,3,1,0,01/11/2024
Villa Lamadrid,3,1,1,1,01/11/2024
Banfield,6,5,0,1,03/11/2024
Higiene Urbana,11,5,1,5,03/11/2024
Ingeniero Budge,6,4,0,2,03/11/2024
Llavallol,6,3,1,2,03/11/2024
Lomas,5,4,0,1,03/11/2024
Parque Baron,4,2,0,2,03/11/2024
San José,7,5,1,1,03/11/2024
Santa Catalina,7,3,0,4,03/11/2024
Santa Marta,3,2,0,1,03/11/2024
Secretaria Serv. Publicos,7,6,0,1,03/11/2024
Subse Servicios Urbanos,12,3,2,7,03/11/2024
Temperley,6,4,0,2,03/11/2024
Turdera,2,1,0,1,03/11/2024
Villa Albertina,4,1,0,3,03/11/2024
Villa Centenario,6,4,0,2,03/11/2024
Villa Fiorito,4,3,1,0,03/11/2024
Villa Lamadrid,3,0,2,1,03/11/2024
Banfield,6,5,0,1,04/11/2024
Higiene Urbana,11,4,2,5,04/11/2024
Ingeniero Budge,6,3,1,2,04/11/2024
Llavallol,6,3,1,2,04/11/2024
Lomas,5,4,0,1,04/11/2024
Parque Baron,4,2,0,2,04/11/2024
San José,7,6,0,1,04/11/2024
Santa Catalina,7,3,0,4,04/11/2024
Santa Marta,3,2,0,1,04/11/2024
Secretaria Serv. Publicos,7,6,0,1,04/11/2024
Subse Servicios Urbanos,12,3,3,6,04/11/2024
Temperley,6,4,0,2,04/11/2024
Turdera,2,1,0,1,04/11/2024
Villa Albertina,4,1,0,3,04/11/2024
Villa Centenario,6,3,0,3,04/11/2024
Villa Fiorito,4,3,1,0,04/11/2024
Villa Lamadrid,3,2,0,1,04/11/2024
Banfield,6,5,0,1,05/11/2024
Higiene Urbana,11,5,2,4,05/11/2024
Ingeniero Budge,6,4,0,2,05/11/2024
Llavallol,6,4,0,2,05/11/2024
Lomas,5,4,1,0,05/11/2024
Parque Baron,4,2,0,2,05/11/2024
San José,7,5,1,1,05/11/2024
Santa Catalina,7,3,0,4,05/11/2024
Santa Marta,3,2,0,1,05/11/2024
Secretaria Serv. Publicos,7,6,0,1,05/11/2024
Subse Servicios Urbanos,12,3,2,7,05/11/2024
Temperley,6,4,0,2,05/11/2024
Turdera,2,1,1,0,05/11/2024
Villa Albertina,4,1,0,3,05/11/2024
Villa Centenario,6,2,1,3,05/11/2024
Villa Fiorito,4,3,1,0,05/11/2024
Villa Lamadrid,3,2,0,1,05/11/2024
Banfield,6,5,0,1,06/11/2024
Higiene Urbana,11,4,2,5,06/11/2024
Ingeniero Budge,6,3,1,2,06/11/2024
Llavallol,6,4,0,2,06/11/2024
Lomas,5,4,1,0,06/11/2024
Parque Baron,4,2,0,2,06/11/2024
San José,7,5,1,1,06/11/2024
Santa Catalina,7,3,0,4,06/11/2024
Santa Marta,3,2,0,1,06/11/2024
Secretaria Serv. Publicos,7,6,0,1,06/11/2024
Subse Servicios Urbanos,12,3,2,7,06/11/2024
Temperley,6,4,0,2,06/11/2024
Turdera,2,2,0,0,06/11/2024
Villa Albertina,4,1,0,3,06/11/2024
Villa Centenario,6,3,0,3,06/11/2024
Villa Fiorito,4,3,1,0,06/11/2024
Villa Lamadrid,3,2,0,1,06/11/2024
Banfield,6,4,1,1,07/11/2024
Higiene Urbana,11,0,6,5,07/11/2024
Ingeniero Budge,6,0,4,2,07/11/2024
Llavallol,6,0,4,2,07/11/2024
Lomas,5,1,4,0,07/11/2024
Parque Baron,4,0,2,2,07/11/2024
San José,7,3,3,1,07/11/2024
Santa Catalina,7,2,1,4,07/11/2024
Santa Marta,3,0,2,1,07/11/2024
Secretaria Serv. Publicos,7,5,1,1,07/11/2024
Subse Servicios Urbanos,12,2,3,7,07/11/2024
Temperley,6,3,1,2,07/11/2024
Turdera,2,0,2,0,07/11/2024
Villa Albertina,4,1,0,3,07/11/2024
Villa Centenario,6,2,1,3,07/11/2024
Villa Fiorito,4,0,4,0,07/11/2024
Villa Lamadrid,3,0,2,1,07/11/2024
Banfield,6,5,0,1,08/11/2024
Higiene Urbana,11,0,6,5,08/11/2024
Ingeniero Budge,6,3,1,2,08/11/2024
Llavallol,6,4,0,2,08/11/2024
Lomas,5,4,1,0,08/11/2024
Parque Baron,4,2,0,2,08/11/2024
San José,7,6,0,1,08/11/2024
Santa Catalina,7,3,0,4,08/11/2024
Santa Marta,3,2,0,1,08/11/2024
Secretaria Serv. Publicos,7,6,0,1,08/11/2024
Subse Servicios Urbanos,12,2,3,7,08/11/2024
Temperley,6,4,0,2,08/11/2024
Turdera,2,1,1,0,08/11/2024
Villa Albertina,4,1,0,3,08/11/2024
Villa Centenario,6,2,1,3,08/11/2024
Villa Fiorito,4,2,2,0,08/11/2024
Villa Lamadrid,3,2,0,1,08/11/2024
Banfield,6,5,0,1,10/11/2024
Higiene Urbana,11,3,3,5,10/11/2024
Ingeniero Budge,6,3,1,2,10/11/2024
Llavallol,6,5,0,1,10/11/2024
Lomas,5,3,1,1,10/11/2024
Parque Baron,4,2,0,2,10/11/2024
San José,7,6,0,1,10/11/2024
Santa Catalina,7,3,0,4,10/11/2024
Santa Marta,3,2,0,1,10/11/2024
Secretaria Serv. Publicos,7,6,0,1,10/11/2024
Subse Servicios Urbanos,12,3,2,7,10/11/2024
Temperley,6,4,0,2,10/11/2024
Turdera,2,1,1,0,10/11/2024
Villa Albertina,4,1,0,3,10/11/2024
Villa Centenario,6,3,0,3,10/11/2024
Villa Fiorito,4,3,1,0,10/11/2024
Villa Lamadrid,3,2,0,1,10/11/2024
Banfield,6,5,0,1,11/11/2024
Higiene Urbana,11,4,2,5,11/11/2024
Ingeniero Budge,6,3,1,2,11/11/2024
Llavallol,6,5,0,1,11/11/2024
Lomas,5,3,1,1,11/11/2024
Parque Baron,4,2,0,2,11/11/2024
San José,7,5,1,1,11/11/2024
Santa Catalina,7,3,0,4,11/11/2024
Santa Marta,3,2,0,1,11/11/2024
Secretaria Serv. Publicos,7,6,0,1,11/11/2024
Subse Servicios Urbanos,12,3,2,7,11/11/2024
Temperley,6,4,0,2,11/11/2024
Turdera,2,1,1,0,11/11/2024
Villa Albertina,4,1,0,3,11/11/2024
Villa Centenario,6,3,0,3,11/11/2024
Villa Fiorito,4,3,1,0,11/11/2024
Villa Lamadrid,3,2,0,1,11/11/2024
Banfield,6,5,0,1,12/11/2024
Higiene Urbana,11,4,2,5,12/11/2024
Ingeniero Budge,6,2,2,2,12/11/2024
Llavallol,6,3,1,2,12/11/2024
Lomas,5,3,1,1,12/11/2024
Parque Baron,4,2,0,2,12/11/2024
San José,7,7,0,0,12/11/2024
Santa Catalina,7,3,0,4,12/11/2024
Santa Marta,3,2,0,1,12/11/2024
Secretaria Serv. Publicos,7,4,2,1,12/11/2024
Subse Servicios Urbanos,12,3,2,7,12/11/2024
Temperley,6,4,0,2,12/11/2024
Turdera,2,1,1,0,12/11/2024
Villa Albertina,4,1,0,3,12/11/2024
Villa Centenario,6,3,0,3,12/11/2024
Villa Fiorito,4,3,1,0,12/11/2024
Villa Lamadrid,3,1,1,1,12/11/2024
Banfield,6,5,0,1,13/11/2024
Higiene Urbana,11,4,2,5,13/11/2024
Ingeniero Budge,6,3,1,2,13/11/2024
Llavallol,6,4,0,2,13/11/2024
Lomas,5,3,1,1,13/11/2024
Parque Baron,4,2,0,2,13/11/2024
San José,7,7,0,0,13/11/2024
Santa Catalina,7,3,0,4,13/11/2024
Santa Marta,3,2,0,1,13/11/2024
Secretaria Serv. Publicos,7,6,0,1,13/11/2024
Subse Servicios Urbanos,12,3,2,7,13/11/2024
Temperley,6,4,0,2,13/11/2024
Turdera,2,1,1,0,13/11/2024
Villa Albertina,4,1,0,3,13/11/2024
Villa Centenario,6,3,0,3,13/11/2024
Villa Fiorito,4,3,1,0,13/11/2024
Villa Lamadrid,3,2,0,1,13/11/2024
Banfield,6,5,0,1,14/11/2024
Higiene Urbana,11,4,2,5,14/11/2024
Ingeniero Budge,6,3,1,2,14/11/2024
Llavallol,6,4,0,2,14/11/2024
Lomas,5,4,0,1,14/11/2024
Parque Baron,4,2,0,2,14/11/2024
San José,7,6,0,1,14/11/2024
Santa Catalina,7,3,0,4,14/11/2024
Santa Marta,3,2,0,1,14/11/2024
Secretaria Serv. Publicos,7,6,0,1,14/11/2024
Subse Servicios Urbanos,12,2,3,7,14/11/2024
Temperley,6,4,0,2,14/11/2024
Turdera,2,1,1,0,14/11/2024
Villa Albertina,4,1,0,3,14/11/2024
Villa Centenario,6,3,0,3,14/11/2024
Villa Fiorito,4,3,1,0,14/11/2024
Villa Lamadrid,3,1,1,1,14/11/2024
Banfield,6,4,0,2,15/11/2024
Higiene Urbana,11,0,6,5,15/11/2024
Ingeniero Budge,6,3,1,2,15/11/2024
Llavallol,6,4,0,2,15/11/2024
Lomas,5,3,1,1,15/11/2024
Parque Baron,4,2,0,2,15/11/2024
San José,7,4,2,1,15/11/2024
Santa Catalina,7,3,0,4,15/11/2024
Santa Marta,3,2,0,1,15/11/2024
Secretaria Serv. Publicos,7,6,0,1,15/11/2024
Subse Servicios Urbanos,12,4,2,6,15/11/2024
Temperley,6,4,0,2,15/11/2024
Turdera,2,1,1,0,15/11/2024
Villa Albertina,4,1,0,3,15/11/2024
Villa Centenario,6,2,1,3,15/11/2024
Villa Fiorito,4,3,1,0,15/11/2024
Villa Lamadrid,3,0,2,1,15/11/2024
Banfield,6,3,1,2,17/11/2024
Higiene Urbana,11,0,6,5,17/11/2024
Ingeniero Budge,6,2,2,2,17/11/2024
Llavallol,6,0,4,2,17/11/2024
Lomas,5,1,3,1,17/11/2024
Parque Baron,4,1,1,2,17/11/2024
San José,7,4,2,1,17/11/2024
Santa Catalina,7,2,1,4,17/11/2024
Santa Marta,3,0,2,1,17/11/2024
Secretaria Serv. Publicos,7,5,1,1,17/11/2024
Subse Servicios Urbanos,12,2,3,7,17/11/2024
Temperley,6,2,2,2,17/11/2024
Turdera,2,0,2,0,17/11/2024
Villa Albertina,4,0,1,3,17/11/2024
Villa Centenario,6,1,3,2,17/11/2024
Villa Fiorito,4,0,4,0,17/11/2024
Villa Lamadrid,3,0,2,1,17/11/2024
Banfield,6,4,0,2,18/11/2024
Higiene Urbana,11,4,2,5,18/11/2024
Ingeniero Budge,6,3,1,2,18/11/2024
Llavallol,6,4,0,2,18/11/2024
Lomas,5,4,1,0,18/11/2024
Parque Baron,4,2,0,2,18/11/2024
San José,7,6,0,1,18/11/2024
Santa Catalina,7,3,0,4,18/11/2024
Santa Marta,3,2,0,1,18/11/2024
Secretaria Serv. Publicos,7,6,0,1,18/11/2024
Subse Servicios Urbanos,12,3,2,7,18/11/2024
Temperley,6,4,0,2,18/11/2024
Turdera,2,2,0,0,18/11/2024
Villa Albertina,4,1,0,3,18/11/2024
Villa Centenario,6,4,0,2,18/11/2024
Villa Fiorito,4,3,1,0,18/11/2024
Villa Lamadrid,3,1,1,1,18/11/2024
Banfield,6,4,0,2,19/11/2024
Higiene Urbana,11,4,2,5,19/11/2024
Ingeniero Budge,6,3,1,2,19/11/2024
Llavallol,6,4,0,2,19/11/2024
Lomas,5,4,1,0,19/11/2024
Parque Baron,4,2,0,2,19/11/2024
San José,7,6,0,1,19/11/2024
Santa Catalina,7,3,0,4,19/11/2024
Santa Marta,3,2,0,1,19/11/2024
Secretaria Serv. Publicos,7,5,1,1,19/11/2024
Subse Servicios Urbanos,12,3,2,7,19/11/2024
Temperley,6,4,0,2,19/11/2024
Turdera,2,2,0,0,19/11/2024
Villa Albertina,4,1,0,3,19/11/2024
Villa Centenario,6,3,0,3,19/11/2024
Villa Fiorito,4,3,1,0,19/11/2024
Villa Lamadrid,3,2,0,1,19/11/2024
Banfield,6,5,0,1,20/11/2024
Higiene Urbana,11,5,2,4,20/11/2024
Ingeniero Budge,6,4,0,2,20/11/2024
Llavallol,6,5,0,1,20/11/2024
Lomas,5,4,1,0,20/11/2024
Parque Baron,4,2,0,2,20/11/2024
San José,7,7,0,0,20/11/2024
Santa Catalina,7,3,0,4,20/11/2024
Santa Marta,3,2,0,1,20/11/2024
Secretaria Serv. Publicos,7,6,0,1,20/11/2024
Subse Servicios Urbanos,12,4,2,6,20/11/2024
Temperley,6,4,0,2,20/11/2024
Turdera,2,1,1,0,20/11/2024
Villa Albertina,4,1,0,3,20/11/2024
Villa Centenario,6,4,0,2,20/11/2024
Villa Fiorito,4,3,1,0,20/11/2024
Villa Lamadrid,3,2,0,1,20/11/2024
Banfield,6,4,0,2,21/11/2024
Higiene Urbana,11,5,1,5,21/11/2024
Ingeniero Budge,6,4,0,2,21/11/2024
Llavallol,6,4,0,2,21/11/2024
Lomas,5,4,1,0,21/11/2024
Parque Baron,4,2,0,2,21/11/2024
San José,7,6,0,1,21/11/2024
Santa Catalina,7,3,0,4,21/11/2024
Santa Marta,3,2,0,1,21/11/2024
Secretaria Serv. Publicos,7,6,0,1,21/11/2024
Subse Servicios Urbanos,12,3,2,7,21/11/2024
Temperley,6,5,0,1,21/11/2024
Turdera,2,1,1,0,21/11/2024
Villa Albertina,4,1,0,3,21/11/2024
Villa Centenario,6,4,0,2,21/11/2024
Villa Fiorito,4,3,1,0,21/11/2024
Villa Lamadrid,3,2,0,1,21/11/2024
Banfield,6,4,0,2,22/11/2024
Higiene Urbana,11,0,6,5,22/11/2024
Ingeniero Budge,6,3,1,2,22/11/2024
Llavallol,6,4,0,2,22/11/2024
Lomas,5,5,0,0,22/11/2024
Parque Baron,4,2,0,2,22/11/2024
San José,7,7,0,0,22/11/2024
Santa Catalina,7,2,1,4,22/11/2024
Santa Marta,3,2,0,1,22/11/2024
Secretaria Serv. Publicos,7,6,0,1,22/11/2024
Subse Servicios Urbanos,12,3,2,7,22/11/2024
Temperley,6,5,0,1,22/11/2024
Turdera,2,1,1,0,22/11/2024
Villa Albertina,4,1,0,3,22/11/2024
Villa Centenario,6,2,1,3,22/11/2024
Villa Fiorito,4,3,1,0,22/11/2024
Villa Lamadrid,3,1,1,1,22/11/2024
Banfield,6,4,0,2,24/11/2024
Higiene Urbana,11,4,2,5,24/11/2024
Ingeniero Budge,6,4,0,2,24/11/2024
Llavallol,6,4,0,2,24/11/2024
Lomas,5,4,0,1,24/11/2024
Parque Baron,4,2,0,2,24/11/2024
San José,7,7,0,0,24/11/2024
Santa Catalina,7,3,0,4,24/11/2024
Santa Marta,3,2,0,1,24/11/2024
Secretaria Serv. Publicos,7,6,0,1,24/11/2024
Subse Servicios Urbanos,12,4,2,6,24/11/2024
Temperley,6,5,0,1,24/11/2024
Turdera,2,1,1,0,24/11/2024
Villa Albertina,4,1,0,3,24/11/2024
Villa Centenario,6,4,0,2,24/11/2024
Villa Fiorito,4,3,1,0,24/11/2024
Villa Lamadrid,3,2,0,1,24/11/2024
Banfield,6,4,0,2,25/11/2024
Higiene Urbana,11,5,2,4,25/11/2024
Ingeniero Budge,6,4,0,2,25/11/2024
Llavallol,6,5,0,1,25/11/2024
Lomas,5,4,0,1,25/11/2024
Parque Baron,4,2,0,2,25/11/2024
San José,7,7,0,0,25/11/2024
Santa Catalina,7,5,0,2,25/11/2024
Santa Marta,3,2,0,1,25/11/2024
Secretaria Serv. Publicos,7,6,0,1,25/11/2024
Subse Servicios Urbanos,12,4,2,6,25/11/2024
Temperley,6,5,0,1,25/11/2024
Turdera,2,1,1,0,25/11/2024
Villa Albertina,4,1,0,3,25/11/2024
Villa Centenario,6,4,0,2,25/11/2024
Villa Fiorito,4,2,2,0,25/11/2024
Villa Lamadrid,3,2,0,1,25/11/2024
Banfield,6,4,0,2,26/11/2024
Higiene Urbana,11,4,3,4,26/11/2024
Ingeniero Budge,6,4,0,2,26/11/2024
Llavallol,6,4,0,2,26/11/2024
Lomas,5,4,0,1,26/11/2024
Parque Baron,4,2,0,2,26/11/2024
San José,6,6,0,0,26/11/2024
Santa Catalina,8,3,0,5,26/11/2024
Santa Marta,3,2,0,1,26/11/2024
Secretaria Serv. Publicos,6,4,0,2,26/11/2024
Subse Servicios Urbanos,11,2,2,7,26/11/2024
Temperley,5,3,0,2,26/11/2024
Turdera,2,1,1,0,26/11/2024
Verificar Asignacion,5,3,0,2,26/11/2024
Villa Albertina,4,1,0,3,26/11/2024
Villa Centenario,4,3,0,1,26/11/2024
Villa Fiorito,4,3,1,0,26/11/2024
Villa Lamadrid,3,2,0,1,26/11/2024
Banfield,6,4,0,2,27/11/2024
Higiene Urbana,11,4,2,5,27/11/2024
Ingeniero Budge,6,4,0,2,27/11/2024
Llavallol,6,3,1,2,27/11/2024
Lomas,5,4,0,1,27/11/2024
Parque Baron,4,2,0,2,27/11/2024
San José,6,6,0,0,27/11/2024
Santa Catalina,8,3,0,5,27/11/2024
Santa Marta,3,2,0,1,27/11/2024
Secretaria Serv. Publicos,7,5,0,2,27/11/2024
Subse Servicios Urbanos,12,3,2,7,27/11/2024
Temperley,5,4,0,1,27/11/2024
Turdera,2,1,1,0,27/11/2024
Ver Asignacion,3,1,0,2,27/11/2024
Villa Albertina,4,0,1,3,27/11/2024
Villa Centenario,4,3,0,1,27/11/2024
Villa Fiorito,4,3,1,0,27/11/2024
Villa Lamadrid,3,1,0,2,27/11/2024
Banfield,6,4,0,2,28/11/2024
Higiene Urbana,11,1,3,7,28/11/2024
Ingeniero Budge,6,4,0,2,28/11/2024
Llavallol,6,3,1,2,28/11/2024
Lomas,5,4,0,1,28/11/2024
Parque Baron,4,2,0,2,28/11/2024
San José,6,6,0,0,28/11/2024
Santa Catalina,8,3,0,5,28/11/2024
Santa Marta,3,2,0,1,28/11/2024
Secretaria Serv. Publicos,7,5,0,2,28/11/2024
Subse Servicios Urbanos,12,3,2,7,28/11/2024
Temperley,5,4,0,1,28/11/2024
Turdera,2,1,1,0,28/11/2024
Verificar Asignacion,3,1,0,2,28/11/2024
Villa Albertina,4,0,1,3,28/11/2024
Villa Centenario,4,2,1,1,28/11/2024
Villa Fiorito,4,4,0,0,28/11/2024
Villa Lamadrid,3,1,1,1,28/11/2024
Banfield,6,4,0,2,29/11/2024
Higiene Urbana,11,0,6,5,29/11/2024
Ingeniero Budge,6,4,0,2,29/11/2024
Llavallol,6,4,0,2,29/11/2024
Lomas,5,4,0,1,29/11/2024
Parque Baron,4,2,0,2,29/11/2024
San José,6,6,0,0,29/11/2024
Santa Catalina,8,3,0,5,29/11/2024
Santa Marta,3,2,0,1,29/11/2024
Secretaria Serv. Publicos,7,5,0,2,29/11/2024
Subse Servicios Urbanos,12,3,2,7,29/11/2024
Temperley,5,3,1,1,29/11/2024
Turdera,2,1,1,0,29/11/2024
Ver Asignacion,3,1,0,2,29/11/2024
Villa Albertina,4,0,1,3,29/11/2024
Villa Centenario,4,2,1,1,29/11/2024
Villa Fiorito,4,4,0,0,29/11/2024
Villa Lamadrid,3,2,0,1,29/11/2024
Banfield,6,4,0,2,01/12/2024
Higiene Urbana,11,4,1,6,01/12/2024
Ingeniero Budge,6,3,1,2,01/12/2024
Llavallol,6,4,0,2,01/12/2024
Lomas,5,4,0,1,01/12/2024
Parque Baron,4,2,0,2,01/12/2024
San José,6,6,0,0,01/12/2024
Santa Catalina,8,4,0,4,01/12/2024
Santa Marta,3,2,0,1,01/12/2024
Secretaria Serv. Publicos,7,5,0,2,01/12/2024
Subse Servicios Urbanos,12,3,2,7,01/12/2024
Temperley,5,4,0,1,01/12/2024
Turdera,2,1,1,0,01/12/2024
Ver Asignacion,3,1,0,2,01/12/2024
Villa Albertina,4,0,1,3,01/12/2024
Villa Centenario,4,3,0,1,01/12/2024
Villa Fiorito,4,3,1,0,01/12/2024
Villa Lamadrid,3,2,0,1,01/12/2024
Banfield,6,4,0,2,02/12/2024
Higiene Urbana,11,4,1,6,02/12/2024
Ingeniero Budge,6,4,0,2,02/12/2024
Llavallol,6,5,0,1,02/12/2024
Lomas,5,3,1,1,02/12/2024
Parque Baron,4,2,0,2,02/12/2024
San José,6,6,0,0,02/12/2024
Santa Catalina,8,4,1,3,02/12/2024
Santa Marta,3,2,0,1,02/12/2024
Secretaria Serv. Publicos,7,6,0,1,02/12/2024
Subse Servicios Urbanos,12,3,2,7,02/12/2024
Temperley,5,4,0,1,02/12/2024
Turdera,2,1,1,0,02/12/2024
Ver Asignacion,3,0,1,2,02/12/2024
Villa Albertina,4,1,0,3,02/12/2024
Villa Centenario,4,3,0,1,02/12/2024
Villa Fiorito,4,4,0,0,02/12/2024
Villa Lamadrid,3,2,0,1,02/12/2024
Banfield,6,4,0,2,03/12/2024
Higiene Urbana,11,4,1,6,03/12/2024
Ingeniero Budge,6,4,0,2,03/12/2024
Llavallol,6,5,0,1,03/12/2024
Lomas,5,4,0,1,03/12/2024
Parque Baron,4,2,0,2,03/12/2024
San José,6,6,0,0,03/12/2024
Santa Catalina,8,4,1,3,03/12/2024
Santa Marta,3,2,0,1,03/12/2024
Secretaria Serv. Publicos,7,6,0,1,03/12/2024
Subse Servicios Urbanos,12,3,2,7,03/12/2024
Temperley,5,4,0,1,03/12/2024
Turdera,2,1,1,0,03/12/2024
Ver Asignacion,3,1,0,2,03/12/2024
Villa Albertina,4,1,0,3,03/12/2024
Villa Centenario,4,3,0,1,03/12/2024
Villa Fiorito,4,4,0,0,03/12/2024
Villa Lamadrid,3,2,0,1,03/12/2024
Banfield,6,5,0,1,04/12/2024
Higiene Urbana,11,3,1,7,04/12/2024
Ingeniero Budge,6,4,0,2,04/12/2024
Llavallol,6,5,0,1,04/12/2024
Lomas,5,4,0,1,04/12/2024
Parque Baron,4,2,0,2,04/12/2024
San José,6,5,1,0,04/12/2024
Santa Catalina,8,5,0,3,04/12/2024
Santa Marta,3,1,1,1,04/12/2024
Secretaria Serv. Publicos,7,6,0,1,04/12/2024
Subse Servicios Urbanos,12,5,2,5,04/12/2024
Temperley,5,4,0,1,04/12/2024
Turdera,2,1,1,0,04/12/2024
Ver Asignacion,3,3,0,0,04/12/2024
Villa Albertina,4,1,0,3,04/12/2024
Villa Centenario,4,3,0,1,04/12/2024
Villa Fiorito,4,3,1,0,04/12/2024
Villa Lamadrid,3,2,0,1,04/12/2024
Banfield,6,4,0,2,05/12/2024
Higiene Urbana,11,3,2,6,05/12/2024
Ingeniero Budge,6,4,0,2,05/12/2024
Llavallol,6,5,0,1,05/12/2024
Lomas,5,4,0,1,05/12/2024
Parque Baron,4,2,0,2,05/12/2024
San José,6,5,1,0,05/12/2024
Santa Catalina,10,7,0,3,05/12/2024
Santa Marta,3,1,1,1,05/12/2024
Secretaria Serv. Publicos,7,6,0,1,05/12/2024
Subse Servicios Urbanos,11,5,2,4,05/12/2024
Temperley,5,4,0,1,05/12/2024
Turdera,2,1,1,0,05/12/2024
Ver Asignacion,2,2,0,0,05/12/2024
Villa Albertina,4,2,0,2,05/12/2024
Villa Centenario,4,3,0,1,05/12/2024
Villa Fiorito,4,4,0,0,05/12/2024
Villa Lamadrid,3,2,0,1,05/12/2024
Banfield,6,4,0,2,06/12/2024
Higiene Urbana,11,0,5,6,06/12/2024
Ingeniero Budge,6,3,1,2,06/12/2024
Llavallol,6,5,0,1,06/12/2024
Lomas,5,4,0,1,06/12/2024
Parque Baron,4,2,0,2,06/12/2024
San José,6,5,1,0,06/12/2024
Santa Catalina,10,4,3,3,06/12/2024
Santa Marta,3,1,1,1,06/12/2024
Secretaria Serv. Publicos,7,6,0,1,06/12/2024
Subse Servicios Urbanos,11,4,2,5,06/12/2024
Temperley,5,4,0,1,06/12/2024
Turdera,2,1,1,0,06/12/2024
Ver Asignacion,2,1,1,0,06/12/2024
Villa Albertina,4,1,0,3,06/12/2024
Villa Centenario,4,2,1,1,06/12/2024
Villa Fiorito,4,3,1,0,06/12/2024
Villa Lamadrid,3,2,0,1,06/12/2024
Banfield,6,4,0,2,08/12/2024
Higiene Urbana,11,3,2,6,08/12/2024
Ingeniero Budge,6,3,1,2,08/12/2024
Llavallol,6,4,0,2,08/12/2024
Lomas,5,4,0,1,08/12/2024
Parque Baron,4,2,0,2,08/12/2024
San José,6,5,1,0,08/12/2024
Santa Catalina,10,6,2,2,08/12/2024
Santa Marta,3,2,0,1,08/12/2024
Secretaria Serv. Publicos,7,6,0,1,08/12/2024
Subse Servicios Urbanos,11,4,2,5,08/12/2024
Temperley,5,4,0,1,08/12/2024
Turdera,2,1,1,0,08/12/2024
Ver Asignacion,2,1,1,0,08/12/2024
Villa Albertina,4,1,0,3,08/12/2024
Villa Centenario,4,3,0,1,08/12/2024
Villa Fiorito,4,3,1,0,08/12/2024
Villa Lamadrid,3,2,0,1,08/12/2024
Banfield,6,4,0,2,09/12/2024
Higiene Urbana,11,3,3,5,09/12/2024
Ingeniero Budge,6,3,1,2,09/12/2024
Llavallol,6,4,0,2,09/12/2024
Lomas,5,4,0,1,09/12/2024
Parque Baron,4,2,0,2,09/12/2024
San José,6,5,1,0,09/12/2024
Santa Catalina,10,5,3,2,09/12/2024
Santa Marta,3,2,0,1,09/12/2024
Secretaria Serv. Publicos,9,8,0,1,09/12/2024
Subse Servicios Urbanos,11,4,2,5,09/12/2024
Temperley,5,3,1,1,09/12/2024
Turdera,2,1,1,0,09/12/2024
Villa Albertina,4,1,0,3,09/12/2024
Villa Centenario,4,2,1,1,09/12/2024
Villa Fiorito,4,4,0,0,09/12/2024
Villa Lamadrid,3,1,1,1,09/12/2024
Banfield,6,4,0,2,10/12/2024
Higiene Urbana,11,3,2,6,10/12/2024
Ingeniero Budge,6,4,0,2,10/12/2024
Llavallol,6,4,0,2,10/12/2024
Lomas,5,4,0,1,10/12/2024
Parque Baron,4,2,0,2,10/12/2024
San José,6,5,1,0,10/12/2024
Santa Catalina,10,5,3,2,10/12/2024
Santa Marta,3,2,0,1,10/12/2024
Secretaria Serv. Publicos,9,8,0,1,10/12/2024
Subse Servicios Urbanos,11,4,2,5,10/12/2024
Temperley,5,4,0,1,10/12/2024
Turdera,2,1,1,0,10/12/2024
Villa Albertina,4,1,0,3,10/12/2024
Villa Centenario,4,3,0,1,10/12/2024
Villa Fiorito,4,4,0,0,10/12/2024
Villa Lamadrid,3,2,0,1,10/12/2024
Banfield,6,4,0,2,11/12/2024
Higiene Urbana,11,3,2,6,11/12/2024
Ingeniero Budge,6,4,0,2,11/12/2024
Llavallol,6,4,0,2,11/12/2024
Lomas,5,4,0,1,11/12/2024
Parque Baron,4,2,0,2,11/12/2024
San José,6,5,1,0,11/12/2024
Santa Catalina,10,5,3,2,11/12/2024
Santa Marta,3,2,0,1,11/12/2024
Secretaria Serv. Publicos,9,8,0,1,11/12/2024
Subse Servicios Urbanos,11,4,2,5,11/12/2024
Temperley,5,4,0,1,11/12/2024
Turdera,2,1,1,0,11/12/2024
Villa Albertina,4,2,0,2,11/12/2024
Villa Centenario,4,3,0,1,11/12/2024
Villa Fiorito,4,4,0,0,11/12/2024
Villa Lamadrid,3,2,0,1,11/12/2024
Banfield,6,4,0,2,12/12/2024
Higiene Urbana,11,3,2,6,12/12/2024
Ingeniero Budge,6,4,0,2,12/12/2024
Llavallol,6,5,0,1,12/12/2024
Lomas,5,4,0,1,12/12/2024
Parque Baron,4,2,0,2,12/12/2024
San José,6,5,1,0,12/12/2024
Santa Catalina,10,5,3,2,12/12/2024
Santa Marta,3,2,0,1,12/12/2024
Secretaria Serv. Publicos,9,7,0,2,12/12/2024
Subse Servicios Urbanos,11,4,2,5,12/12/2024
Temperley,5,4,0,1,12/12/2024
Turdera,2,1,1,0,12/12/2024
Villa Albertina,4,1,0,3,12/12/2024
Villa Centenario,4,3,0,1,12/12/2024
Villa Fiorito,4,3,1,0,12/12/2024
Villa Lamadrid,3,1,1,1,12/12/2024
Banfield,6,3,1,2,13/12/2024
Higiene Urbana,11,0,5,6,13/12/2024
Ingeniero Budge,6,3,1,2,13/12/2024
Llavallol,6,4,1,1,13/12/2024
Lomas,5,4,0,1,13/12/2024
Parque Baron,4,2,0,2,13/12/2024
San José,6,6,0,0,13/12/2024
Santa Catalina,10,4,4,2,13/12/2024
Santa Marta,3,2,0,1,13/12/2024
Secretaria Serv. Publicos,9,7,0,2,13/12/2024
Subse Servicios Urbanos,11,4,2,5,13/12/2024
Temperley,5,4,0,1,13/12/2024
Turdera,2,1,1,0,13/12/2024
Villa Albertina,4,1,0,3,13/12/2024
Villa Centenario,4,2,1,1,13/12/2024
Villa Fiorito,4,3,1,0,13/12/2024
Villa Lamadrid,3,1,1,1,13/12/2024
Banfield,6,3,1,2,15/12/2024
Higiene Urbana,11,4,2,5,15/12/2024
Ingeniero Budge,6,4,0,2,15/12/2024
Llavallol,6,5,0,1,15/12/2024
Lomas,5,4,0,1,15/12/2024
Parque Baron,4,2,0,2,15/12/2024
San José,6,6,0,0,15/12/2024
Santa Catalina,10,6,2,2,15/12/2024
Santa Marta,3,2,0,1,15/12/2024
Secretaria Serv. Publicos,9,7,0,2,15/12/2024
Subse Servicios Urbanos,11,3,3,5,15/12/2024
Temperley,5,4,0,1,15/12/2024
Turdera,2,1,1,0,15/12/2024
Villa Albertina,4,1,0,3,15/12/2024
Villa Centenario,4,3,0,1,15/12/2024
Villa Fiorito,4,4,0,0,15/12/2024
Villa Lamadrid,3,1,1,1,15/12/2024
Banfield,6,4,0,2,16/12/2024
Higiene Urbana,11,4,2,5,16/12/2024
Ingeniero Budge,6,3,1,2,16/12/2024
Llavallol,6,5,0,1,16/12/2024
Lomas,5,4,0,1,16/12/2024
Parque Baron,4,2,0,2,16/12/2024
San José,6,5,1,0,16/12/2024
Santa Catalina,10,4,4,2,16/12/2024
Santa Marta,3,2,0,1,16/12/2024
Secretaria Serv. Publicos,9,7,0,2,16/12/2024
Subse Servicios Urbanos,11,4,2,5,16/12/2024
Temperley,5,4,0,1,16/12/2024
Turdera,2,1,1,0,16/12/2024
Villa Albertina,4,1,0,3,16/12/2024
Villa Centenario,4,3,0,1,16/12/2024
Villa Fiorito,4,4,0,0,16/12/2024
Villa Lamadrid,3,2,0,1,16/12/2024
Banfield,6,4,0,2,17/12/2024
Higiene Urbana,11,4,2,5,17/12/2024
Ingeniero Budge,6,4,0,2,17/12/2024
Llavallol,6,5,0,1,17/12/2024
Lomas,5,4,0,1,17/12/2024
Parque Baron,4,2,0,2,17/12/2024
San José,6,4,2,0,17/12/2024
Santa Catalina,10,5,3,2,17/12/2024
Santa Marta,3,2,0,1,17/12/2024
Secretaria Serv. Publicos,9,6,1,2,17/12/2024
Subse Servicios Urbanos,11,3,3,5,17/12/2024
Temperley,5,4,0,1,17/12/2024
Turdera,2,1,1,0,17/12/2024
Villa Albertina,4,1,0,3,17/12/2024
Villa Centenario,4,3,0,1,17/12/2024
Villa Fiorito,4,4,0,0,17/12/2024
Villa Lamadrid,3,2,0,1,17/12/2024
Banfield,6,4,0,2,18/12/2024
Higiene Urbana,11,4,2,5,18/12/2024
Ingeniero Budge,6,4,0,2,18/12/2024
Llavallol,6,4,1,1,18/12/2024
Lomas,5,4,0,1,18/12/2024
Parque Baron,4,2,0,1,18/12/2024
San José,6,5,1,0,18/12/2024
Santa Catalina,10,5,3,2,18/12/2024
Santa Marta,3,1,1,1,18/12/2024
Secretaria Serv. Publicos,9,6,1,2,18/12/2024
Subse Servicios Urbanos,11,4,3,4,18/12/2024
Temperley,5,4,0,1,18/12/2024
Turdera,2,1,1,0,18/12/2024
Villa Albertina,4,1,0,3,18/12/2024
Villa Centenario,4,3,0,1,18/12/2024
Villa Fiorito,4,3,1,0,18/12/2024
Villa Lamadrid,3,2,0,1,18/12/2024
Banfield,6,4,0,2,19/12/2024
Higiene Urbana,11,3,3,5,19/12/2024
Ingeniero Budge,6,4,0,2,19/12/2024
Llavallol,6,5,0,1,19/12/2024
Lomas,5,4,0,1,19/12/2024
Parque Baron,4,2,0,2,19/12/2024
San José,6,4,2,0,19/12/2024
Santa Catalina,10,5,3,2,19/12/2024
Santa Marta,3,1,1,1,19/12/2024
Secretaria Serv. Publicos,9,6,1,2,19/12/2024
Subse Servicios Urbanos,11,4,2,5,19/12/2024
Temperley,5,2,2,1,19/12/2024
Turdera,2,1,1,0,19/12/2024
Villa Albertina,4,1,0,3,19/12/2024
Villa Centenario,4,3,0,1,19/12/2024
Villa Fiorito,4,4,0,0,19/12/2024
Villa Lamadrid,3,2,0,1,19/12/2024
Banfield,6,4,0,2,20/12/2024
Higiene Urbana,11,0,6,5,20/12/2024
Ingeniero Budge,6,2,2,2,20/12/2024
Llavallol,6,5,0,1,20/12/2024
Lomas,5,4,0,1,20/12/2024
Parque Baron,4,2,0,2,20/12/2024
San José,6,5,1,0,20/12/2024
Santa Catalina,10,3,5,2,20/12/2024
Santa Marta,3,1,1,1,20/12/2024
Secretaria Serv. Publicos,9,5,2,2,20/12/2024
Subse Servicios Urbanos,11,5,2,4,20/12/2024
Temperley,5,3,1,1,20/12/2024
Turdera,2,1,1,0,20/12/2024
Villa Albertina,4,1,0,3,20/12/2024
Villa Centenario,4,0,3,1,20/12/2024
Villa Fiorito,4,3,1,0,20/12/2024
Villa Lamadrid,3,2,0,1,20/12/2024
Banfield,6,4,0,2,22/12/2024
Higiene Urbana,11,2,4,5,22/12/2024
Ingeniero Budge,6,1,3,2,22/12/2024
Llavallol,6,5,0,1,22/12/2024
Lomas,5,4,0,1,22/12/2024
Parque Baron,4,2,0,2,22/12/2024
San José,6,5,1,0,22/12/2024
Santa Catalina,10,7,2,1,22/12/2024
Santa Marta,3,2,0,1,22/12/2024
Secretaria Serv. Publicos,9,6,1,2,22/12/2024
Subse Servicios Urbanos,11,3,3,5,22/12/2024
Temperley,5,3,1,1,22/12/2024
Turdera,2,1,1,0,22/12/2024
Villa Albertina,4,1,0,3,22/12/2024
Villa Centenario,4,3,0,1,22/12/2024
Villa Fiorito,4,3,1,0,22/12/2024
Villa Lamadrid,3,2,0,1,22/12/2024
Banfield,6,5,0,1,23/12/2024
Higiene Urbana,11,0,5,6,23/12/2024
Ingeniero Budge,6,3,1,2,23/12/2024
Llavallol,6,0,4,2,23/12/2024
Lomas,5,2,2,1,23/12/2024
Parque Baron,4,2,0,2,23/12/2024
San José,6,5,1,0,23/12/2024
Santa Catalina,10,4,5,1,23/12/2024
Santa Marta,3,1,1,1,23/12/2024
Secretaria Serv. Publicos,9,7,0,2,23/12/2024
Subse Servicios Urbanos,11,1,6,4,23/12/2024
Temperley,5,3,0,2,23/12/2024
Turdera,2,1,1,0,23/12/2024
Villa Albertina,4,2,1,1,23/12/2024
Villa Centenario,4,1,2,1,23/12/2024
Villa Fiorito,4,3,1,0,23/12/2024
Villa Lamadrid,3,1,1,1,23/12/2024
Banfield,6,5,0,1,25/12/2024
Higiene Urbana,11,3,2,6,25/12/2024
Ingeniero Budge,6,3,1,2,25/12/2024
Llavallol,6,5,0,1,25/12/2024
Lomas,5,4,0,1,25/12/2024
Parque Baron,4,2,0,2,25/12/2024
San José,6,6,0,0,25/12/2024
Santa Catalina,10,7,2,1,25/12/2024
Santa Marta,3,2,0,1,25/12/2024
Secretaria Serv. Publicos,9,7,0,2,25/12/2024
Subse Servicios Urbanos,11,5,3,3,25/12/2024
Temperley,5,3,0,2,25/12/2024
Turdera,2,1,1,0,25/12/2024
Villa Albertina,4,2,1,1,25/12/2024
Villa Centenario,4,3,0,1,25/12/2024
Villa Fiorito,4,4,0,0,25/12/2024
Villa Lamadrid,3,2,0,1,25/12/2024
Banfield,6,4,0,2,26/12/2024
Higiene Urbana,11,3,2,6,26/12/2024
Ingeniero Budge,6,4,0,2,26/12/2024
Llavallol,6,5,0,1,26/12/2024
Lomas,5,5,0,0,26/12/2024
Parque Baron,4,2,0,2,26/12/2024
San José,6,5,1,0,26/12/2024
Santa Catalina,10,6,3,1,26/12/2024
Santa Marta,3,2,0,1,26/12/2024
Secretaria Serv. Publicos,9,7,0,2,26/12/2024
Subse Servicios Urbanos,11,5,3,3,26/12/2024
Temperley,5,3,0,2,26/12/2024
Turdera,2,1,1,0,26/12/2024
Villa Albertina,4,2,1,1,26/12/2024
Villa Centenario,4,3,0,1,26/12/2024
Villa Fiorito,4,4,0,0,26/12/2024
Villa Lamadrid,3,2,0,1,26/12/2024
Banfield,6,4,0,2,27/12/2024
Higiene Urbana,11,0,5,6,27/12/2024
Ingeniero Budge,6,4,0,2,27/12/2024
Llavallol,6,5,0,1,27/12/2024
Lomas,5,4,1,0,27/12/2024
Parque Baron,4,2,0,2,27/12/2024
San José,6,5,1,0,27/12/2024
Santa Catalina,10,5,3,2,27/12/2024
Santa Marta,3,1,1,1,27/12/2024
Secretaria Serv. Publicos,9,6,1,2,27/12/2024
Subse Servicios Urbanos,11,4,3,4,27/12/2024
Temperley,5,3,0,2,27/12/2024
Turdera,2,1,1,0,27/12/2024
Villa Albertina,4,2,1,1,27/12/2024
Villa Centenario,4,2,1,1,27/12/2024
Villa Fiorito,4,3,1,0,27/12/2024
Villa Lamadrid,3,2,0,1,27/12/2024
Banfield,6,4,0,2,29/12/2024
Higiene Urbana,11,3,2,6,29/12/2024
Ingeniero Budge,6,4,0,2,29/12/2024
Llavallol,6,5,0,1,29/12/2024
Lomas,5,5,0,0,29/12/2024
Parque Baron,4,2,0,2,29/12/2024
San José,6,4,2,0,29/12/2024
Santa Catalina,10,6,3,1,29/12/2024
Santa Marta,3,2,0,1,29/12/2024
Secretaria Serv. Publicos,9,7,0,2,29/12/2024
Subse Servicios Urbanos,11,2,5,4,29/12/2024
Temperley,5,3,0,2,29/12/2024
Turdera,2,1,1,0,29/12/2024
Villa Albertina,4,2,1,1,29/12/2024
Villa Centenario,4,3,0,1,29/12/2024
Villa Fiorito,4,4,0,0,29/12/2024
Villa Lamadrid,3,2,0,1,29/12/2024
Banfield,6,5,0,1,30/12/2024
Higiene Urbana,11,0,5,6,30/12/2024
Ingeniero Budge,6,2,2,2,30/12/2024
Llavallol,6,0,4,2,30/12/2024
Lomas,5,2,3,0,30/12/2024
Parque Baron,4,2,0,2,30/12/2024
San José,6,3,3,0,30/12/2024
Santa Catalina,10,2,6,2,30/12/2024
Santa Marta,3,1,1,1,30/12/2024
Secretaria Serv. Publicos,9,4,3,2,30/12/2024
Subse Servicios Urbanos,11,2,6,3,30/12/2024
Temperley,5,1,2,2,30/12/2024
Turdera,2,1,1,0,30/12/2024
Villa Albertina,4,1,2,1,30/12/2024
Villa Centenario,4,1,2,1,30/12/2024
Villa Fiorito,4,2,2,0,30/12/2024
Villa Lamadrid,3,1,1,1,30/12/2024
Banfield,6,4,0,2,01/01/2025
Higiene Urbana,11,4,2,5,01/01/2025
Ingeniero Budge,6,4,0,2,01/01/2025
Llavallol,6,4,1,1,01/01/2025
Lomas,5,5,0,0,01/01/2025
Parque Baron,4,2,0,2,01/01/2025
San José,6,5,1,0,01/01/2025
Santa Catalina,10,7,2,1,01/01/2025
Santa Marta,3,2,0,1,01/01/2025
Secretaria Serv. Publicos,9,5,2,2,01/01/2025
Subse Servicios Urbanos,11,5,3,3,01/01/2025
Temperley,5,3,0,2,01/01/2025
Turdera,2,1,1,0,01/01/2025
Villa Albertina,4,3,0,1,01/01/2025
Villa Centenario,4,2,1,1,01/01/2025
Villa Fiorito,4,4,0,0,01/01/2025
Villa Lamadrid,3,2,0,1,01/01/2025
Banfield,6,4,0,2,02/01/2025
Higiene Urbana,11,3,2,6,02/01/2025
Ingeniero Budge,6,3,1,2,02/01/2025
Llavallol,6,4,1,1,02/01/2025
Lomas,5,3,2,0,02/01/2025
Parque Baron,4,2,0,2,02/01/2025
San José,6,3,3,0,02/01/2025
Santa Catalina,10,5,3,2,02/01/2025
Santa Marta,3,2,0,1,02/01/2025
Secretaria Serv. Publicos,9,4,3,2,02/01/2025
Subse Servicios Urbanos,11,5,3,3,02/01/2025
Temperley,5,3,0,2,02/01/2025
Turdera,2,1,1,0,02/01/2025
Villa Albertina,4,2,1,1,02/01/2025
Villa Centenario,4,3,0,1,02/01/2025
Villa Fiorito,4,4,0,0,02/01/2025
Villa Lamadrid,3,2,0,1,02/01/2025
Banfield,6,4,0,2,03/01/2025
Higiene Urbana,11,1,5,5,03/01/2025
Ingeniero Budge,6,2,2,2,03/01/2025
Llavallol,6,5,0,1,03/01/2025
Lomas,5,5,0,0,03/01/2025
Parque Baron,4,2,0,2,03/01/2025
San José,6,3,3,0,03/01/2025
Santa Catalina,10,2,5,3,03/01/2025
Santa Marta,3,1,1,1,03/01/2025
Secretaria Serv. Publicos,9,4,3,2,03/01/2025
Subse Servicios Urbanos,11,4,3,4,03/01/2025
Temperley,5,3,0,2,03/01/2025
Turdera,2,1,1,0,03/01/2025
Villa Albertina,4,2,0,2,03/01/2025
Villa Centenario,4,3,0,1,03/01/2025
Villa Fiorito,4,3,1,0,03/01/2025
Villa Lamadrid,3,2,0,1,03/01/2025
Banfield,6,4,0,2,05/01/2025
Higiene Urbana,11,3,2,6,05/01/2025
Ingeniero Budge,6,2,2,2,05/01/2025
Llavallol,6,5,0,1,05/01/2025
Lomas,5,4,1,0,05/01/2025
Parque Baron,4,2,0,2,05/01/2025
San José,6,4,2,0,05/01/2025
Santa Catalina,10,5,2,3,05/01/2025
Santa Marta,3,1,1,1,05/01/2025
Secretaria Serv. Publicos,9,4,3,2,05/01/2025
Subse Servicios Urbanos,11,4,3,4,05/01/2025
Temperley,5,3,0,2,05/01/2025
Turdera,2,1,1,0,05/01/2025
Villa Albertina,4,2,0,2,05/01/2025
Villa Centenario,4,2,1,1,05/01/2025
Villa Fiorito,4,4,0,0,05/01/2025
Villa Lamadrid,3,1,1,1,05/01/2025
Banfield,6,4,0,2,06/01/2025
Higiene Urbana,11,4,2,5,06/01/2025
Ingeniero Budge,6,4,0,2,06/01/2025
Llavallol,6,5,0,1,06/01/2025
Lomas,5,4,1,0,06/01/2025
Parque Baron,4,2,0,2,06/01/2025
San José,6,5,1,0,06/01/2025
Santa Catalina,10,7,1,2,06/01/2025
Santa Marta,3,1,1,1,06/01/2025
Secretaria Serv. Publicos,9,5,2,2,06/01/2025
Subse Servicios Urbanos,11,5,2,4,06/01/2025
Temperley,5,2,1,2,06/01/2025
Turdera,2,1,1,0,06/01/2025
Villa Albertina,4,2,0,2,06/01/2025
Villa Centenario,4,2,1,1,06/01/2025
Villa Fiorito,4,3,1,0,06/01/2025
Villa Lamadrid,3,2,0,1,06/01/2025
Banfield,6,4,0,2,07/01/2025
Higiene Urbana,11,3,2,6,07/01/2025
Ingeniero Budge,6,3,1,2,07/01/2025
Llavallol,6,5,0,1,07/01/2025
Lomas,5,5,0,0,07/01/2025
Parque Baron,4,2,0,2,07/01/2025
San José,6,4,2,0,07/01/2025
Santa Catalina,10,6,0,4,07/01/2025
Santa Marta,3,1,1,1,07/01/2025
Secretaria Serv. Publicos,9,6,1,2,07/01/2025
Subse Servicios Urbanos,11,6,2,3,07/01/2025
Temperley,5,2,1,2,07/01/2025
Turdera,2,1,1,0,07/01/2025
Villa Albertina,4,2,0,2,07/01/2025
Villa Centenario,4,2,1,1,07/01/2025
Villa Fiorito,4,4,0,0,07/01/2025
Villa Lamadrid,3,2,0,1,07/01/2025
Banfield,6,4,0,2,08/01/2025
Higiene Urbana,11,4,2,5,08/01/2025
Ingeniero Budge,6,4,0,2,08/01/2025
Llavallol,6,5,0,1,08/01/2025
Lomas,5,4,1,0,08/01/2025
Parque Baron,4,2,0,2,08/01/2025
San José,6,5,1,0,08/01/2025
Santa Catalina,10,7,1,2,08/01/2025
Santa Marta,3,1,1,1,08/01/2025
Secretaria Serv. Publicos,9,5,2,2,08/01/2025
Subse Servicios Urbanos,11,5,3,3,08/01/2025
Temperley,5,2,1,2,08/01/2025
Turdera,2,1,1,0,08/01/2025
Villa Albertina,4,2,0,2,08/01/2025
Villa Centenario,4,2,1,1,08/01/2025
Villa Fiorito,4,3,1,0,08/01/2025
Villa Lamadrid,3,2,0,1,08/01/2025
Banfield,6,4,0,2,09/01/2025
Higiene Urbana,11,4,2,5,09/01/2025
Ingeniero Budge,7,5,0,2,09/01/2025
Llavallol,6,4,0,2,09/01/2025
Lomas,6,4,2,0,09/01/2025
Parque Baron,4,2,0,2,09/01/2025
San José,7,4,3,0,09/01/2025
Santa Catalina,8,4,1,3,09/01/2025
Santa Marta,3,1,1,1,09/01/2025
Secretaria Serv. Publicos,8,3,2,3,09/01/2025
Subse Servicios Urbanos,10,5,2,3,09/01/2025
Temperley,6,3,1,2,09/01/2025
Turdera,1,1,0,0,09/01/2025
Villa Albertina,5,2,1,2,09/01/2025
Villa Centenario,4,2,1,1,09/01/2025
Villa Fiorito,4,4,0,0,09/01/2025
Villa Lamadrid,3,1,1,1,09/01/2025
Banfield,6,3,1,2,10/01/2025
Higiene Urbana,11,1,5,5,10/01/2025
Ingeniero Budge,7,3,2,2,10/01/2025
Llavallol,6,4,0,2,10/01/2025
Lomas,6,3,3,0,10/01/2025
Parque Baron,4,2,0,2,10/01/2025
San José,7,3,4,0,10/01/2025
Santa Catalina,8,4,2,2,10/01/2025
Santa Marta,3,1,1,1,10/01/2025
Secretaria Serv. Publicos,8,3,2,3,10/01/2025
Subse Servicios Urbanos,10,5,2,3,10/01/2025
Temperley,6,3,1,2,10/01/2025
Turdera,1,1,0,0,10/01/2025
Villa Albertina,5,2,1,2,10/01/2025
Villa Centenario,4,2,1,1,10/01/2025
Villa Fiorito,4,3,1,0,10/01/2025
Villa Lamadrid,3,2,0,1,10/01/2025
Banfield,6,4,0,2,12/01/2025
Higiene Urbana,11,5,2,4,12/01/2025
Ingeniero Budge,7,4,1,2,12/01/2025
Llavallol,6,4,0,2,12/01/2025
Lomas,6,4,2,0,12/01/2025
Parque Baron,4,2,0,2,12/01/2025
San José,7,4,3,0,12/01/2025
Santa Catalina,8,4,1,3,12/01/2025
Santa Marta,3,1,1,1,12/01/2025
Secretaria Serv. Publicos,8,3,2,3,12/01/2025
Subse Servicios Urbanos,10,6,1,3,12/01/2025
Temperley,6,3,1,2,12/01/2025
Turdera,1,1,0,0,12/01/2025
Villa Albertina,5,2,1,2,12/01/2025
Villa Centenario,4,2,1,1,12/01/2025
Villa Fiorito,4,3,1,0,12/01/2025
Villa Lamadrid,3,0,2,1,12/01/2025
Banfield,6,4,0,2,13/01/2025
Higiene Urbana,11,6,1,4,13/01/2025
Ingeniero Budge,7,4,1,2,13/01/2025
Llavallol,6,5,0,1,13/01/2025
Lomas,6,3,3,0,13/01/2025
Parque Baron,4,2,0,2,13/01/2025
San José,7,5,2,0,13/01/2025
Santa Catalina,8,4,1,3,13/01/2025
Santa Marta,3,1,1,1,13/01/2025
Secretaria Serv. Publicos,8,4,1,3,13/01/2025
Subse Servicios Urbanos,10,5,2,3,13/01/2025
Temperley,6,3,1,2,13/01/2025
Turdera,1,1,0,0,13/01/2025
Villa Albertina,5,2,1,2,13/01/2025
Villa Centenario,4,2,1,1,13/01/2025
Villa Fiorito,4,4,0,0,13/01/2025
Villa Lamadrid,3,2,0,1,13/01/2025
Banfield,6,3,1,2,14/01/2025
Higiene Urbana,11,4,2,5,14/01/2025
Ingeniero Budge,7,4,1,2,14/01/2025
Llavallol,6,5,0,1,14/01/2025
Lomas,6,5,1,0,14/01/2025
Parque Baron,4,2,0,2,14/01/2025
San José,7,6,1,0,14/01/2025
Santa Catalina,8,3,2,3,14/01/2025
Santa Marta,3,0,2,1,14/01/2025
Secretaria Serv. Publicos,8,3,2,3,14/01/2025
Subse Servicios Urbanos,10,5,2,3,14/01/2025
Temperley,6,4,0,2,14/01/2025
Turdera,1,1,0,0,14/01/2025
Villa Albertina,5,2,1,2,14/01/2025
Villa Centenario,4,2,1,1,14/01/2025
Villa Fiorito,4,4,0,0,14/01/2025
Villa Lamadrid,3,2,0,1,14/01/2025
Banfield,6,4,0,2,15/01/2025
Higiene Urbana,11,4,0,7,15/01/2025
Ingeniero Budge,7,4,1,2,15/01/2025
Llavallol,6,5,0,1,15/01/2025
Lomas,6,5,1,0,15/01/2025
Parque Baron,4,2,0,2,15/01/2025
San José,7,5,2,0,15/01/2025
Santa Catalina,8,3,1,4,15/01/2025
Santa Marta,3,1,1,1,15/01/2025
Secretaria Serv. Publicos,8,2,3,3,15/01/2025
Subse Servicios Urbanos,10,5,2,3,15/01/2025
Temperley,6,3,1,2,15/01/2025
Turdera,1,1,0,0,15/01/2025
Villa Albertina,5,2,0,3,15/01/2025
Villa Centenario,4,2,1,1,15/01/2025
Villa Fiorito,4,4,0,0,15/01/2025
Villa Lamadrid,3,2,0,1,15/01/2025
Banfield,6,3,1,2,16/01/2025
Higiene Urbana,11,3,0,8,16/01/2025
Ingeniero Budge,7,3,1,3,16/01/2025
Llavallol,6,5,0,1,16/01/2025
Lomas,6,4,1,1,16/01/2025
Parque Baron,4,2,0,2,16/01/2025
San José,7,3,4,0,16/01/2025
Santa Catalina,8,3,1,4,16/01/2025
Santa Marta,3,1,1,1,16/01/2025
Secretaria Serv. Publicos,8,5,0,3,16/01/2025
Subse Servicios Urbanos,10,5,1,4,16/01/2025
Temperley,6,4,0,2,16/01/2025
Turdera,1,1,0,0,16/01/2025
Villa Albertina,5,2,0,3,16/01/2025
Villa Centenario,4,2,1,1,16/01/2025
Villa Fiorito,4,4,0,0,16/01/2025
Villa Lamadrid,3,2,0,1,16/01/2025
Banfield,6,4,0,2,17/01/2025
Higiene Urbana,11,2,5,4,17/01/2025
Ingeniero Budge,7,3,2,2,17/01/2025
Llavallol,6,5,0,1,17/01/2025
Lomas,6,4,2,0,17/01/2025
Parque Baron,4,2,0,2,17/01/2025
San José,7,5,2,0,17/01/2025
Santa Catalina,8,4,1,3,17/01/2025
Santa Marta,3,2,0,1,17/01/2025
Secretaria Serv. Publicos,8,3,3,2,17/01/2025
Subse Servicios Urbanos,10,5,2,3,17/01/2025
Temperley,6,3,1,2,17/01/2025
Turdera,1,1,0,0,17/01/2025
Villa Albertina,5,1,2,2,17/01/2025
Villa Centenario,4,2,1,1,17/01/2025
Villa Fiorito,4,4,0,0,17/01/2025
Villa Lamadrid,3,2,0,1,17/01/2025
Banfield,6,4,0,2,19/01/2025
Higiene Urbana,11,4,0,7,19/01/2025
Ingeniero Budge,7,3,2,2,19/01/2025
Llavallol,6,5,0,1,19/01/2025
Lomas,6,3,2,1,19/01/2025
Parque Baron,4,2,0,2,19/01/2025
San José,7,6,1,0,19/01/2025
Santa Catalina,8,3,2,3,19/01/2025
Santa Marta,3,0,2,1,19/01/2025
Secretaria Serv. Publicos,8,5,0,3,19/01/2025
Subse Servicios Urbanos,10,5,1,4,19/01/2025
Temperley,6,3,1,2,19/01/2025
Turdera,1,1,0,0,19/01/2025
Villa Albertina,5,2,0,3,19/01/2025
Villa Centenario,4,2,1,1,19/01/2025
Villa Fiorito,4,4,0,0,19/01/2025
Villa Lamadrid,3,2,0,1,19/01/2025
Banfield,6,3,1,2,20/01/2025
Higiene Urbana,11,4,0,7,20/01/2025
Ingeniero Budge,7,3,2,2,20/01/2025
Llavallol,6,5,0,1,20/01/2025
Lomas,6,4,2,0,20/01/2025
Parque Baron,4,2,0,2,20/01/2025
San José,7,7,0,0,20/01/2025
Santa Catalina,8,4,1,3,20/01/2025
Santa Marta,3,2,0,1,20/01/2025
Secretaria Serv. Publicos,8,3,0,5,20/01/2025
Subse Servicios Urbanos,10,5,1,4,20/01/2025
Temperley,6,3,1,2,20/01/2025
Turdera,1,1,0,0,20/01/2025
Villa Albertina,5,2,1,2,20/01/2025
Villa Centenario,4,2,1,1,20/01/2025
Villa Fiorito,4,3,1,0,20/01/2025
Villa Lamadrid,3,2,0,1,20/01/2025
Banfield,6,4,0,2,21/01/2025
Higiene Urbana,11,4,0,7,21/01/2025
Ingeniero Budge,7,3,2,2,21/01/2025
Llavallol,6,5,0,1,21/01/2025
Lomas,6,4,2,0,21/01/2025
Parque Baron,4,2,0,2,21/01/2025
San José,7,5,2,0,21/01/2025
Santa Catalina,8,3,2,3,21/01/2025
Santa Marta,3,2,0,1,21/01/2025
Secretaria Serv. Publicos,8,4,0,4,21/01/2025
Subse Servicios Urbanos,10,5,1,4,21/01/2025
Temperley,6,3,1,2,21/01/2025
Turdera,1,1,0,0,21/01/2025
Villa Albertina,5,2,0,3,21/01/2025
Villa Centenario,4,2,1,1,21/01/2025
Villa Fiorito,4,2,2,0,21/01/2025
Villa Lamadrid,3,2,0,1,21/01/2025
Banfield,6,4,0,2,22/01/2025
Higiene Urbana,11,3,0,8,22/01/2025
Ingeniero Budge,7,4,1,2,22/01/2025
Llavallol,6,5,0,1,22/01/2025
Lomas,6,4,2,0,22/01/2025
Parque Baron,4,2,0,2,22/01/2025
San José,7,5,2,0,22/01/2025
Santa Catalina,8,4,1,3,22/01/2025
Santa Marta,3,2,0,1,22/01/2025
Secretaria Serv. Publicos,8,4,1,3,22/01/2025
Subse Servicios Urbanos,10,5,1,4,22/01/2025
Temperley,6,3,1,2,22/01/2025
Turdera,1,1,0,0,22/01/2025
Villa Albertina,5,2,2,1,22/01/2025
Villa Centenario,4,2,1,1,22/01/2025
Villa Fiorito,4,3,1,0,22/01/2025
Villa Lamadrid,3,1,1,1,22/01/2025
Banfield,6,4,0,2,23/01/2025
Higiene Urbana,11,1,5,5,23/01/2025
Ingeniero Budge,7,3,2,2,23/01/2025
Llavallol,6,5,0,1,23/01/2025
Lomas,6,3,3,0,23/01/2025
Parque Baron,4,2,0,2,23/01/2025
San José,7,5,2,0,23/01/2025
Santa Catalina,8,3,2,3,23/01/2025
Santa Marta,3,2,0,1,23/01/2025
Secretaria Serv. Publicos,8,4,2,2,23/01/2025
Subse Servicios Urbanos,10,5,2,3,23/01/2025
Temperley,6,3,1,2,23/01/2025
Turdera,1,1,0,0,23/01/2025
Villa Albertina,5,2,1,2,23/01/2025
Villa Centenario,4,3,0,1,23/01/2025
Villa Fiorito,4,2,2,0,23/01/2025
Villa Lamadrid,3,2,0,1,23/01/2025
Banfield,6,4,0,2,26/01/2025
Higiene Urbana,11,4,0,7,26/01/2025
Ingeniero Budge,7,4,1,2,26/01/2025
Llavallol,6,5,0,1,26/01/2025
Lomas,6,4,2,0,26/01/2025
Parque Baron,4,2,0,2,26/01/2025
San José,7,5,2,0,26/01/2025
Santa Catalina,8,4,1,3,26/01/2025
Santa Marta,3,2,0,1,26/01/2025
Secretaria Serv. Publicos,8,4,0,4,26/01/2025
Subse Servicios Urbanos,10,5,1,4,26/01/2025
Temperley,6,3,1,2,26/01/2025
Turdera,1,1,0,0,26/01/2025
Villa Albertina,5,2,1,2,26/01/2025
Villa Centenario,4,2,1,1,26/01/2025
Villa Fiorito,4,2,2,0,26/01/2025
Villa Lamadrid,3,2,0,1,26/01/2025
Banfield,6,4,0,2,27/01/2025
Higiene Urbana,11,5,0,6,27/01/2025
Ingeniero Budge,7,4,1,2,27/01/2025
Llavallol,6,3,2,1,27/01/2025
Lomas,6,4,2,0,27/01/2025
Parque Baron,4,2,0,2,27/01/2025
San José,7,4,3,0,27/01/2025
Santa Catalina,8,4,1,3,27/01/2025
Santa Marta,3,2,0,1,27/01/2025
Secretaria Serv. Publicos,8,5,0,3,27/01/2025
Subse Servicios Urbanos,10,5,1,4,27/01/2025
Temperley,6,3,1,2,27/01/2025
Turdera,1,1,0,0,27/01/2025
Villa Albertina,5,2,1,2,27/01/2025
Villa Centenario,4,2,1,1,27/01/2025
Villa Fiorito,4,2,2,0,27/01/2025
Villa Lamadrid,3,1,1,1,27/01/2025
Banfield,6,4,0,2,28/01/2025
Higiene Urbana,11,5,1,5,28/01/2025
Ingeniero Budge,7,4,1,2,28/01/2025
Llavallol,6,5,0,1,28/01/2025
Lomas,6,4,2,0,28/01/2025
Parque Baron,4,2,0,2,28/01/2025
San José,7,5,2,0,28/01/2025
Santa Catalina,8,4,1,3,28/01/2025
Santa Marta,3,2,0,1,28/01/2025
Secretaria Serv. Publicos,8,4,0,4,28/01/2025
Subse Servicios Urbanos,10,5,1,4,28/01/2025
Temperley,6,3,1,2,28/01/2025
Turdera,1,1,0,0,28/01/2025
Villa Albertina,5,3,1,1,28/01/2025
Villa Centenario,4,2,1,1,28/01/2025
Villa Fiorito,4,2,2,0,28/01/2025
Villa Lamadrid,3,1,1,1,28/01/2025
Banfield,6,4,0,2,29/01/2025
Higiene Urbana,11,5,0,6,29/01/2025
Ingeniero Budge,7,4,1,2,29/01/2025
Llavallol,6,5,0,1,29/01/2025
Lomas,6,4,2,0,29/01/2025
Parque Baron,4,2,0,2,29/01/2025
San José,7,5,2,0,29/01/2025
Santa Catalina,8,3,2,3,29/01/2025
Santa Marta,3,1,1,1,29/01/2025
Secretaria Serv. Publicos,8,5,0,3,29/01/2025
Subse Servicios Urbanos,10,6,1,3,29/01/2025
Temperley,6,3,1,2,29/01/2025
Turdera,1,1,0,0,29/01/2025
Villa Albertina,5,2,1,2,29/01/2025
Villa Centenario,4,2,1,1,29/01/2025
Villa Fiorito,4,2,2,0,29/01/2025
Villa Lamadrid,3,1,1,1,29/01/2025
Banfield,6,4,0,2,30/01/2025
Higiene Urbana,11,5,0,6,30/01/2025
Ingeniero Budge,7,4,1,2,30/01/2025
Llavallol,6,5,0,1,30/01/2025
Lomas,6,4,2,0,30/01/2025
Parque Baron,4,2,0,2,30/01/2025
San José,7,5,2,0,30/01/2025
Santa Catalina,8,3,2,3,30/01/2025
Santa Marta,3,2,0,1,30/01/2025
Secretaria Serv. Publicos,8,4,0,4,30/01/2025
Subse Servicios Urbanos,10,5,1,4,30/01/2025
Temperley,6,3,1,2,30/01/2025
Turdera,1,1,0,0,30/01/2025
Villa Albertina,5,3,1,1,30/01/2025
Villa Centenario,4,3,0,1,30/01/2025
Villa Fiorito,4,2,2,0,30/01/2025
Villa Lamadrid,3,1,1,1,30/01/2025
Banfield,6,4,0,2,31/01/2025
Higiene Urbana,11,0,5,6,31/01/2025
Ingeniero Budge,7,4,1,2,31/01/2025
Llavallol,6,5,0,1,31/01/2025
LOMAS,6,5,1,0,31/01/2025
Parque Baron,4,1,1,2,31/01/2025
San José,7,4,3,0,31/01/2025
Santa Catalina,8,2,3,3,31/01/2025
Santa Marta,3,1,1,1,31/01/2025
Secretaria Serv. Publicos,8,4,2,2,31/01/2025
Subse Servicios Urbanos,10,4,3,3,31/01/2025
Temperley,6,3,1,2,31/01/2025
Turdera,1,1,0,0,31/01/2025
Villa Albertina,5,2,1,2,31/01/2025
Villa Centenario,4,2,1,1,31/01/2025
Villa Fiorito,4,2,2,0,31/01/2025
Villa Lamadrid,3,1,1,1,31/01/2025
Banfield,6,4,0,2,02/02/2025
Higiene Urbana,11,4,2,5,02/02/2025
Ingeniero Budge,7,2,3,2,02/02/2025
Llavallol,6,5,0,1,02/02/2025
LOMAS,6,5,1,0,02/02/2025
Parque Baron,4,2,0,2,02/02/2025
San José,7,4,3,0,02/02/2025
Santa Catalina,8,3,2,3,02/02/2025
Santa Marta,3,2,0,1,02/02/2025
Secretaria Serv. Publicos,8,4,2,2,02/02/2025
Subse Servicios Urbanos,10,4,4,2,02/02/2025
Temperley,6,3,1,2,02/02/2025
Turdera,1,0,1,0,02/02/2025
Villa Albertina,5,2,1,2,02/02/2025
Villa Centenario,4,3,0,1,02/02/2025
Villa Fiorito,4,2,2,0,02/02/2025
Villa Lamadrid,3,1,1,1,02/02/2025
Banfield,6,4,0,2,03/02/2025
Higiene Urbana,11,4,2,5,03/02/2025
Ingeniero Budge,7,3,2,2,03/02/2025
Llavallol,6,4,1,1,03/02/2025
LOMAS,6,5,1,0,03/02/2025
Parque Baron,4,2,0,2,03/02/2025
San José,7,2,5,0,03/02/2025
Santa Catalina,8,3,2,3,03/02/2025
Santa Marta,3,2,0,1,03/02/2025
Secretaria Serv. Publicos,8,3,2,3,03/02/2025
Subse Servicios Urbanos,10,5,3,2,03/02/2025
Temperley,6,3,1,2,03/02/2025
Turdera,1,0,1,0,03/02/2025
Villa Albertina,5,2,1,2,03/02/2025
Villa Centenario,4,3,0,1,03/02/2025
Villa Fiorito,4,2,2,0,03/02/2025
Villa Lamadrid,3,1,1,1,03/02/2025
Banfield,6,3,1,2,04/02/2025
Higiene Urbana,11,4,2,5,04/02/2025
Ingeniero Budge,7,2,3,2,04/02/2025
Llavallol,6,4,1,1,04/02/2025
LOMAS,6,4,2,0,04/02/2025
Parque Baron,4,2,0,2,04/02/2025
San José,7,3,4,0,04/02/2025
Santa Catalina,8,1,4,3,04/02/2025
Santa Marta,3,1,1,1,04/02/2025
Secretaria Serv. Publicos,8,3,2,3,04/02/2025
Subse Servicios Urbanos,10,4,4,2,04/02/2025
Temperley,6,3,1,2,04/02/2025
Turdera,1,0,1,0,04/02/2025
Villa Albertina,5,0,3,2,04/02/2025
Villa Centenario,4,1,2,1,04/02/2025
Villa Fiorito,4,2,2,0,04/02/2025
Villa Lamadrid,3,1,1,1,04/02/2025
Banfield,6,4,0,2,05/02/2025
Higiene Urbana,11,4,2,5,05/02/2025
Ingeniero Budge,7,3,2,2,05/02/2025
Llavallol,6,4,1,1,05/02/2025
LOMAS,6,4,2,0,05/02/2025
Parque Baron,4,2,0,2,05/02/2025
San José,7,4,3,0,05/02/2025
Santa Catalina,8,2,3,3,05/02/2025
Santa Marta,3,1,1,1,05/02/2025
Secretaria Serv. Publicos,8,3,2,3,05/02/2025
Subse Servicios Urbanos,10,4,4,2,05/02/2025
Temperley,6,3,1,2,05/02/2025
Turdera,1,0,1,0,05/02/2025
Villa Albertina,5,3,1,1,05/02/2025
Villa Centenario,4,2,1,1,05/02/2025
Villa Fiorito,4,2,2,0,05/02/2025
Villa Lamadrid,3,1,1,1,05/02/2025
Banfield,6,4,0,2,06/02/2025
Higiene Urbana,11,3,2,6,06/02/2025
Ingeniero Budge,7,4,1,2,06/02/2025
Llavallol,6,4,1,1,06/02/2025
LOMAS,6,3,3,0,06/02/2025
Parque Baron,4,2,0,2,06/02/2025
San José,7,4,3,0,06/02/2025
Santa Catalina,8,3,2,3,06/02/2025
Santa Marta,3,1,1,1,06/02/2025
Secretaria Serv. Publicos,8,3,3,2,06/02/2025
Subse Servicios Urbanos,10,4,4,2,06/02/2025
Temperley,6,4,0,2,06/02/2025
Turdera,1,0,1,0,06/02/2025
Villa Albertina,5,2,1,2,06/02/2025
Villa Centenario,4,3,0,1,06/02/2025
Villa Fiorito,4,2,2,0,06/02/2025
Villa Lamadrid,3,1,1,1,06/02/2025
Banfield,6,4,0,2,07/02/2025
Higiene Urbana,11,2,5,4,07/02/2025
Ingeniero Budge,7,2,3,2,07/02/2025
Llavallol,6,4,1,1,07/02/2025
LOMAS,6,4,2,0,07/02/2025
Parque Baron,4,1,1,2,07/02/2025
San José,7,3,4,0,07/02/2025
Santa Catalina,8,2,3,3,07/02/2025
Santa Marta,3,0,2,1,07/02/2025
Secretaria Serv. Publicos,8,2,3,3,07/02/2025
Subse Servicios Urbanos,10,5,3,2,07/02/2025
Temperley,6,4,0,2,07/02/2025
Turdera,1,0,1,0,07/02/2025
Villa Albertina,5,1,2,2,07/02/2025
Villa Centenario,4,2,1,1,07/02/2025
Villa Fiorito,4,2,2,0,07/02/2025
Villa Lamadrid,3,1,1,1,07/02/2025
Banfield,6,4,0,2,09/02/2025
Higiene Urbana,11,5,2,4,09/02/2025
Ingeniero Budge,7,4,1,2,09/02/2025
Llavallol,6,4,1,1,09/02/2025
LOMAS,6,3,3,0,09/02/2025
Parque Baron,4,2,0,2,09/02/2025
San José,7,5,2,0,09/02/2025
Santa Catalina,8,2,3,3,09/02/2025
Santa Marta,3,0,2,1,09/02/2025
Secretaria Serv. Publicos,8,3,3,2,09/02/2025
Subse Servicios Urbanos,10,5,3,2,09/02/2025
Temperley,6,3,1,2,09/02/2025
Turdera,1,0,1,0,09/02/2025
Villa Albertina,5,3,1,1,09/02/2025
Villa Centenario,4,1,2,1,09/02/2025
Villa Fiorito,4,2,2,0,09/02/2025
Villa Lamadrid,3,1,1,1,09/02/2025
Banfield,6,3,1,2,10/02/2025
Higiene Urbana,11,4,2,5,10/02/2025
Ingeniero Budge,7,4,1,2,10/02/2025
Llavallol,6,4,1,1,10/02/2025
LOMAS,6,3,3,0,10/02/2025
Parque Baron,4,1,1,2,10/02/2025
San José,7,4,3,0,10/02/2025
Santa Catalina,8,2,3,3,10/02/2025
Santa Marta,3,0,2,1,10/02/2025
Secretaria Serv. Publicos,8,3,2,3,10/02/2025
Subse Servicios Urbanos,10,5,3,2,10/02/2025
Temperley,6,3,1,2,10/02/2025
Turdera,1,0,1,0,10/02/2025
Villa Albertina,5,3,1,1,10/02/2025
Villa Centenario,4,0,3,1,10/02/2025
Villa Fiorito,4,2,2,0,10/02/2025
Villa Lamadrid,3,1,1,1,10/02/2025
Banfield,6,3,1,2,11/02/2025
Higiene Urbana,11,6,2,3,11/02/2025
Ingeniero Budge,7,4,1,2,11/02/2025
Llavallol,6,4,0,2,11/02/2025
LOMAS,6,2,4,0,11/02/2025
Parque Baron,4,1,1,2,11/02/2025
San José,7,4,3,0,11/02/2025
Santa Catalina,8,2,3,3,11/02/2025
Santa Marta,3,0,2,1,11/02/2025
Secretaria Serv. Publicos,8,2,3,3,11/02/2025
Subse Servicios Urbanos,10,5,3,2,11/02/2025
Temperley,6,3,1,2,11/02/2025
Turdera,1,0,1,0,11/02/2025
Villa Albertina,5,2,2,1,11/02/2025
Villa Centenario,4,0,3,1,11/02/2025
Villa Fiorito,4,2,2,0,11/02/2025
Villa Lamadrid,3,1,1,1,11/02/2025
Banfield,6,3,1,2,12/02/2025
Higiene Urbana,11,4,2,5,12/02/2025
Ingeniero Budge,7,4,1,2,12/02/2025
Llavallol,6,4,0,2,12/02/2025
LOMAS,6,3,3,0,12/02/2025
Parque Baron,4,1,1,2,12/02/2025
San José,7,4,3,0,12/02/2025
Santa Catalina,8,3,3,2,12/02/2025
Santa Marta,3,1,1,1,12/02/2025
Secretaria Serv. Publicos,8,4,2,2,12/02/2025
Subse Servicios Urbanos,10,5,3,2,12/02/2025
Temperley,6,3,1,2,12/02/2025
Turdera,1,0,1,0,12/02/2025
Villa Albertina,5,2,2,1,12/02/2025
Villa Centenario,4,2,1,1,12/02/2025
Villa Fiorito,4,1,3,0,12/02/2025
Villa Lamadrid,3,1,1,1,12/02/2025
Banfield,6,4,0,2,13/02/2025
Higiene Urbana,11,4,2,5,13/02/2025
Ingeniero Budge,7,5,0,2,13/02/2025
Llavallol,6,4,0,2,13/02/2025
LOMAS,6,4,2,0,13/02/2025
Parque Baron,4,2,0,2,13/02/2025
San José,7,5,2,0,13/02/2025
Santa Catalina,8,1,4,3,13/02/2025
Santa Marta,3,2,0,1,13/02/2025
Secretaria Serv. Publicos,8,4,2,2,13/02/2025
Subse Servicios Urbanos,10,6,2,2,13/02/2025
Temperley,6,4,0,2,13/02/2025
Turdera,1,0,1,0,13/02/2025
Villa Albertina,5,2,2,1,13/02/2025
Villa Centenario,4,2,1,1,13/02/2025
Villa Fiorito,4,1,3,0,13/02/2025
Villa Lamadrid,3,1,1,1,13/02/2025
Banfield,6,4,0,2,14/02/2025
Higiene Urbana,11,3,4,4,14/02/2025
Ingeniero Budge,7,4,1,2,14/02/2025
Llavallol,6,4,0,2,14/02/2025
LOMAS,6,3,3,0,14/02/2025
Parque Baron,4,2,0,2,14/02/2025
San José,7,5,2,0,14/02/2025
Santa Catalina,8,1,4,3,14/02/2025
Santa Marta,3,2,0,1,14/02/2025
Secretaria Serv. Publicos,8,3,2,3,14/02/2025
Subse Servicios Urbanos,10,5,3,2,14/02/2025
Temperley,6,4,0,2,14/02/2025
Turdera,1,0,1,0,14/02/2025
Villa Albertina,5,1,2,2,14/02/2025
Villa Centenario,4,1,2,1,14/02/2025
Villa Fiorito,4,1,3,0,14/02/2025
Villa Lamadrid,3,1,1,1,14/02/2025
Banfield,6,4,0,2,16/02/2025
Higiene Urbana,11,3,2,6,16/02/2025
Ingeniero Budge,7,5,0,2,16/02/2025
Llavallol,6,4,0,2,16/02/2025
LOMAS,6,5,1,0,16/02/2025
Parque Baron,4,1,1,2,16/02/2025
San José,7,3,4,0,16/02/2025
Santa Catalina,8,1,4,3,16/02/2025
Santa Marta,3,2,0,1,16/02/2025
Secretaria Serv. Publicos,8,3,2,3,16/02/2025
Subse Servicios Urbanos,10,4,4,2,16/02/2025
Temperley,6,4,0,2,16/02/2025
Turdera,1,1,0,0,16/02/2025
Villa Albertina,5,1,2,2,16/02/2025
Villa Centenario,4,1,2,1,16/02/2025
Villa Fiorito,4,2,2,0,16/02/2025
Villa Lamadrid,3,1,1,1,16/02/2025
Banfield,6,4,0,2,17/02/2025
Higiene Urbana,11,4,2,5,17/02/2025
Ingeniero Budge,7,4,1,2,17/02/2025
Llavallol,6,4,0,2,17/02/2025
LOMAS,6,4,2,0,17/02/2025
Parque Baron,4,2,0,2,17/02/2025
San José,7,5,2,0,17/02/2025
Santa Catalina,8,1,4,3,17/02/2025
Santa Marta,3,2,0,1,17/02/2025
Secretaria Serv. Publicos,8,4,2,2,17/02/2025
Subse Servicios Urbanos,10,6,2,2,17/02/2025
Temperley,6,4,0,2,17/02/2025
Turdera,1,0,1,0,17/02/2025
Villa Albertina,5,1,2,2,17/02/2025
Villa Centenario,4,1,2,1,17/02/2025
Villa Fiorito,4,1,3,0,17/02/2025
Villa Lamadrid,3,2,0,1,17/02/2025
Banfield,6,3,1,2,18/02/2025
Higiene Urbana,11,4,2,5,18/02/2025
Ingeniero Budge,7,4,1,2,18/02/2025
Llavallol,6,4,0,2,18/02/2025
LOMAS,6,5,1,0,18/02/2025
Parque Baron,4,2,0,2,18/02/2025
San José,7,5,2,0,18/02/2025
Santa Catalina,8,0,5,3,18/02/2025
Santa Marta,3,2,0,1,18/02/2025
Secretaria Serv. Publicos,8,4,2,2,18/02/2025
Subse Servicios Urbanos,10,5,3,2,18/02/2025
Temperley,6,4,0,2,18/02/2025
Turdera,1,1,0,0,18/02/2025
Villa Albertina,5,1,2,2,18/02/2025
Villa Centenario,4,2,1,1,18/02/2025
Villa Fiorito,4,2,2,0,18/02/2025
Villa Lamadrid,3,1,1,1,18/02/2025
Banfield,6,3,1,2,19/02/2025
Higiene Urbana,11,4,2,5,19/02/2025
Ingeniero Budge,7,4,1,2,19/02/2025
Llavallol,6,4,0,2,19/02/2025
LOMAS,6,3,3,0,19/02/2025
Parque Baron,4,2,0,2,19/02/2025
San José,7,5,2,0,19/02/2025
Santa Catalina,8,0,5,3,19/02/2025
Santa Marta,3,2,0,1,19/02/2025
Secretaria Serv. Publicos,8,4,2,2,19/02/2025
Subse Servicios Urbanos,10,5,3,2,19/02/2025
Temperley,6,3,1,2,19/02/2025
Turdera,1,1,0,0,19/02/2025
Villa Albertina,5,1,2,2,19/02/2025
Villa Centenario,4,3,0,1,19/02/2025
Villa Fiorito,4,2,2,0,19/02/2025
Villa Lamadrid,3,2,0,1,19/02/2025
Banfield,6,4,0,2,20/02/2025
Higiene Urbana,11,4,2,5,20/02/2025
Ingeniero Budge,7,5,0,2,20/02/2025
Llavallol,6,3,1,2,20/02/2025
LOMAS,6,2,4,0,20/02/2025
Parque Baron,4,1,1,2,20/02/2025
San José,7,5,2,0,20/02/2025
Santa Catalina,8,0,5,3,20/02/2025
Santa Marta,3,1,1,1,20/02/2025
Secretaria Serv. Publicos,8,4,2,2,20/02/2025
Subse Servicios Urbanos,10,5,3,2,20/02/2025
Temperley,6,3,1,2,20/02/2025
Turdera,1,0,1,0,20/02/2025
Villa Albertina,5,1,2,2,20/02/2025
Villa Centenario,4,3,0,1,20/02/2025
Villa Fiorito,4,1,3,0,20/02/2025
Villa Lamadrid,3,1,1,1,20/02/2025
Banfield,6,3,1,2,21/02/2025
Higiene Urbana,11,2,4,5,21/02/2025
Ingeniero Budge,7,4,1,2,21/02/2025
Llavallol,6,4,0,2,21/02/2025
LOMAS,6,3,3,0,21/02/2025
Parque Baron,4,1,1,2,21/02/2025
San José,7,5,2,0,21/02/2025
Santa Catalina,8,0,5,3,21/02/2025
Santa Marta,3,2,0,1,21/02/2025
Secretaria Serv. Publicos,8,4,2,2,21/02/2025
Subse Servicios Urbanos,10,4,4,2,21/02/2025
Temperley,6,3,1,2,21/02/2025
Turdera,1,0,1,0,21/02/2025
Villa Albertina,5,2,2,1,21/02/2025
Villa Centenario,4,3,0,1,21/02/2025
Villa Fiorito,4,2,2,0,21/02/2025
Villa Lamadrid,3,0,2,1,21/02/2025
Banfield,6,4,0,2,23/02/2025
Higiene Urbana,11,3,2,6,23/02/2025
Ingeniero Budge,7,4,1,2,23/02/2025
Llavallol,6,4,0,2,23/02/2025
LOMAS,6,3,3,0,23/02/2025
Parque Baron,4,1,1,2,23/02/2025
San José,7,5,2,0,23/02/2025
Santa Catalina,8,0,5,3,23/02/2025
Santa Marta,3,2,0,1,23/02/2025
Secretaria Serv. Publicos,8,4,2,2,23/02/2025
Subse Servicios Urbanos,10,5,3,2,23/02/2025
Temperley,6,3,1,2,23/02/2025
Turdera,1,0,1,0,23/02/2025
Villa Albertina,5,2,2,1,23/02/2025
Villa Centenario,4,3,0,1,23/02/2025
Villa Fiorito,4,2,2,0,23/02/2025
Villa Lamadrid,3,1,1,1,23/02/2025
Banfield,6,3,1,2,24/02/2025
Higiene Urbana,11,3,2,6,24/02/2025
Ingeniero Budge,7,4,1,2,24/02/2025
Llavallol,6,4,0,2,24/02/2025
Lomas,6,3,3,0,24/02/2025
Parque Baron,4,1,1,2,24/02/2025
San José,7,4,3,0,24/02/2025
Santa Catalina,8,0,5,3,24/02/2025
Santa Marta,3,2,0,1,24/02/2025
Secretaria Serv. Publicos,8,3,3,2,24/02/2025
Subse Servicios Urbanos,10,5,3,2,24/02/2025
Temperley,6,3,1,2,24/02/2025
Turdera,1,0,1,0,24/02/2025
Villa Albertina,5,2,1,2,24/02/2025
Villa Centenario,4,2,1,1,24/02/2025
Villa Fiorito,4,2,2,0,24/02/2025
Villa Lamadrid,3,1,1,1,24/02/2025
Nuevos camiones,5,5,0,0,24/02/2025
Banfield,6,4,0,2,25/02/2025
Higiene Urbana,11,5,2,4,25/02/2025
Ingeniero Budge,7,3,2,2,25/02/2025
Llavallol,6,4,0,2,25/02/2025
LOMAS,6,4,2,0,25/02/2025
Parque Baron,4,1,1,2,25/02/2025
San José,7,3,4,0,25/02/2025
Santa Catalina,8,1,4,3,25/02/2025
Santa Marta,3,2,0,1,25/02/2025
Secretaria Serv. Publicos,8,4,2,2,25/02/2025
Subse Servicios Urbanos,10,3,4,3,25/02/2025
Temperley,6,3,1,2,25/02/2025
Turdera,1,0,1,0,25/02/2025
Villa Albertina,5,1,2,2,25/02/2025
Villa Centenario,4,2,1,1,25/02/2025
Villa Fiorito,4,2,2,0,25/02/2025
Villa Lamadrid,3,1,1,1,25/02/2025
Nuevos camiones,5,5,0,0,25/02/2025
Banfield,6,2,2,2,26/02/2025
Higiene Urbana,11,6,2,3,26/02/2025
Ingeniero Budge,7,4,1,2,26/02/2025
Llavallol,6,4,0,2,26/02/2025
LOMAS,6,3,3,0,26/02/2025
Parque Baron,4,1,1,2,26/02/2025
San José,7,5,2,0,26/02/2025
Santa Catalina,8,0,5,3,26/02/2025
Santa Marta,3,2,0,1,26/02/2025
Secretaria Serv. Publicos,8,3,3,2,26/02/2025
Subse Servicios Urbanos,10,4,3,3,26/02/2025
Temperley,6,3,1,2,26/02/2025
Turdera,1,0,1,0,26/02/2025
Villa Albertina,5,2,2,1,26/02/2025
Villa Centenario,4,2,1,1,26/02/2025
Villa Fiorito,4,2,2,0,26/02/2025
Villa Lamadrid,3,2,0,1,26/02/2025
Nuevos camiones,5,5,0,0,26/02/2025
Banfield,6,3,1,2,27/02/2025
Higiene Urbana,11,4,2,5,27/02/2025
Ingeniero Budge,7,1,4,2,27/02/2025
Llavallol,6,5,0,1,27/02/2025
LOMAS,6,4,2,0,27/02/2025
Parque Baron,4,1,1,2,27/02/2025
San José,7,4,3,0,27/02/2025
Santa Catalina,8,0,5,3,27/02/2025
Santa Marta,3,2,0,1,27/02/2025
Secretaria Serv. Publicos,8,2,3,3,27/02/2025
Subse Servicios Urbanos,10,3,4,3,27/02/2025
Temperley,6,3,1,2,27/02/2025
Turdera,1,1,0,0,27/02/2025
Villa Albertina,5,2,2,1,27/02/2025
Villa Centenario,4,2,1,1,27/02/2025
Villa Fiorito,4,4,0,0,27/02/2025
Villa Lamadrid,3,2,0,1,27/02/2025
Nuevos camiones,10,9,1,0,27/02/2025
Banfield,6,4,0,2,28/02/2025
Higiene Urbana,11,0,5,6,28/02/2025
Ingeniero Budge,7,3,2,2,28/02/2025
Llavallol,6,5,0,1,28/02/2025
LOMAS,6,3,3,0,28/02/2025
Parque Baron,4,1,1,2,28/02/2025
San José,7,4,3,0,28/02/2025
Santa Catalina,8,0,5,3,28/02/2025
Santa Marta,3,2,0,1,28/02/2025
Secretaria Serv. Publicos,8,2,3,3,28/02/2025
Subse Servicios Urbanos,10,3,4,3,28/02/2025
Temperley,6,3,1,2,28/02/2025
Turdera,1,1,0,0,28/02/2025
Villa Albertina,5,2,2,1,28/02/2025
Villa Centenario,4,1,2,1,28/02/2025
Villa Fiorito,4,3,1,0,28/02/2025
Villa Lamadrid,3,2,0,1,28/02/2025
Nuevos camiones,10,10,0,0,28/02/2025
Banfield,6,1,3,2,02/03/2025
Higiene Urbana,11,1,5,5,02/03/2025
Ingeniero Budge,7,2,3,2,02/03/2025
Llavallol,6,0,4,2,02/03/2025
LOMAS,6,4,2,0,02/03/2025
Parque Baron,4,0,2,2,02/03/2025
San José,7,2,5,0,02/03/2025
Santa Catalina,8,0,5,3,02/03/2025
Santa Marta,3,1,1,1,02/03/2025
Secretaria Serv. Publicos,8,3,3,2,02/03/2025
Subse Servicios Urbanos,10,1,6,3,02/03/2025
Temperley,6,1,3,2,02/03/2025
Turdera,1,0,1,0,02/03/2025
Villa Albertina,5,0,3,2,02/03/2025
Villa Centenario,4,1,2,1,02/03/2025
Villa Fiorito,4,0,4,0,02/03/2025
Villa Lamadrid,3,0,2,1,02/03/2025
Nuevos camiones,10,5,5,0,02/03/2025
Banfield,6,1,3,2,03/03/2025
Higiene Urbana,11,2,5,4,03/03/2025
Ingeniero Budge,7,2,3,2,03/03/2025
Llavallol,6,2,2,2,03/03/2025
LOMAS,6,4,2,0,03/03/2025
Parque Baron,4,1,1,2,03/03/2025
San José,7,3,4,0,03/03/2025
Santa Catalina,8,0,5,3,03/03/2025
Santa Marta,3,0,2,1,03/03/2025
Secretaria Serv. Publicos,8,3,3,2,03/03/2025
Subse Servicios Urbanos,10,1,6,3,03/03/2025
Temperley,6,2,2,2,03/03/2025
Turdera,1,0,1,0,03/03/2025
Villa Albertina,5,0,3,2,03/03/2025
Villa Centenario,4,1,2,1,03/03/2025
Villa Fiorito,4,1,3,0,03/03/2025
Villa Lamadrid,3,0,2,1,03/03/2025
Nuevos camiones,10,7,3,0,03/03/2025
Banfield,6,4,0,2,04/03/2025
Higiene Urbana,11,5,2,3,04/03/2025
Ingeniero Budge,7,4,1,1,04/03/2025
Llavallol,6,4,0,1,04/03/2025
LOMAS,6,5,1,0,04/03/2025
Parque Baron,4,1,1,1,04/03/2025
San José,7,3,4,0,04/03/2025
Santa Catalina,8,0,5,3,04/03/2025
Santa Marta,3,1,1,1,04/03/2025
Secretaria Serv. Publicos,8,3,3,2,04/03/2025
Subse Servicios Urbanos,10,4,3,3,04/03/2025
Temperley,6,3,1,2,04/03/2025
Turdera,1,1,0,0,04/03/2025
Villa Albertina,5,3,1,1,04/03/2025
Villa Centenario,4,3,0,1,04/03/2025
Villa Fiorito,4,3,1,0,04/03/2025
Villa Lamadrid,3,1,1,1,04/03/2025
Nuevos camiones,10,10,0,0,04/03/2025
Banfield,6,3,1,2,05/03/2025
Higiene Urbana,11,6,2,3,05/03/2025
Ingeniero Budge,7,4,1,2,05/03/2025
Llavallol,6,5,0,1,05/03/2025
LOMAS,6,5,1,0,05/03/2025
Parque Baron,4,1,1,2,05/03/2025
San José,7,3,4,0,05/03/2025
Santa Catalina,8,0,5,3,05/03/2025
Santa Marta,3,2,0,1,05/03/2025
Secretaria Serv. Publicos,8,3,3,2,05/03/2025
Subse Servicios Urbanos,10,3,4,3,05/03/2025
Temperley,6,3,1,2,05/03/2025
Turdera,1,1,0,0,05/03/2025
Villa Albertina,5,3,1,1,05/03/2025
Villa Centenario,4,3,0,1,05/03/2025
Villa Fiorito,4,3,1,0,05/03/2025
Villa Lamadrid,3,2,0,1,05/03/2025
Nuevos camiones,10,10,0,0,05/03/2025
Banfield,5,3,2,1,06/03/2025
Higiene Urbana,11,4,3,3,06/03/2025
Ingeniero Budge,7,4,2,1,06/03/2025
Llavallol,5,5,0,0,06/03/2025
Lomas,6,5,1,0,06/03/2025
Parque Baron,4,1,1,2,06/03/2025
San jose,7,3,4,0,06/03/2025
Santa Catalina,7,0,5,2,06/03/2025
Santa Marta,3,0,2,1,06/03/2025
Secretaria Serv. Publicos,5,3,1,1,06/03/2025
Subse Servicios Urbanos,21,13,5,3,06/03/2025
Temperley,6,3,1,2,06/03/2025
Turdera,1,1,0,0,06/03/2025
Villa Albertina,5,2,2,1,06/03/2025
Villa Centenario,4,2,1,1,06/03/2025
Villa Fiorito,4,3,1,0,06/03/2025
Villa Lamadrid,3,2,0,1,06/03/2025
Banfield,5,2,2,1,07/03/2025
Higiene Urbana,11,2,6,3,07/03/2025
Ingeniero Budge,7,3,3,1,07/03/2025
Llavallol,5,5,0,0,07/03/2025
Lomas,6,4,2,0,07/03/2025
Parque Baron,4,1,1,2,07/03/2025
San jose,7,5,2,0,07/03/2025
Santa Catalina,7,0,5,2,07/03/2025
Santa Marta,3,1,1,1,07/03/2025
Secretaria Serv. Publicos,5,3,1,1,07/03/2025
Subse Servicios Urbanos,21,13,5,3,07/03/2025
Temperley,6,3,1,2,07/03/2025
Turdera,1,1,0,0,07/03/2025
Villa Albertina,5,3,1,1,07/03/2025
Villa Centenario,4,1,2,1,07/03/2025
Villa Fiorito,4,3,1,0,07/03/2025
Villa Lamadrid,3,2,0,1,07/03/2025
Banfield,5,3,1,1,09/03/2025
Higiene Urbana,11,4,3,4,09/03/2025
Ingeniero Budge,7,4,2,1,09/03/2025
Llavallol,5,5,0,0,09/03/2025
Lomas,6,3,3,0,09/03/2025
Parque Baron,4,1,1,2,09/03/2025
San jose,7,5,2,0,09/03/2025
Santa Catalina,7,0,5,2,09/03/2025
Santa Marta,3,0,2,1,09/03/2025
Secretaria Serv. Publicos,5,3,1,1,09/03/2025
Subse Servicios Urbanos,21,13,5,3,09/03/2025
Temperley,6,3,1,2,09/03/2025
Turdera,1,1,0,0,09/03/2025
Villa Albertina,5,3,1,1,09/03/2025
Villa Centenario,4,3,0,1,09/03/2025
Villa Fiorito,4,4,0,0,09/03/2025
Villa Lamadrid,3,2,0,1,09/03/2025
Banfield,5,2,2,1,10/03/2025
Higiene Urbana,11,3,3,5,10/03/2025
Ingeniero Budge,7,5,1,1,10/03/2025
Llavallol,5,5,0,0,10/03/2025
Lomas,6,4,2,0,10/03/2025
Parque Baron,4,1,1,2,10/03/2025
San jose,7,5,2,0,10/03/2025
Santa Catalina,7,0,5,2,10/03/2025
Santa Marta,3,0,2,1,10/03/2025
Secretaria Serv. Publicos,5,3,1,1,10/03/2025
Subse Servicios Urbanos,21,14,4,3,10/03/2025
Temperley,6,3,1,2,10/03/2025
Turdera,1,1,0,0,10/03/2025
Villa Albertina,5,2,2,1,10/03/2025
Villa Centenario,4,3,0,1,10/03/2025
Villa Fiorito,4,3,1,0,10/03/2025
Villa Lamadrid,3,2,0,1,10/03/2025
Banfield,5,2,2,1,11/03/2025
Higiene Urbana,11,3,3,5,11/03/2025
Ingeniero Budge,7,4,2,1,11/03/2025
Llavallol,5,5,0,0,11/03/2025
Lomas,6,4,2,0,11/03/2025
Parque Baron,4,1,1,2,11/03/2025
San jose,7,4,3,0,11/03/2025
Santa Catalina,7,0,5,2,11/03/2025
Santa Marta,3,0,2,1,11/03/2025
Secretaria Serv. Publicos,5,3,1,1,11/03/2025
Subse Servicios Urbanos,21,14,4,3,11/03/2025
Temperley,6,4,0,2,11/03/2025
Turdera,1,1,0,0,11/03/2025
Villa Albertina,5,2,2,1,11/03/2025
Villa Centenario,4,3,0,1,11/03/2025
Villa Fiorito,4,3,1,0,11/03/2025
Villa Lamadrid,3,2,0,1,11/03/2025
Banfield,5,2,3,1,12/03/2025
Higiene Urbana,11,3,3,5,12/03/2025
Ingeniero Budge,7,5,0,1,12/03/2025
Llavallol,5,5,0,0,12/03/2025
Lomas,6,4,2,0,12/03/2025
Parque Baron,4,1,1,2,12/03/2025
San jose,7,4,3,0,12/03/2025
Santa Catalina,7,0,5,2,12/03/2025
Santa Marta,3,0,2,1,12/03/2025
Secretaria Serv. Publicos,5,3,1,1,12/03/2025
Subse Servicios Urbanos,21,14,4,3,12/03/2025
Temperley,6,4,0,2,12/03/2025
Turdera,1,0,1,0,12/03/2025
Villa Albertina,5,2,2,1,12/03/2025
Villa Centenario,4,3,0,1,12/03/2025
Villa Fiorito,4,4,0,0,12/03/2025
Villa Lamadrid,3,2,0,1,12/03/2025
Banfield,5,3,1,1,13/03/2025
Higiene Urbana,11,4,3,4,13/03/2025
Ingeniero Budge,7,4,2,1,13/03/2025
Llavallol,5,3,1,1,13/03/2025
Lomas,6,5,1,0,13/03/2025
Parque Baron,4,1,1,2,13/03/2025
San jose,7,4,3,0,13/03/2025
Santa Catalina,7,0,5,2,13/03/2025
Santa Marta,3,0,2,1,13/03/2025
Secretaria Serv. Publicos,5,3,1,1,13/03/2025
Subse Servicios Urbanos,21,14,5,2,13/03/2025
Temperley,6,3,1,2,13/03/2025
Turdera,1,1,0,0,13/03/2025
Villa Albertina,5,3,1,1,13/03/2025
Villa Centenario,4,3,1,0,13/03/2025
Villa Fiorito,4,4,0,0,13/03/2025
Villa Lamadrid,3,1,1,1,13/03/2025
Banfield,5,3,1,1,14/03/2025
Higiene Urbana,11,1,5,5,14/03/2025
Ingeniero Budge,7,5,1,1,14/03/2025
Llavallol,6,3,2,1,14/03/2025
Lomas,6,5,1,0,14/03/2025
Parque Baron,4,1,1,2,14/03/2025
San jose,7,4,3,0,14/03/2025
Santa Catalina,6,1,3,2,14/03/2025
Santa Marta,3,1,1,1,14/03/2025
Secretaria Serv. Publicos,5,3,1,1,14/03/2025
Subse Servicios Urbanos,21,14,4,3,14/03/2025
Temperley,6,3,1,2,14/03/2025
Turdera,1,1,0,0,14/03/2025
Villa Albertina,5,2,2,1,14/03/2025
Villa Centenario,4,2,1,1,14/03/2025
Villa Fiorito,4,3,1,0,14/03/2025
Villa Lamadrid,3,2,0,1,14/03/2025
Banfield,5,2,2,1,16/03/2025
Higiene Urbana,11,1,6,4,16/03/2025
Ingeniero Budge,7,4,2,1,16/03/2025
Llavallol,6,3,2,1,16/03/2025
Lomas,6,5,1,0,16/03/2025
Parque Baron,4,0,2,2,16/03/2025
San jose,7,4,3,0,16/03/2025
Santa Catalina,6,0,4,2,16/03/2025
Santa Marta,3,0,2,1,16/03/2025
Secretaria Serv. Publicos,5,3,1,1,16/03/2025
Subse Servicios Urbanos,21,14,4,3,16/03/2025
Temperley,6,3,1,2,16/03/2025
Turdera,1,1,0,0,16/03/2025
Villa Albertina,5,2,2,1,16/03/2025
Villa Centenario,4,2,1,1,16/03/2025
Villa Fiorito,4,4,0,0,16/03/2025
Villa Lamadrid,3,2,0,1,16/03/2025
Banfield,5,2,2,1,17/03/2025
Higiene Urbana,11,3,4,4,17/03/2025
Ingeniero Budge,7,5,1,1,17/03/2025
Llavallol,6,4,2,0,17/03/2025
Lomas,6,5,1,0,17/03/2025
Parque Baron,4,1,1,2,17/03/2025
San jose,7,4,3,0,17/03/2025
Santa Catalina,6,0,4,2,17/03/2025
Santa Marta,3,0,2,1,17/03/2025
Secretaria Serv. Publicos,5,3,1,1,17/03/2025
Subse Servicios Urbanos,21,15,4,2,17/03/2025
Temperley,6,3,1,2,17/03/2025
Turdera,1,1,0,0,17/03/2025
Villa Albertina,5,2,2,1,17/03/2025
Villa Centenario,4,3,0,1,17/03/2025
Villa Fiorito,4,4,0,0,17/03/2025
Villa Lamadrid,3,2,0,1,17/03/2025
Banfield,5,2,2,1,18/03/2025
Higiene Urbana,11,4,4,3,18/03/2025
Ingeniero Budge,7,5,1,1,18/03/2025
Llavallol,6,3,2,1,18/03/2025
Lomas,6,5,1,0,18/03/2025
Parque Baron,4,1,1,2,18/03/2025
San jose,7,4,3,0,18/03/2025
Santa Catalina,6,0,4,2,18/03/2025
Santa Marta,3,0,2,1,18/03/2025
Secretaria Serv. Publicos,5,3,1,1,18/03/2025
Subse Servicios Urbanos,21,14,4,3,18/03/2025
Temperley,6,3,1,2,18/03/2025
Turdera,1,1,0,0,18/03/2025
Villa Albertina,5,2,2,1,18/03/2025
Villa Centenario,4,3,0,1,18/03/2025
Villa Fiorito,4,4,0,0,18/03/2025
Villa Lamadrid,3,2,0,1,18/03/2025
Banfield,5,2,2,1,19/03/2025
Higiene Urbana,12,3,5,4,19/03/2025
Ingeniero Budge,7,5,1,1,19/03/2025
Llavallol,6,3,2,1,19/03/2025
Lomas,6,5,1,0,19/03/2025
Parque Baron,4,1,1,2,19/03/2025
San jose,7,5,2,0,19/03/2025
Santa Catalina,6,0,4,2,19/03/2025
Santa Marta,3,0,2,1,19/03/2025
Secretaria Serv. Publicos,5,3,1,1,19/03/2025
Subse Servicios Urbanos,20,14,4,2,19/03/2025
Temperley,6,4,0,2,19/03/2025
Turdera,1,1,0,0,19/03/2025
Villa Albertina,5,2,2,1,19/03/2025
Villa Centenario,4,3,0,1,19/03/2025
Villa Fiorito,4,4,0,0,19/03/2025
Villa Lamadrid,3,2,0,1,19/03/2025
Banfield,5,2,2,1,20/03/2025
Higiene Urbana,12,3,5,4,20/03/2025
Ingeniero Budge,7,5,1,1,20/03/2025
Llavallol,6,3,2,1,20/03/2025
Lomas,6,5,1,0,20/03/2025
Parque Baron,4,1,1,2,20/03/2025
San jose,7,4,3,0,20/03/2025
Santa Catalina,6,0,4,2,20/03/2025
Santa Marta,3,0,2,1,20/03/2025
Secretaria Serv. Publicos,5,4,0,1,20/03/2025
Subse Servicios Urbanos,20,14,4,2,20/03/2025
Temperley,6,3,1,2,20/03/2025
Turdera,1,1,0,0,20/03/2025
Villa Albertina,5,2,2,1,20/03/2025
Villa Centenario,4,3,0,1,20/03/2025
Villa Fiorito,4,3,1,0,20/03/2025
Villa Lamadrid,3,2,0,1,20/03/2025
Banfield,5,3,1,1,21/03/2025
Higiene Urbana,12,0,7,5,21/03/2025
Ingeniero Budge,7,5,1,1,21/03/2025
Llavallol,6,4,1,1,21/03/2025
Lomas,6,5,1,0,21/03/2025
Parque Baron,4,1,1,2,21/03/2025
San jose,7,5,2,0,21/03/2025
Santa Catalina,6,1,3,2,21/03/2025
Santa Marta,3,0,2,1,21/03/2025
Secretaria Serv. Publicos,5,4,0,1,21/03/2025
Subse Servicios Urbanos,20,12,6,2,21/03/2025
Temperley,6,3,1,2,21/03/2025
Turdera,1,1,0,0,21/03/2025
Villa Albertina,5,4,1,0,21/03/2025
Villa Centenario,4,3,0,1,21/03/2025
Villa Fiorito,4,3,1,0,21/03/2025
Villa Lamadrid,3,1,1,1,21/03/2025
Banfield,5,1,3,1,23/03/2025
Higiene Urbana,12,0,7,5,23/03/2025
Ingeniero Budge,7,3,3,1,23/03/2025
Llavallol,6,0,5,1,23/03/2025
Lomas,6,2,4,0,23/03/2025
Parque Baron,4,1,1,2,23/03/2025
San jose,7,3,4,0,23/03/2025
Santa Catalina,6,0,4,2,23/03/2025
Santa Marta,3,0,2,1,23/03/2025
Secretaria Serv. Publicos,5,4,0,1,23/03/2025
Subse Servicios Urbanos,20,8,10,2,23/03/2025
Temperley,6,2,2,2,23/03/2025
Turdera,1,0,1,0,23/03/2025
Villa Albertina,5,0,3,2,23/03/2025
Villa Centenario,4,1,2,1,23/03/2025
Villa Fiorito,4,0,4,0,23/03/2025
Villa Lamadrid,3,0,2,1,23/03/2025
Banfield,5,2,2,1,24/03/2025
Higiene Urbana,12,3,6,3,24/03/2025
Ingeniero Budge,7,5,1,1,24/03/2025
Llavallol,6,3,2,1,24/03/2025
Lomas,6,5,1,0,24/03/2025
Parque Baron,4,1,1,2,24/03/2025
San jose,7,5,2,0,24/03/2025
Santa Catalina,6,0,4,2,24/03/2025
Santa Marta,3,0,2,1,24/03/2025
Secretaria Serv. Publicos,5,4,0,1,24/03/2025
Subse Servicios Urbanos,20,15,4,1,24/03/2025
Temperley,6,3,1,2,24/03/2025
Turdera,1,1,0,0,24/03/2025
Villa Albertina,5,2,2,1,24/03/2025
Villa Centenario,4,3,0,1,24/03/2025
Villa Fiorito,4,4,0,0,24/03/2025
Villa Lamadrid,3,2,0,1,24/03/2025
Banfield,5,2,2,1,25/03/2025
Higiene Urbana,12,3,5,4,25/03/2025
Ingeniero Budge,7,4,2,1,25/03/2025
Llavallol,6,3,2,1,25/03/2025
Lomas,6,4,2,0,25/03/2025
Parque Baron,4,1,1,2,25/03/2025
San jose,7,5,2,0,25/03/2025
Santa Catalina,6,1,4,1,25/03/2025
Santa Marta,3,0,2,1,25/03/2025
Secretaria Serv. Publicos,5,4,0,1,25/03/2025
Subse Servicios Urbanos,20,15,4,1,25/03/2025
Temperley,6,3,1,2,25/03/2025
Turdera,1,1,0,0,25/03/2025
Villa Albertina,5,3,1,1,25/03/2025
Villa Centenario,4,3,0,1,25/03/2025
Villa Fiorito,4,3,1,0,25/03/2025
Villa Lamadrid,3,2,0,1,25/03/2025
Banfield,4,3,0,1,26/03/2025
Higiene Urbana,12,3,6,3,26/03/2025
Ingeniero Budge,7,4,2,1,26/03/2025
Llavallol,6,5,1,0,26/03/2025
Lomas,6,5,1,0,26/03/2025
Parque Baron,4,1,1,2,26/03/2025
San jose,7,5,2,0,26/03/2025
Santa Catalina,7,1,3,2,26/03/2025
Santa Marta,3,0,3,1,26/03/2025
Secretaria Serv. Publicos,5,4,0,1,26/03/2025
Subse Servicios Urbanos,20,16,3,1,26/03/2025
Temperley,6,3,1,2,26/03/2025
Turdera,1,1,0,0,26/03/2025
Villa Albertina,5,1,2,2,26/03/2025
Villa Centenario,4,1,2,1,26/03/2025
Villa Fiorito,4,3,1,0,26/03/2025
Villa Lamadrid,3,1,1,1,26/03/2025
Banfield,4,2,1,1,27/03/2025
Higiene Urbana,12,6,3,3,27/03/2025
Ingeniero Budge,7,4,2,1,27/03/2025
Llavallol,6,5,1,0,27/03/2025
Lomas,6,4,2,0,27/03/2025
Parque Baron,4,1,1,2,27/03/2025
San jose,7,5,2,0,27/03/2025
Santa Catalina,7,2,3,2,27/03/2025
Santa Marta,3,0,2,1,27/03/2025
Secretaria Serv. Publicos,5,4,0,1,27/03/2025
Subse Servicios Urbanos,20,15,4,1,27/03/2025
Temperley,6,4,0,2,27/03/2025
Turdera,1,1,0,0,27/03/2025
Villa Albertina,5,2,1,2,27/03/2025
Villa Centenario,4,3,0,1,27/03/2025
Villa Fiorito,4,3,1,0,27/03/2025
Villa Lamadrid,3,2,0,1,27/03/2025
Banfield,4,2,1,1,28/03/2025
Higiene Urbana,12,4,5,3,28/03/2025
Ingeniero Budge,7,5,1,1,28/03/2025
Llavallol,6,4,1,1,28/03/2025
Lomas,6,4,2,0,28/03/2025
Parque Baron,4,1,1,2,28/03/2025
San jose,7,4,3,0,28/03/2025
Santa Catalina,7,2,3,2,28/03/2025
Santa Marta,3,1,1,1,28/03/2025
Secretaria Serv. Publicos,5,4,0,1,28/03/2025
Subse Servicios Urbanos,20,16,3,1,28/03/2025
Temperley,6,4,0,2,28/03/2025
Turdera,1,1,0,0,28/03/2025
Villa Albertina,5,3,2,0,28/03/2025
Villa Centenario,4,2,1,1,28/03/2025
Villa Fiorito,4,3,1,0,28/03/2025
Villa Lamadrid,3,1,1,1,28/03/2025
Banfield,4,2,1,1,30/03/2025
Higiene Urbana,12,8,1,3,30/03/2025
Ingeniero Budge,7,4,2,1,30/03/2025
Llavallol,6,3,2,1,30/03/2025
Lomas,6,4,2,0,30/03/2025
Parque Baron,4,1,1,2,30/03/2025
San jose,7,4,3,0,30/03/2025
Santa Catalina,7,2,3,2,30/03/2025
Santa Marta,3,1,1,1,30/03/2025
Secretaria Serv. Publicos,5,3,1,1,30/03/2025
Subse Servicios Urbanos,20,15,4,1,30/03/2025
Temperley,6,2,2,2,30/03/2025
Turdera,1,1,0,0,30/03/2025
Villa Albertina,5,2,2,1,30/03/2025
Villa Centenario,4,3,0,1,30/03/2025
Villa Fiorito,4,3,1,0,30/03/2025
Villa Lamadrid,3,2,0,1,30/03/2025
Banfield,4,2,1,1,31/03/2025
Higiene Urbana,12,4,4,4,31/03/2025
Ingeniero Budge,7,4,2,1,31/03/2025
Llavallol,6,2,3,1,31/03/2025
Lomas,6,4,2,0,31/03/2025
Parque Baron,4,1,1,2,31/03/2025
San jose,7,6,1,0,31/03/2025
Santa Catalina,7,1,4,2,31/03/2025
Santa Marta,3,1,1,1,31/03/2025
Secretaria Serv. Publicos,5,4,0,1,31/03/2025
Subse Servicios Urbanos,20,16,3,1,31/03/2025
Temperley,6,4,0,2,31/03/2025
Turdera,1,1,0,0,31/03/2025
Villa Albertina,5,1,3,1,31/03/2025
Villa Centenario,4,3,0,1,31/03/2025
Villa Fiorito,4,3,1,0,31/03/2025
Villa Lamadrid,3,1,1,1,31/03/2025
Banfield,4,0,3,1,01/04/2025
Higiene Urbana,12,0,7,5,01/04/2025
Ingeniero Budge,7,0,6,1,01/04/2025
Llavallol,6,0,5,1,01/04/2025
Lomas,6,2,4,0,01/04/2025
Parque Baron,4,1,1,2,01/04/2025
San jose,7,1,6,0,01/04/2025
Santa Catalina,7,2,3,2,01/04/2025
Santa Marta,3,1,1,1,01/04/2025
Secretaria Serv. Publicos,5,3,1,1,01/04/2025
Subse Servicios Urbanos,20,4,14,2,01/04/2025
Temperley,6,2,2,2,01/04/2025
Turdera,1,0,1,0,01/04/2025
Villa Albertina,5,0,3,2,01/04/2025
Villa Centenario,4,0,3,1,01/04/2025
Villa Fiorito,4,0,4,0,01/04/2025
Villa Lamadrid,3,0,2,1,01/04/2025
Banfield,4,2,1,1,02/04/2025
Higiene Urbana,12,4,4,4,02/04/2025
Ingeniero Budge,7,5,1,1,02/04/2025
Llavallol,6,4,2,0,02/04/2025
Lomas,6,5,1,0,02/04/2025
Parque Baron,4,1,1,2,02/04/2025
San jose,7,6,1,0,02/04/2025
Santa Catalina,7,2,3,2,02/04/2025
Santa Marta,3,0,2,1,02/04/2025
Secretaria Serv. Publicos,5,4,0,1,02/04/2025
Subse Servicios Urbanos,20,15,4,1,02/04/2025
Temperley,6,4,0,2,02/04/2025
Turdera,1,1,0,0,02/04/2025
Villa Albertina,5,2,2,1,02/04/2025
Villa Centenario,4,3,0,1,02/04/2025
Villa Fiorito,4,3,1,0,02/04/2025
Villa Lamadrid,3,2,0,1,02/04/2025
Banfield,4,2,1,1,03/04/2025
Higiene Urbana,12,3,5,4,03/04/2025
Ingeniero Budge,7,4,2,1,03/04/2025
Llavallol,6,4,2,0,03/04/2025
Lomas,6,4,2,0,03/04/2025
Parque Baron,4,1,1,2,03/04/2025
San jose,7,5,2,0,03/04/2025
Santa Catalina,7,3,3,1,03/04/2025
Santa Marta,3,1,1,1,03/04/2025
Secretaria Serv. Publicos,5,3,0,2,03/04/2025
Subse Servicios Urbanos,20,15,4,1,03/04/2025
Temperley,6,4,0,2,03/04/2025
Turdera,1,1,0,0,03/04/2025
Villa Albertina,5,2,2,1,03/04/2025
Villa Centenario,4,3,0,1,03/04/2025
Villa Fiorito,4,3,1,0,03/04/2025
Villa Lamadrid,3,1,1,1,03/04/2025
Banfield,4,2,1,1,04/04/2025
Higiene Urbana,12,2,6,4,04/04/2025
Ingeniero Budge,7,4,2,1,04/04/2025
Llavallol,6,4,2,0,04/04/2025
Lomas,6,4,2,0,04/04/2025
Parque Baron,4,1,1,2,04/04/2025
San jose,7,5,2,0,04/04/2025
Santa Catalina,7,2,4,1,04/04/2025
Santa Marta,3,1,1,1,04/04/2025
Secretaria Serv. Publicos,5,3,0,2,04/04/2025
Subse Servicios Urbanos,20,14,5,1,04/04/2025
Temperley,6,4,0,2,04/04/2025
Turdera,1,1,0,0,04/04/2025
Villa Albertina,5,3,1,1,04/04/2025
Villa Centenario,4,2,1,1,04/04/2025
Villa Fiorito,4,3,1,0,04/04/2025
Villa Lamadrid,3,2,0,1,04/04/2025
Banfield,4,2,1,1,07/04/2025
Higiene Urbana,12,5,3,4,07/04/2025
Ingeniero Budge,7,4,2,1,07/04/2025
Llavallol,6,4,2,0,07/04/2025
Lomas,6,4,2,0,07/04/2025
Parque Baron,4,1,1,2,07/04/2025
San jose,7,5,2,0,07/04/2025
Santa Catalina,7,3,3,1,07/04/2025
Santa Marta,3,1,1,1,07/04/2025
Secretaria Serv. Publicos,5,4,0,1,07/04/2025
Subse Servicios Urbanos,20,14,4,2,07/04/2025
Temperley,6,4,0,2,07/04/2025
Turdera,1,1,0,0,07/04/2025
Villa Albertina,5,3,1,1,07/04/2025
Villa Centenario,4,2,1,1,07/04/2025
Villa Fiorito,4,4,0,0,07/04/2025
Villa Lamadrid,3,2,0,1,07/04/2025
Banfield,4,2,1,1,08/04/2025
Higiene Urbana,12,6,3,3,08/04/2025
Ingeniero Budge,7,5,1,1,08/04/2025
Llavallol,6,4,2,0,08/04/2025
Lomas,6,5,1,0,08/04/2025
Parque Baron,4,1,1,2,08/04/2025
San jose,7,5,2,0,08/04/2025
Santa Catalina,7,3,3,1,08/04/2025
Santa Marta,3,1,1,1,08/04/2025
Secretaria Serv. Publicos,5,4,0,1,08/04/2025
Subse Servicios Urbanos,20,15,3,2,08/04/2025
Temperley,6,3,1,2,08/04/2025
Turdera,1,1,0,0,08/04/2025
Villa Albertina,5,4,1,0,08/04/2025
Villa Centenario,4,2,1,1,08/04/2025
Villa Fiorito,4,3,1,0,08/04/2025
Villa Lamadrid,3,2,0,1,08/04/2025
Banfield,4,1,2,1,09/04/2025
Higiene Urbana,12,1,7,4,09/04/2025
Ingeniero Budge,7,0,6,1,09/04/2025
Llavallol,6,0,5,1,09/04/2025
Lomas,6,0,6,0,09/04/2025
Parque Baron,4,0,2,2,09/04/2025
San jose,7,1,6,0,09/04/2025
Santa Catalina,7,1,4,2,09/04/2025
Santa Marta,3,1,1,1,09/04/2025
Secretaria Serv. Publicos,5,3,1,1,09/04/2025
Subse Servicios Urbanos,20,6,12,2,09/04/2025
Temperley,6,1,3,2,09/04/2025
Turdera,1,1,0,0,09/04/2025
Villa Albertina,5,0,3,2,09/04/2025
Villa Centenario,4,2,1,1,09/04/2025
Villa Fiorito,4,0,4,0,09/04/2025
Villa Lamadrid,3,0,2,1,09/04/2025
Banfield,4,2,1,1,06/04/2025
Higiene Urbana,12,5,3,4,06/04/2025
Ingeniero Budge,7,5,1,1,06/04/2025
Llavallol,6,5,1,0,06/04/2025
Lomas,6,4,2,0,06/04/2025
Parque Baron,4,1,1,2,06/04/2025
San jose,7,4,3,0,06/04/2025
Santa Catalina,7,3,2,2,06/04/2025
Santa Marta,3,1,1,1,06/04/2025
Secretaria Serv. Publicos,5,3,0,2,06/04/2025
Subse Servicios Urbanos,20,14,5,1,06/04/2025
Temperley,6,3,1,2,06/04/2025
Turdera,1,1,0,0,06/04/2025
Villa Albertina,5,3,1,1,06/04/2025
Villa Centenario,4,2,1,1,06/04/2025
Villa Fiorito,4,3,1,0,06/04/2025
Villa Lamadrid,3,2,0,1,06/04/2025
Banfield,4,2,1,1,10/04/2025
Higiene Urbana,12,6,3,3,10/04/2025
Ingeniero Budge,7,5,1,1,10/04/2025
Llavallol,6,4,2,0,10/04/2025
Lomas,6,4,2,0,10/04/2025
Parque Baron,4,0,2,2,10/04/2025
San jose,7,5,2,0,10/04/2025
Santa Catalina,7,4,3,0,10/04/2025
Santa Marta,3,1,1,1,10/04/2025
Secretaria Serv. Publicos,5,4,0,1,10/04/2025
Subse Servicios Urbanos,20,15,3,2,10/04/2025
Temperley,6,3,1,2,10/04/2025
Turdera,1,1,0,0,10/04/2025
Villa Albertina,5,3,2,0,10/04/2025
Villa Centenario,4,3,0,1,10/04/2025
Villa Fiorito,4,4,0,0,10/04/2025
Villa Lamadrid,3,2,0,1,10/04/2025
Banfield,4,2,1,1,11/04/2025
Higiene Urbana,12,1,7,4,11/04/2025
Ingeniero Budge,7,5,1,1,11/04/2025
Llavallol,6,3,3,0,11/04/2025
Lomas,6,5,1,0,11/04/2025
Parque Baron,4,0,2,2,11/04/2025
San jose,7,6,1,0,11/04/2025
Santa Catalina,7,2,4,1,11/04/2025
Santa Marta,3,1,1,1,11/04/2025
Secretaria Serv. Publicos,5,3,0,2,11/04/2025
Subse Servicios Urbanos,20,15,3,2,11/04/2025
Temperley,6,3,1,2,11/04/2025
Turdera,1,1,0,0,11/04/2025
Villa Albertina,5,3,1,1,11/04/2025
Villa Centenario,4,3,0,1,11/04/2025
Villa Fiorito,4,4,0,0,11/04/2025
Villa Lamadrid,3,2,0,1,11/04/2025
Banfield,4,3,0,1,13/04/2025
Higiene Urbana,12,8,1,3,13/04/2025
Ingeniero Budge,7,5,1,1,13/04/2025
Llavallol,6,5,1,0,13/04/2025
Lomas,6,4,2,0,13/04/2025
Parque Baron,4,1,1,2,13/04/2025
San jose,7,5,2,0,13/04/2025
Santa Catalina,7,3,3,1,13/04/2025
Santa Marta,3,1,1,1,13/04/2025
Secretaria Serv. Publicos,5,4,0,1,13/04/2025
Subse Servicios Urbanos,20,16,2,2,13/04/2025
Temperley,6,3,1,2,13/04/2025
Turdera,1,1,0,0,13/04/2025
Villa Albertina,5,4,1,0,13/04/2025
Villa Centenario,4,3,0,1,13/04/2025
Villa Fiorito,4,4,0,0,13/04/2025
Villa Lamadrid,3,2,0,1,13/04/2025
Banfield,4,2,1,1,14/04/2025
Higiene Urbana,12,5,3,4,14/04/2025
Ingeniero Budge,7,5,1,1,14/04/2025
Llavallol,6,4,2,0,14/04/2025
Lomas,6,5,1,0,14/04/2025
Parque Baron,4,2,0,2,14/04/2025
San jose,7,5,2,0,14/04/2025
Santa Catalina,7,3,3,1,14/04/2025
Santa Marta,3,1,1,1,14/04/2025
Secretaria Serv. Publicos,5,4,0,1,14/04/2025
Subse Servicios Urbanos,20,15,3,2,14/04/2025
Temperley,6,3,1,2,14/04/2025
Turdera,1,1,0,0,14/04/2025
Villa Albertina,5,4,1,0,14/04/2025
Villa Centenario,4,3,0,1,14/04/2025
Villa Fiorito,4,4,0,0,14/04/2025
Villa Lamadrid,3,2,0,1,14/04/2025
Banfield,4,3,0,1,15/04/2025
Higiene Urbana,12,4,4,4,15/04/2025
Ingeniero Budge,7,4,2,1,15/04/2025
Llavallol,6,4,2,0,15/04/2025
Lomas,6,5,1,0,15/04/2025
Parque Baron,4,1,1,2,15/04/2025
San jose,7,5,2,0,15/04/2025
Santa Catalina,7,3,3,1,15/04/2025
Santa Marta,3,1,1,1,15/04/2025
Secretaria Serv. Publicos,5,3,0,2,15/04/2025
Subse Servicios Urbanos,20,14,4,2,15/04/2025
Temperley,6,3,1,2,15/04/2025
Turdera,1,1,0,0,15/04/2025
Villa Albertina,5,4,1,0,15/04/2025
Villa Centenario,4,2,1,1,15/04/2025
Villa Fiorito,4,4,0,0,15/04/2025
Villa Lamadrid,3,2,0,1,15/04/2025
Banfield,4,1,2,1,18/04/2025
Higiene Urbana,12,1,6,5,18/04/2025
Ingeniero Budge,7,4,2,1,18/04/2025
Llavallol,6,2,3,1,18/04/2025
Lomas,6,4,2,0,18/04/2025
Parque Baron,4,1,1,2,18/04/2025
San jose,7,4,3,0,18/04/2025
Santa Catalina,7,1,4,2,18/04/2025
Santa Marta,3,1,1,1,18/04/2025
Secretaria Serv. Publicos,5,3,0,2,18/04/2025
Subse Servicios Urbanos,20,11,7,2,18/04/2025
Temperley,6,3,1,2,18/04/2025
Turdera,1,1,0,0,18/04/2025
Villa Albertina,5,3,2,0,18/04/2025
Villa Centenario,4,2,1,1,18/04/2025
Villa Fiorito,4,3,1,0,18/04/2025
Villa Lamadrid,3,0,2,1,18/04/2025
Banfield,4,3,0,1,20/04/2025
Higiene Urbana,12,3,5,4,20/04/2025
Ingeniero Budge,7,4,2,1,20/04/2025
Llavallol,6,4,2,0,20/04/2025
Lomas,6,5,1,0,20/04/2025
Parque Baron,4,2,0,2,20/04/2025
San jose,7,4,3,0,20/04/2025
Santa Catalina,7,3,3,1,20/04/2025
Santa Marta,3,0,2,1,20/04/2025
Secretaria Serv. Publicos,5,4,0,1,20/04/2025
Subse Servicios Urbanos,20,14,4,2,20/04/2025
Temperley,6,2,2,2,20/04/2025
Turdera,1,1,0,0,20/04/2025
Villa Albertina,5,4,1,0,20/04/2025
Villa Centenario,4,2,1,1,20/04/2025
Villa Fiorito,4,3,1,0,20/04/2025
Villa Lamadrid,3,2,0,1,20/04/2025
Banfield,4,3,0,1,21/04/2025
Higiene Urbana,12,4,4,4,21/04/2025
Ingeniero Budge,7,5,1,1,21/04/2025
Llavallol,6,4,2,0,21/04/2025
Lomas,6,2,4,0,21/04/2025
Parque Baron,4,1,1,2,21/04/2025
San jose,7,4,3,0,21/04/2025
Santa Catalina,7,2,4,1,21/04/2025
Santa Marta,3,0,2,1,21/04/2025
Secretaria Serv. Publicos,5,4,0,1,21/04/2025
Subse Servicios Urbanos,20,13,5,2,21/04/2025
Temperley,6,3,1,2,21/04/2025
Turdera,1,1,0,0,21/04/2025
Villa Albertina,5,4,1,0,21/04/2025
Villa Centenario,4,2,1,1,21/04/2025
Villa Fiorito,4,3,1,0,21/04/2025
Villa Lamadrid,3,2,0,1,21/04/2025
Banfield,4,3,0,1,22/04/2025
Higiene Urbana,12,5,3,4,22/04/2025
Ingeniero Budge,7,5,1,1,22/04/2025
Llavallol,6,5,1,0,22/04/2025
Lomas,6,5,1,0,22/04/2025
Parque Baron,4,1,1,2,22/04/2025
San jose,7,4,3,0,22/04/2025
Santa Catalina,7,3,3,1,22/04/2025
Santa Marta,3,1,1,1,22/04/2025
Secretaria Serv. Publicos,6,4,1,1,22/04/2025
Subse Servicios Urbanos,20,14,4,2,22/04/2025
Temperley,5,2,2,1,22/04/2025
Turdera,1,1,0,0,22/04/2025
Villa Albertina,4,4,0,0,22/04/2025
Villa Centenario,4,3,0,1,22/04/2025
Villa Fiorito,4,3,1,0,22/04/2025
Villa Lamadrid,3,1,1,1,22/04/2025
Banfield,4,3,0,1,23/04/2025
Higiene Urbana,12,5,4,3,23/04/2025
Ingeniero Budge,7,5,1,1,23/04/2025
Llavallol,6,4,2,0,23/04/2025
Lomas,6,5,1,0,23/04/2025
Parque Baron,4,1,1,2,23/04/2025
San jose,7,4,3,0,23/04/2025
Santa Catalina,7,4,2,1,23/04/2025
Santa Marta,3,0,2,1,23/04/2025
Secretaria Serv. Publicos,6,4,1,1,23/04/2025
Subse Servicios Urbanos,20,14,4,2,23/04/2025
Temperley,5,2,2,1,23/04/2025
Turdera,1,0,1,0,23/04/2025
Villa Albertina,4,4,0,0,23/04/2025
Villa Centenario,4,3,0,1,23/04/2025
Villa Fiorito,4,3,1,0,23/04/2025
Villa Lamadrid,3,1,1,1,23/04/2025
Banfield,4,3,0,1,24/04/2025
Higiene Urbana,12,4,4,4,24/04/2025
Ingeniero Budge,7,5,1,1,24/04/2025
Llavallol,6,4,2,0,24/04/2025
Lomas,6,5,1,0,24/04/2025
Parque Baron,4,1,1,2,24/04/2025
San jose,7,4,3,0,24/04/2025
Santa Catalina,7,3,3,1,24/04/2025
Santa Marta,3,0,2,1,24/04/2025
Secretaria Serv. Publicos,6,3,1,2,24/04/2025
Subse Servicios Urbanos,20,13,5,2,24/04/2025
Temperley,5,2,2,1,24/04/2025
Turdera,1,1,0,0,24/04/2025
Villa Albertina,4,4,0,0,24/04/2025
Villa Centenario,4,3,0,1,24/04/2025
Villa Fiorito,4,3,1,0,24/04/2025
Villa Lamadrid,3,1,1,1,24/04/2025
Banfield,4,3,0,1,25/04/2025
Higiene Urbana,12,2,6,4,25/04/2025
Ingeniero Budge,7,5,1,1,25/04/2025
Llavallol,6,4,2,0,25/04/2025
Lomas,6,5,1,0,25/04/2025
Parque Baron,4,1,1,2,25/04/2025
San jose,7,4,3,0,25/04/2025
Santa Catalina,7,1,4,2,25/04/2025
Santa Marta,3,0,2,1,25/04/2025
Secretaria Serv. Publicos,6,3,2,2,25/04/2025
Subse Servicios Urbanos,20,14,5,1,25/04/2025
Temperley,5,3,1,1,25/04/2025
Turdera,1,1,0,0,25/04/2025
Villa Albertina,4,4,0,0,25/04/2025
Villa Centenario,4,3,0,1,25/04/2025
Villa Fiorito,4,3,1,0,25/04/2025
Villa Lamadrid,3,1,1,1,25/04/2025
Banfield,4,2,1,1,27/04/2025
Higiene Urbana,12,1,6,5,27/04/2025
Ingeniero Budge,7,3,3,1,27/04/2025
Llavallol,6,1,4,1,27/04/2025
Lomas,6,1,5,0,27/04/2025
Parque Baron,4,0,2,2,27/04/2025
San jose,7,0,7,0,27/04/2025
Santa Catalina,7,1,4,2,27/04/2025
Santa Marta,3,0,2,1,27/04/2025
Secretaria Serv. Publicos,6,2,2,2,27/04/2025
Subse Servicios Urbanos,20,11,7,2,27/04/2025
Temperley,5,2,2,1,27/04/2025
Turdera,1,0,1,0,27/04/2025
Villa Albertina,4,0,2,2,27/04/2025
Villa Centenario,4,0,3,1,27/04/2025
Villa Fiorito,4,3,1,0,27/04/2025
Villa Lamadrid,3,0,2,1,27/04/2025
Banfield,4,2,1,1,28/04/2025
Higiene Urbana,12,5,4,3,28/04/2025
Ingeniero Budge,7,6,0,1,28/04/2025
Llavallol,6,3,3,0,28/04/2025
Lomas,6,2,4,0,28/04/2025
Parque Baron,4,0,2,2,28/04/2025
San jose,7,3,4,0,28/04/2025
Santa Catalina,7,3,3,1,28/04/2025
Santa Marta,3,0,2,1,28/04/2025
Secretaria Serv. Publicos,6,4,1,1,28/04/2025
Subse Servicios Urbanos,20,16,2,2,28/04/2025
Temperley,5,3,1,1,28/04/2025
Turdera,1,0,1,0,28/04/2025
Villa Albertina,4,4,0,0,28/04/2025
Villa Centenario,4,3,0,1,28/04/2025
Villa Fiorito,4,2,2,0,28/04/2025
Villa Lamadrid,3,2,0,1,28/04/2025
Banfield,4,3,0,1,29/04/2025
Higiene Urbana,12,5,3,4,29/04/2025
Ingeniero Budge,7,6,1,0,29/04/2025
Llavallol,6,4,2,0,29/04/2025
Lomas,6,5,1,0,29/04/2025
Parque Baron,4,1,1,2,29/04/2025
San jose,7,3,4,0,29/04/2025
Santa Catalina,7,3,3,1,29/04/2025
Santa Marta,3,0,2,1,29/04/2025
Secretaria Serv. Publicos,6,2,2,2,29/04/2025
Subse Servicios Urbanos,20,12,6,2,29/04/2025
Temperley,5,3,1,1,29/04/2025
Turdera,1,1,0,0,29/04/2025
Villa Albertina,4,2,1,1,29/04/2025
Villa Centenario,4,3,0,1,29/04/2025
Villa Fiorito,4,3,1,0,29/04/2025
Villa Lamadrid,3,2,0,1,29/04/2025
Banfield,4,2,1,1,01/05/2025
Higiene Urbana,12,2,5,5,01/05/2025
Ingeniero Budge,7,3,4,0,01/05/2025
Llavallol,6,1,4,1,01/05/2025
Lomas,6,3,3,0,01/05/2025
Parque Baron,4,1,1,2,01/05/2025
San jose,7,0,7,0,01/05/2025
Santa Catalina,7,2,3,2,01/05/2025
Santa Marta,3,1,1,1,01/05/2025
Secretaria Serv. Publicos,6,4,1,1,01/05/2025
Subse Servicios Urbanos,20,15,3,2,01/05/2025
Temperley,5,3,1,1,01/05/2025
Turdera,1,0,1,0,01/05/2025
Villa Albertina,4,2,1,1,01/05/2025
Villa Centenario,4,1,2,1,01/05/2025
Villa Fiorito,4,2,2,0,01/05/2025
Villa Lamadrid,3,0,2,1,01/05/2025
Banfield,4,3,0,1,02/05/2025
Higiene Urbana,12,0,7,5,02/05/2025
Ingeniero Budge,7,6,1,0,02/05/2025
Llavallol,6,4,2,0,02/05/2025
Lomas,6,5,1,0,02/05/2025
Parque Baron,4,2,0,2,02/05/2025
San jose,7,3,4,0,02/05/2025
Santa Catalina,7,2,4,1,02/05/2025
Santa Marta,3,1,1,1,02/05/2025
Secretaria Serv. Publicos,6,4,0,2,02/05/2025
Subse Servicios Urbanos,20,12,6,2,02/05/2025
Temperley,5,4,0,1,02/05/2025
Turdera,1,1,0,0,02/05/2025
Villa Albertina,4,3,1,0,02/05/2025
Villa Centenario,4,3,0,1,02/05/2025
Villa Fiorito,4,3,1,0,02/05/2025
Villa Lamadrid,3,2,0,1,02/05/2025
Banfield,4,3,0,1,04/05/2025
Higiene Urbana,12,5,3,4,04/05/2025
Ingeniero Budge,7,5,1,1,04/05/2025
Llavallol,6,4,2,0,04/05/2025
Lomas,6,5,1,0,04/05/2025
Parque Baron,4,1,1,2,04/05/2025
San jose,7,3,4,0,04/05/2025
Santa Catalina,7,3,3,1,04/05/2025
Santa Marta,3,1,1,1,04/05/2025
Secretaria Serv. Publicos,6,3,1,2,04/05/2025
Subse Servicios Urbanos,20,14,4,2,04/05/2025
Temperley,5,3,1,1,04/05/2025
Turdera,1,1,0,0,04/05/2025
Villa Albertina,4,2,1,1,04/05/2025
Villa Centenario,4,2,1,1,04/05/2025
Villa Fiorito,4,3,1,0,04/05/2025
Villa Lamadrid,3,2,0,1,04/05/2025
Banfield,4,2,1,1,05/05/2025
Higiene Urbana,12,4,4,4,05/05/2025
Ingeniero Budge,7,5,1,1,05/05/2025
Llavallol,6,5,1,0,05/05/2025
Lomas,6,4,2,0,05/05/2025
Parque Baron,4,1,1,2,05/05/2025
San jose,7,3,4,0,05/05/2025
Santa Catalina,7,3,3,1,05/05/2025
Santa Marta,3,0,2,1,05/05/2025
Secretaria Serv. Publicos,6,3,1,2,05/05/2025
Subse Servicios Urbanos,20,12,6,2,05/05/2025
Temperley,5,2,2,1,05/05/2025
Turdera,1,1,0,0,05/05/2025
Villa Albertina,4,2,1,1,05/05/2025
Villa Centenario,4,2,1,1,05/05/2025
Villa Fiorito,4,3,1,0,05/05/2025
Villa Lamadrid,3,2,0,1,05/05/2025
Banfield,4,3,0,1,06/05/2025
Higiene Urbana,12,5,3,4,06/05/2025
Ingeniero Budge,7,5,1,1,06/05/2025
Llavallol,6,5,1,0,06/05/2025
Lomas,6,4,2,0,06/05/2025
Parque Baron,4,1,1,2,06/05/2025
San jose,7,4,3,0,06/05/2025
Santa Catalina,7,4,2,1,06/05/2025
Santa Marta,3,0,2,1,06/05/2025
Secretaria Serv. Publicos,6,4,1,1,06/05/2025
Subse Servicios Urbanos,20,12,6,2,06/05/2025
Temperley,5,4,0,1,06/05/2025
Turdera,1,1,0,0,06/05/2025
Villa Albertina,4,2,1,1,06/05/2025
Villa Centenario,4,3,0,1,06/05/2025
Villa Fiorito,4,3,1,0,06/05/2025
Villa Lamadrid,3,2,0,1,06/05/2025
Banfield,4,3,0,1,07/05/2025
Higiene Urbana,12,5,3,4,07/05/2025
Ingeniero Budge,7,5,1,1,07/05/2025
Llavallol,6,5,1,0,07/05/2025
Lomas,6,3,3,0,07/05/2025
Parque Baron,4,2,0,2,07/05/2025
San jose,7,4,3,0,07/05/2025
Santa Catalina,7,4,3,0,07/05/2025
Santa Marta,3,1,1,1,07/05/2025
Secretaria Serv. Publicos,6,4,1,1,07/05/2025
Subse Servicios Urbanos,20,13,5,2,07/05/2025
Temperley,5,4,0,1,07/05/2025
Turdera,1,1,0,0,07/05/2025
Villa Albertina,4,2,1,1,07/05/2025
Villa Centenario,4,3,0,1,07/05/2025
Villa Fiorito,4,3,1,0,07/05/2025
Villa Lamadrid,3,2,0,1,07/05/2025
Banfield,4,3,0,1,08/05/2025
Higiene Urbana,12,5,3,4,08/05/2025
Ingeniero Budge,7,5,1,1,08/05/2025
Llavallol,6,5,1,0,08/05/2025
Lomas,6,6,0,0,08/05/2025
Parque Baron,4,2,0,2,08/05/2025
San jose,7,5,2,0,08/05/2025
Santa Catalina,7,4,3,0,08/05/2025
Santa Marta,3,2,0,1,08/05/2025
Secretaria Serv. Publicos,6,4,0,2,08/05/2025
Subse Servicios Urbanos,20,14,4,2,08/05/2025
Temperley,5,3,1,1,08/05/2025
Turdera,1,1,0,0,08/05/2025
Villa Albertina,4,3,0,1,08/05/2025
Villa Centenario,4,2,1,1,08/05/2025
Villa Fiorito,4,3,1,0,08/05/2025
Villa Lamadrid,3,2,0,1,08/05/2025
Banfield,4,2,1,1,09/05/2025
Higiene Urbana,12,1,6,5,09/05/2025
Ingeniero Budge,7,4,1,2,09/05/2025
Llavallol,6,6,0,0,09/05/2025
Lomas,6,5,1,0,09/05/2025
Parque Baron,4,2,0,2,09/05/2025
San jose,7,5,2,0,09/05/2025
Santa Catalina,7,2,4,1,09/05/2025
Santa Marta,3,1,1,1,09/05/2025
Secretaria Serv. Publicos,6,5,0,1,09/05/2025
Subse Servicios Urbanos,20,13,5,2,09/05/2025
Temperley,5,3,1,1,09/05/2025
Turdera,1,1,0,0,09/05/2025
Villa Albertina,4,3,0,1,09/05/2025
Villa Centenario,4,1,2,1,09/05/2025
Villa Fiorito,4,3,1,0,09/05/2025
Villa Lamadrid,3,2,0,1,09/05/2025
Banfield,4,3,0,1,11/05/2025
Higiene Urbana,12,5,3,4,11/05/2025
Ingeniero Budge,7,4,1,2,11/05/2025
Llavallol,6,5,1,0,11/05/2025
Lomas,6,6,0,0,11/05/2025
Parque Baron,4,2,0,2,11/05/2025
San jose,7,5,2,0,11/05/2025
Santa Catalina,7,2,3,2,11/05/2025
Santa Marta,3,2,0,1,11/05/2025
Secretaria Serv. Publicos,6,5,0,1,11/05/2025
Subse Servicios Urbanos,20,13,5,2,11/05/2025
Temperley,5,2,2,1,11/05/2025
Turdera,1,1,0,0,11/05/2025
Villa Albertina,4,2,1,1,11/05/2025
Villa Centenario,4,3,0,1,11/05/2025
Villa Fiorito,4,2,2,0,11/05/2025
Villa Lamadrid,3,1,1,1,11/05/2025
Banfield,4,3,0,1,12/05/2025
Higiene Urbana,10,5,2,3,12/05/2025
Ingeniero Budge,5,3,1,1,12/05/2025
Llavallol,7,6,1,0,12/05/2025
Lomas,5,5,0,0,12/05/2025
Parque Baron,2,1,1,0,12/05/2025
San jose,6,4,2,0,12/05/2025
Santa Catalina,11,6,3,2,12/05/2025
Santa Marta,4,2,1,1,12/05/2025
Secretaria Serv. Publicos,6,4,0,2,12/05/2025
Subse Servicios Urbanos,25,17,7,1,12/05/2025
Temperley,5,3,1,1,12/05/2025
Turdera,1,1,0,0,12/05/2025
Villa Albertina,4,2,1,1,12/05/2025
Villa Centenario,4,1,2,1,12/05/2025
Villa Fiorito,4,3,1,0,12/05/2025
Villa Lamadrid,3,2,0,1,12/05/2025
Banfield,4,3,0,1,13/05/2025
Higiene Urbana,10,5,2,3,13/05/2025
Ingeniero Budge,5,3,1,1,13/05/2025
Llavallol,7,5,2,0,13/05/2025
Lomas,5,4,1,0,13/05/2025
Parque Baron,2,2,0,0,13/05/2025
San jose,6,4,2,0,13/05/2025
Santa Catalina,11,8,3,0,13/05/2025
Santa Marta,4,2,1,1,13/05/2025
Secretaria Serv. Publicos,6,4,0,2,13/05/2025
Subse Servicios Urbanos,25,18,6,1,13/05/2025
Temperley,5,3,1,1,13/05/2025
Turdera,1,1,0,0,13/05/2025
Villa Albertina,4,3,0,1,13/05/2025
Villa Centenario,4,2,1,1,13/05/2025
Villa Fiorito,4,3,1,0,13/05/2025
Villa Lamadrid,3,2,0,1,13/05/2025
Banfield,4,4,0,0,14/05/2025
Higiene Urbana,10,5,2,3,14/05/2025
Ingeniero Budge,5,3,1,1,14/05/2025
Llavallol,7,5,2,0,14/05/2025
Lomas,5,5,0,0,14/05/2025
Parque Baron,2,2,0,0,14/05/2025
San jose,6,5,1,0,14/05/2025
Santa Catalina,11,7,3,1,14/05/2025
Santa Marta,4,3,0,1,14/05/2025
Secretaria Serv. Publicos,6,4,0,2,14/05/2025
Subse Servicios Urbanos,25,17,7,1,14/05/2025
Temperley,5,3,1,1,14/05/2025
Turdera,1,1,0,0,14/05/2025
Villa Albertina,4,2,1,1,14/05/2025
Villa Centenario,4,2,1,1,14/05/2025
Villa Fiorito,4,3,1,0,14/05/2025
Villa Lamadrid,3,2,0,1,14/05/2025
Banfield,4,3,0,1,15/05/2025
Higiene Urbana,10,3,3,4,15/05/2025
Ingeniero Budge,5,2,3,0,15/05/2025
Llavallol,7,2,4,1,15/05/2025
Lomas,5,3,2,0,15/05/2025
Parque Baron,2,1,1,0,15/05/2025
San jose,6,5,1,0,15/05/2025
Santa Catalina,11,3,6,2,15/05/2025
Santa Marta,4,1,2,1,15/05/2025
Secretaria Serv. Publicos,6,3,1,2,15/05/2025
Subse Servicios Urbanos,25,16,8,1,15/05/2025
Temperley,5,3,1,1,15/05/2025
Turdera,1,1,0,0,15/05/2025
Villa Albertina,4,3,0,1,15/05/2025
Villa Centenario,4,1,2,1,15/05/2025
Villa Fiorito,4,3,1,0,15/05/2025
Villa Lamadrid,3,0,2,1,15/05/2025
Banfield,4,3,0,1,16/05/2025
Higiene Urbana,10,1,5,4,16/05/2025
Ingeniero Budge,5,1,3,1,16/05/2025
Llavallol,7,4,3,0,16/05/2025
Lomas,5,4,1,0,16/05/2025
Parque Baron,2,2,0,0,16/05/2025
San jose,6,5,1,0,16/05/2025
Santa Catalina,11,4,4,3,16/05/2025
Santa Marta,4,2,1,1,16/05/2025
Secretaria Serv. Publicos,6,3,1,2,16/05/2025
Subse Servicios Urbanos,25,17,7,1,16/05/2025
Temperley,5,3,1,1,16/05/2025
Turdera,1,1,0,0,16/05/2025
Villa Albertina,4,3,0,1,16/05/2025
Villa Centenario,4,0,3,1,16/05/2025
Villa Fiorito,4,3,1,0,16/05/2025
Villa Lamadrid,3,0,2,1,16/05/2025
Banfield,4,4,0,0,18/05/2025
Higiene Urbana,10,6,2,2,18/05/2025
Ingeniero Budge,5,2,2,1,18/05/2025
Llavallol,7,6,1,0,18/05/2025
Lomas,5,4,1,0,18/05/2025
Parque Baron,2,1,1,0,18/05/2025
San jose,6,4,2,0,18/05/2025
Santa Catalina,11,7,3,1,18/05/2025
Santa Marta,4,3,0,1,18/05/2025
Secretaria Serv. Publicos,6,3,1,2,18/05/2025
Subse Servicios Urbanos,25,17,7,1,18/05/2025
Temperley,5,3,1,1,18/05/2025
Turdera,1,1,0,0,18/05/2025
Villa Albertina,4,3,0,1,18/05/2025
Villa Centenario,4,2,1,1,18/05/2025
Villa Fiorito,4,3,1,0,18/05/2025
Villa Lamadrid,3,2,0,1,18/05/2025
Banfield,4,3,0,1,19/05/2025
Higiene Urbana,10,7,2,1,19/05/2025
Ingeniero Budge,5,3,2,0,19/05/2025
Llavallol,7,6,1,0,19/05/2025
Lomas,5,5,0,0,19/05/2025
Parque Baron,2,2,0,0,19/05/2025
San jose,6,5,1,0,19/05/2025
Santa Catalina,11,6,4,1,19/05/2025
Santa Marta,4,1,2,1,19/05/2025
Secretaria Serv. Publicos,6,5,0,1,19/05/2025
Subse Servicios Urbanos,25,19,5,1,19/05/2025
Temperley,5,3,1,1,19/05/2025
Turdera,1,1,0,0,19/05/2025
Villa Albertina,4,3,0,1,19/05/2025
Villa Centenario,4,3,0,1,19/05/2025
Villa Fiorito,4,3,1,0,19/05/2025
Villa Lamadrid,3,2,0,1,19/05/2025
Banfield,4,3,1,0,20/05/2025
Higiene Urbana,10,7,2,1,20/05/2025
Ingeniero Budge,5,3,2,0,20/05/2025
Llavallol,7,5,1,1,20/05/2025
Lomas,5,5,0,0,20/05/2025
Parque Baron,2,2,0,0,20/05/2025
San jose,6,5,1,0,20/05/2025
Santa Catalina,11,7,3,1,20/05/2025
Santa Marta,4,2,1,1,20/05/2025
Secretaria Serv. Publicos,6,5,0,1,20/05/2025
Subse Servicios Urbanos,25,19,5,1,20/05/2025
Temperley,5,3,1,1,20/05/2025
Turdera,1,1,0,0,20/05/2025
Villa Albertina,4,3,0,1,20/05/2025
Villa Centenario,4,3,0,1,20/05/2025
Villa Fiorito,4,4,0,0,20/05/2025
Villa Lamadrid,3,2,0,1,20/05/2025
Banfield,4,3,1,0,21/05/2025
Higiene Urbana,10,7,2,1,21/05/2025
Ingeniero Budge,5,2,2,1,21/05/2025
Llavallol,7,6,1,0,21/05/2025
Lomas,5,4,1,0,21/05/2025
Parque Baron,2,1,1,0,21/05/2025
San jose,6,4,2,0,21/05/2025
Santa Catalina,11,6,4,1,21/05/2025
Santa Marta,4,2,1,1,21/05/2025
Secretaria Serv. Publicos,6,5,0,1,21/05/2025
Subse Servicios Urbanos,25,19,5,1,21/05/2025
Temperley,5,3,1,1,21/05/2025
Turdera,1,1,0,0,21/05/2025
Villa Albertina,4,3,0,1,21/05/2025
Villa Centenario,4,3,0,1,21/05/2025
Villa Fiorito,4,3,1,0,21/05/2025
Villa Lamadrid,3,2,0,1,21/05/2025
Banfield,4,3,1,0,22/05/2025
Higiene Urbana,10,5,2,3,22/05/2025
Ingeniero Budge,5,3,1,1,22/05/2025
Llavallol,7,5,2,0,22/05/2025
Lomas,5,5,0,0,22/05/2025
Parque Baron,2,2,0,0,22/05/2025
San jose,6,4,2,0,22/05/2025
Santa Catalina,11,5,4,2,22/05/2025
Santa Marta,4,2,1,1,22/05/2025
Secretaria Serv. Publicos,6,5,0,1,22/05/2025
Subse Servicios Urbanos,25,19,5,1,22/05/2025
Temperley,5,3,1,1,22/05/2025
Turdera,1,1,0,0,22/05/2025
Villa Albertina,4,3,0,1,22/05/2025
Villa Centenario,4,3,0,1,22/05/2025
Villa Fiorito,4,3,1,0,22/05/2025
Villa Lamadrid,3,2,0,1,22/05/2025
Banfield,4,3,1,0,23/05/2025
Higiene Urbana,10,2,5,3,23/05/2025
Ingeniero Budge,5,4,1,0,23/05/2025
Llavallol,7,6,1,0,23/05/2025
Lomas,5,5,0,0,23/05/2025
Parque Baron,2,2,0,0,23/05/2025
San jose,6,5,1,0,23/05/2025
Santa Catalina,11,4,4,3,23/05/2025
Santa Marta,4,3,0,1,23/05/2025
Secretaria Serv. Publicos,6,4,0,2,23/05/2025
Subse Servicios Urbanos,25,17,7,1,23/05/2025
Temperley,5,4,0,1,23/05/2025
Turdera,1,1,0,0,23/05/2025
Villa Albertina,4,3,0,1,23/05/2025
Villa Centenario,4,3,0,1,23/05/2025
Villa Fiorito,4,4,0,0,23/05/2025
Villa Lamadrid,3,2,0,1,23/05/2025
Banfield,4,3,1,0,25/05/2025
Higiene Urbana,10,3,3,4,25/05/2025
Ingeniero Budge,5,3,1,1,25/05/2025
Llavallol,7,5,2,0,25/05/2025
Lomas,5,5,0,0,25/05/2025
Parque Baron,2,1,1,0,25/05/2025
San jose,6,5,1,0,25/05/2025
Santa Catalina,11,6,3,2,25/05/2025
Santa Marta,4,2,1,1,25/05/2025
Secretaria Serv. Publicos,6,5,0,1,25/05/2025
Subse Servicios Urbanos,25,19,5,1,25/05/2025
Temperley,5,4,0,1,25/05/2025
Turdera,1,1,0,0,25/05/2025
Villa Albertina,4,2,0,2,25/05/2025
Villa Centenario,4,3,0,1,25/05/2025
Villa Fiorito,4,3,1,0,25/05/2025
Villa Lamadrid,3,2,0,1,25/05/2025
Banfield,4,3,1,0,26/05/2025
Higiene Urbana,10,3,3,4,26/05/2025
Ingeniero Budge,5,3,1,1,26/05/2025
Llavallol,7,5,2,0,26/05/2025
Lomas,5,5,0,0,26/05/2025
Parque Baron,2,2,0,0,26/05/2025
San jose,6,5,1,0,26/05/2025
Santa Catalina,11,5,4,2,26/05/2025
Santa Marta,4,3,0,1,26/05/2025
Secretaria Serv. Publicos,6,5,0,1,26/05/2025
Subse Servicios Urbanos,25,16,8,1,26/05/2025
Temperley,5,4,0,1,26/05/2025
Turdera,1,1,0,0,26/05/2025
Villa Albertina,4,0,2,2,26/05/2025
Villa Centenario,4,2,1,1,26/05/2025
Villa Fiorito,4,3,1,0,26/05/2025
Villa Lamadrid,3,2,0,1,26/05/2025
Banfield,4,3,1,0,27/05/2025
Higiene Urbana,10,6,2,2,27/05/2025
Ingeniero Budge,5,3,1,1,27/05/2025
Llavallol,7,5,2,0,27/05/2025
Lomas,5,5,0,0,27/05/2025
Parque Baron,2,2,0,0,27/05/2025
San jose,6,5,1,0,27/05/2025
Santa Catalina,11,7,3,1,27/05/2025
Santa Marta,4,3,0,1,27/05/2025
Secretaria Serv. Publicos,6,5,0,1,27/05/2025
Subse Servicios Urbanos,25,20,4,1,27/05/2025
Temperley,5,3,1,1,27/05/2025
Turdera,1,1,0,0,27/05/2025
Villa Albertina,4,3,0,1,27/05/2025
Villa Centenario,4,3,0,1,27/05/2025
Villa Fiorito,4,3,1,0,27/05/2025
Villa Lamadrid,3,2,0,1,27/05/2025
Banfield,4,3,1,0,28/05/2025
Higiene Urbana,10,6,2,2,28/05/2025
Ingeniero Budge,5,3,1,1,28/05/2025
Llavallol,7,6,1,0,28/05/2025
Lomas,5,5,0,0,28/05/2025
Parque Baron,2,2,0,0,28/05/2025
San jose,6,4,3,0,28/05/2025
Santa Catalina,11,6,3,1,28/05/2025
Santa Marta,4,3,0,1,28/05/2025
Secretaria Serv. Publicos,6,5,0,1,28/05/2025
Subse Servicios Urbanos,25,21,3,1,28/05/2025
Temperley,5,4,0,1,28/05/2025
Turdera,1,1,0,0,28/05/2025
Villa Albertina,4,2,1,1,28/05/2025
Villa Centenario,4,2,1,1,28/05/2025
Villa Fiorito,4,3,1,0,28/05/2025
Villa Lamadrid,3,2,0,1,28/05/2025
Banfield,4,4,0,0,29/05/2025
Higiene Urbana,10,5,3,2,29/05/2025
Ingeniero Budge,5,4,0,1,29/05/2025
Llavallol,7,6,1,0,29/05/2025
Lomas,5,5,0,0,29/05/2025
Parque Baron,2,1,1,0,29/05/2025
San jose,6,4,2,0,29/05/2025
Santa Catalina,11,7,3,1,29/05/2025
Santa Marta,4,3,0,1,29/05/2025
Secretaria Serv. Publicos,6,5,0,1,29/05/2025
Subse Servicios Urbanos,25,20,4,1,29/05/2025
Temperley,5,3,1,1,29/05/2025
Turdera,1,1,0,0,29/05/2025
Villa Albertina,4,3,0,1,29/05/2025
Villa Centenario,4,2,1,1,29/05/2025
Villa Fiorito,4,2,2,0,29/05/2025
Villa Lamadrid,3,2,0,1,29/05/2025
Banfield,4,3,1,0,30/05/2025
Higiene Urbana,10,2,5,3,30/05/2025
Ingeniero Budge,5,4,0,1,30/05/2025
Llavallol,7,5,2,0,30/05/2025
Lomas,5,5,0,0,30/05/2025
Parque Baron,2,1,1,0,30/05/2025
San jose,6,5,1,0,30/05/2025
Santa Catalina,11,6,3,2,30/05/2025
Santa Marta,4,3,0,1,30/05/2025
Secretaria Serv. Publicos,6,5,0,1,30/05/2025
Subse Servicios Urbanos,25,19,6,0,30/05/2025
Temperley,5,3,1,1,30/05/2025
Turdera,1,1,0,0,30/05/2025
Villa Albertina,4,3,0,1,30/05/2025
Villa Centenario,4,1,2,1,30/05/2025
Villa Fiorito,4,3,1,0,30/05/2025
Villa Lamadrid,3,1,1,1,30/05/2025
Banfield,4,3,1,0,01/06/2025
Higiene Urbana,10,4,4,2,01/06/2025
Ingeniero Budge,5,4,0,1,01/06/2025
Llavallol,7,6,1,0,01/06/2025
Lomas,5,5,0,0,01/06/2025
Parque Baron,2,1,1,0,01/06/2025
San jose,6,4,2,0,01/06/2025
Santa Catalina,11,7,4,0,01/06/2025
Santa Marta,4,3,0,1,01/06/2025
Secretaria Serv. Publicos,6,5,0,1,01/06/2025
Subse Servicios Urbanos,25,19,5,1,01/06/2025
Temperley,5,3,1,1,01/06/2025
Turdera,1,1,0,0,01/06/2025
Villa Albertina,4,3,0,1,01/06/2025
Villa Centenario,4,1,2,1,01/06/2025
Villa Fiorito,4,3,1,0,01/06/2025
Villa Lamadrid,3,1,1,1,01/06/2025
Banfield,4,3,1,0,02/06/2025
Higiene Urbana,11,3,7,1,02/06/2025
Ingeniero Budge,5,3,1,1,02/06/2025
Llavallol,7,6,1,0,02/06/2025
Lomas,5,5,0,0,02/06/2025
Parque Baron,2,2,0,0,02/06/2025
San jose,6,5,1,0,02/06/2025
Santa Catalina,11,9,2,0,02/06/2025
Santa Marta,4,3,0,1,02/06/2025
Secretaria Serv. Publicos,6,5,0,1,02/06/2025
Subse Servicios Urbanos,25,20,4,1,02/06/2025
Temperley,5,2,2,1,02/06/2025
Turdera,1,1,0,0,02/06/2025
Villa Albertina,4,3,0,1,02/06/2025
Villa Centenario,4,2,1,1,02/06/2025
Villa Fiorito,4,3,1,0,02/06/2025
Villa Lamadrid,3,1,1,1,02/06/2025
Banfield,6,5,0,1,03/06/2025
Higiene Urbana,11,4,0,7,03/06/2025
Ingeniero Budge,6,1,1,4,03/06/2025
Llavallol,7,5,0,2,03/06/2025
Lomas,6,6,0,0,03/06/2025
Parque Baron,4,2,1,1,03/06/2025
San jose,8,6,0,2,03/06/2025
Santa Catalina,10,8,0,2,03/06/2025
Santa Marta,3,2,0,1,03/06/2025
Secretaria Serv. Publicos,9,6,0,3,03/06/2025
Subse Servicios Urbanos,7,4,0,3,03/06/2025
Temperley,7,5,0,2,03/06/2025
Turdera,2,2,0,0,03/06/2025
Villa Albertina,6,5,0,1,03/06/2025
Villa Centenario,4,2,0,2,03/06/2025
Villa Fiorito,5,4,0,1,03/06/2025
Villa Lamadrid,4,2,0,2,03/06/2025
Banfield,6,4,1,1,04/06/2025
Higiene Urbana,11,4,0,7,04/06/2025
Ingeniero Budge,6,2,0,4,04/06/2025
Llavallol,7,5,0,2,04/06/2025
Lomas,6,6,0,0,04/06/2025
Parque Baron,4,3,0,1,04/06/2025
San jose,8,6,0,2,04/06/2025
Santa Catalina,10,8,0,2,04/06/2025
Santa Marta,3,1,1,1,04/06/2025
Secretaria Serv. Publicos,9,6,0,3,04/06/2025
Subse Servicios Urbanos,7,3,1,3,04/06/2025
Temperley,7,5,0,2,04/06/2025
Turdera,2,2,0,0,04/06/2025
Villa Albertina,6,5,0,1,04/06/2025
Villa Centenario,4,2,0,2,04/06/2025
Villa Fiorito,5,3,1,1,04/06/2025
Villa Lamadrid,4,2,0,2,04/06/2025
Banfield,6,4,1,1,05/06/2025
Higiene Urbana,11,4,0,7,05/06/2025
Ingeniero Budge,6,3,0,3,05/06/2025
Llavallol,7,5,0,2,05/06/2025
Lomas,6,5,0,1,05/06/2025
Parque Baron,4,1,1,2,05/06/2025
San jose,8,6,0,2,05/06/2025
Santa Catalina,10,8,0,2,05/06/2025
Santa Marta,3,1,0,2,05/06/2025
Secretaria Serv. Publicos,9,6,0,3,05/06/2025
Subse Servicios Urbanos,7,3,1,3,05/06/2025
Temperley,7,6,0,1,05/06/2025
Turdera,2,1,0,1,05/06/2025
Villa Albertina,6,5,0,1,05/06/2025
Villa Centenario,4,3,0,1,05/06/2025
Villa Fiorito,5,4,0,1,05/06/2025
Villa Lamadrid,4,2,0,2,05/06/2025
Banfield,6,4,0,2,08/06/2025
Higiene Urbana,11,5,1,5,08/06/2025
Ingeniero Budge,6,4,0,2,08/06/2025
Llavallol,7,5,0,2,08/06/2025
Lomas,6,6,0,0,08/06/2025
Parque Baron,4,3,0,1,08/06/2025
San jose,8,4,2,2,08/06/2025
Santa Catalina,10,6,2,2,08/06/2025
Santa Marta,3,1,0,2,08/06/2025
Secretaria Serv. Publicos,9,6,0,3,08/06/2025
Subse Servicios Urbanos,7,4,0,3,08/06/2025
Temperley,7,6,0,1,08/06/2025
Turdera,2,2,0,0,08/06/2025
Villa Albertina,6,4,1,1,08/06/2025
Villa Centenario,4,3,0,1,08/06/2025
Villa Fiorito,5,4,0,1,08/06/2025
Villa Lamadrid,4,2,0,2,08/06/2025
Banfield,6,4,0,2,09/06/2025
Higiene Urbana,11,4,0,7,09/06/2025
Ingeniero Budge,6,3,1,2,09/06/2025
Llavallol,7,5,0,2,09/06/2025
Lomas,6,6,0,0,09/06/2025
Parque Baron,4,3,0,1,09/06/2025
San jose,8,5,1,2,09/06/2025
Santa Catalina,10,7,0,3,09/06/2025
Santa Marta,3,1,0,2,09/06/2025
Secretaria Serv. Publicos,9,6,0,3,09/06/2025
Subse Servicios Urbanos,7,3,1,3,09/06/2025
Temperley,7,6,0,1,09/06/2025
Turdera,2,2,0,0,09/06/2025
Villa Albertina,6,4,0,2,09/06/2025
Villa Centenario,4,3,0,1,09/06/2025
Villa Fiorito,5,3,1,1,09/06/2025
Villa Lamadrid,4,2,0,2,09/06/2025
Banfield,6,4,0,2,10/06/2025
Higiene Urbana,11,4,0,7,10/06/2025
Ingeniero Budge,6,4,0,2,10/06/2025
Llavallol,7,5,0,2,10/06/2025
Lomas,6,6,0,0,10/06/2025
Parque Baron,4,3,0,1,10/06/2025
San jose,8,4,0,4,10/06/2025
Santa Catalina,10,6,0,4,10/06/2025
Santa Marta,3,1,0,2,10/06/2025
Secretaria Serv. Publicos,9,6,0,3,10/06/2025
Subse Servicios Urbanos,7,2,3,2,10/06/2025
Temperley,7,5,1,1,10/06/2025
Turdera,2,2,0,0,10/06/2025
Villa Albertina,6,5,0,1,10/06/2025
Villa Centenario,4,3,0,1,10/06/2025
Villa Fiorito,5,4,0,1,10/06/2025
Villa Lamadrid,4,2,0,2,10/06/2025
Banfield,6,4,0,2,11/06/2025
Higiene Urbana,11,4,0,7,11/06/2025
Ingeniero Budge,6,4,0,2,11/06/2025
Llavallol,7,5,0,2,11/06/2025
Lomas,6,6,0,0,11/06/2025
Parque Baron,4,3,0,1,11/06/2025
San jose,8,4,0,4,11/06/2025
Santa Catalina,10,5,1,4,11/06/2025
Santa Marta,3,1,0,2,11/06/2025
Secretaria Serv. Publicos,9,7,0,2,11/06/2025
Subse Servicios Urbanos,7,4,1,2,11/06/2025
Temperley,7,6,0,1,11/06/2025
Turdera,2,2,0,0,11/06/2025
Villa Albertina,6,4,1,1,11/06/2025
Villa Centenario,4,3,0,1,11/06/2025
Villa Fiorito,5,4,0,1,11/06/2025
Villa Lamadrid,4,2,0,2,11/06/2025
Banfield,6,4,0,2,12/06/2025
Higiene Urbana,11,6,0,5,12/06/2025
Ingeniero Budge,6,4,0,2,12/06/2025
Llavallol,7,6,0,1,12/06/2025
Lomas,6,5,0,1,12/06/2025
Parque Baron,4,3,0,1,12/06/2025
San jose,8,5,0,3,12/06/2025
Santa Catalina,10,7,0,3,12/06/2025
Santa Marta,3,1,0,2,12/06/2025
Secretaria Serv. Publicos,9,7,2,0,12/06/2025
Subse Servicios Urbanos,7,3,0,4,12/06/2025
Temperley,7,6,0,1,12/06/2025
Turdera,2,2,0,0,12/06/2025
Villa Albertina,6,5,0,1,12/06/2025
Villa Centenario,4,3,0,1,12/06/2025
Villa Fiorito,5,4,0,1,12/06/2025
Villa Lamadrid,4,2,0,2,12/06/2025
Banfield,6,4,0,2,16/06/2025
Higiene Urbana,11,6,0,5,16/06/2025
Ingeniero Budge,6,4,0,2,16/06/2025
Llavallol,7,6,0,1,16/06/2025
Lomas,6,5,0,1,16/06/2025
Parque Baron,4,3,0,1,16/06/2025
San jose,8,5,0,3,16/06/2025
Santa Catalina,10,7,0,3,16/06/2025
Santa Marta,3,1,0,2,16/06/2025
Secretaria Serv. Publicos,9,7,1,1,16/06/2025
Subse Servicios Urbanos,7,2,3,2,16/06/2025
Temperley,7,5,1,1,16/06/2025
Turdera,2,2,0,0,16/06/2025
Villa Albertina,6,5,0,1,16/06/2025
Villa Centenario,4,3,0,1,16/06/2025
Villa Fiorito,5,4,0,1,16/06/2025
Villa Lamadrid,4,2,0,2,16/06/2025
Banfield,6,3,1,2,17/06/2025
Higiene Urbana,11,2,5,4,17/06/2025
Ingeniero Budge,6,1,3,2,17/06/2025
Llavallol,7,0,6,1,17/06/2025
Lomas,6,4,1,1,17/06/2025
Parque Baron,4,1,2,1,17/06/2025
San jose,8,2,4,2,17/06/2025
Santa Catalina,10,5,2,3,17/06/2025
Santa Marta,3,0,1,2,17/06/2025
Secretaria Serv. Publicos,9,6,2,1,17/06/2025
Subse Servicios Urbanos,7,0,3,4,17/06/2025
Temperley,7,5,1,1,17/06/2025
Turdera,2,2,0,0,17/06/2025
Villa Albertina,6,5,0,1,17/06/2025
Villa Centenario,4,3,0,1,17/06/2025
Villa Fiorito,5,4,0,1,17/06/2025
Villa Lamadrid,4,3,0,1,17/06/2025
Banfield,6,4,0,2,18/06/2025
Higiene Urbana,11,6,1,4,18/06/2025
Ingeniero Budge,6,4,0,2,18/06/2025
Llavallol,7,5,1,1,18/06/2025
Lomas,6,5,0,1,18/06/2025
Parque Baron,4,3,0,1,18/06/2025
San jose,8,6,0,2,18/06/2025
Santa Catalina,10,6,1,3,18/06/2025
Santa Marta,3,1,0,2,18/06/2025
Secretaria Serv. Publicos,9,8,0,1,18/06/2025
Subse Servicios Urbanos,7,3,0,4,18/06/2025
Temperley,7,4,2,1,18/06/2025
Turdera,2,2,0,0,18/06/2025
Villa Albertina,6,1,4,1,18/06/2025
Villa Centenario,4,2,1,1,18/06/2025
Villa Fiorito,5,3,1,1,18/06/2025
Villa Lamadrid,4,0,3,1,18/06/2025
Banfield,6,4,0,2,22/06/2025
Higiene Urbana,11,7,0,4,22/06/2025
Ingeniero Budge,6,4,0,2,22/06/2025
Llavallol,7,5,0,2,22/06/2025
Lomas,6,5,0,1,22/06/2025
Parque Baron,4,3,0,1,22/06/2025
San jose,8,5,1,2,22/06/2025
Santa Catalina,10,4,2,4,22/06/2025
Santa Marta,3,1,0,2,22/06/2025
Secretaria Serv. Publicos,9,8,1,0,22/06/2025
Subse Servicios Urbanos,7,1,0,6,22/06/2025
Temperley,7,4,0,3,22/06/2025
Turdera,2,2,0,0,22/06/2025
Villa Albertina,6,4,1,1,22/06/2025
Villa Centenario,4,2,1,1,22/06/2025
Villa Fiorito,5,4,0,1,22/06/2025
Villa Lamadrid,4,2,1,1,22/06/2025
Banfield,6,4,0,2,23/06/2025
Higiene Urbana,11,6,0,5,23/06/2025
Ingeniero Budge,6,4,0,2,23/06/2025
Llavallol,7,4,1,2,23/06/2025
Lomas,6,5,0,1,23/06/2025
Parque Baron,4,3,0,1,23/06/2025
San jose,8,4,1,3,23/06/2025
Santa Catalina,10,6,0,4,23/06/2025
Santa Marta,3,1,0,2,23/06/2025
Secretaria Serv. Publicos,9,8,0,1,23/06/2025
Subse Servicios Urbanos,7,1,1,5,23/06/2025
Temperley,7,4,0,3,23/06/2025
Turdera,2,2,0,0,23/06/2025
Villa Albertina,6,4,1,1,23/06/2025
Villa Centenario,4,3,0,1,23/06/2025
Villa Fiorito,5,3,1,1,23/06/2025
Villa Lamadrid,4,2,1,1,23/06/2025
Banfield,6,4,0,2,24/06/2025
Higiene Urbana,11,7,0,4,24/06/2025
Ingeniero Budge,6,4,0,2,24/06/2025
Llavallol,7,4,1,2,24/06/2025
Lomas,6,5,0,1,24/06/2025
Parque Baron,4,3,0,1,24/06/2025
San jose,8,4,1,3,24/06/2025
Santa Catalina,10,6,0,4,24/06/2025
Santa Marta,3,1,0,2,24/06/2025
Secretaria Serv. Publicos,9,8,0,1,24/06/2025
Subse Servicios Urbanos,7,3,0,4,24/06/2025
Temperley,7,4,0,3,24/06/2025
Turdera,2,2,0,0,24/06/2025
Villa Albertina,6,4,1,1,24/06/2025
Villa Centenario,4,3,0,1,24/06/2025
Villa Fiorito,5,4,0,1,24/06/2025
Villa Lamadrid,4,3,0,1,24/06/2025
Banfield,6,3,0,3,25/06/2025
Higiene Urbana,11,8,0,3,25/06/2025
Ingeniero Budge,6,4,0,2,25/06/2025
Llavallol,7,5,0,2,25/06/2025
Lomas,6,5,0,1,25/06/2025
Parque Baron,4,3,0,1,25/06/2025
San jose,8,4,1,3,25/06/2025
Santa Catalina,10,5,1,4,25/06/2025
Santa Marta,3,0,1,2,25/06/2025
Secretaria Serv. Publicos,9,8,0,1,25/06/2025
Subse Servicios Urbanos,7,2,1,4,25/06/2025
Temperley,7,4,0,3,25/06/2025
Turdera,2,2,0,0,25/06/2025
Villa Albertina,6,5,0,1,25/06/2025
Villa Centenario,4,3,0,1,25/06/2025
Villa Fiorito,5,3,1,1,25/06/2025
Villa Lamadrid,4,3,0,1,25/06/2025
Banfield,6,3,0,3,26/06/2025
Higiene Urbana,11,6,1,4,26/06/2025
Ingeniero Budge,6,4,0,2,26/06/2025
Llavallol,7,6,0,1,26/06/2025
Lomas,6,5,0,1,26/06/2025
Parque Baron,4,3,0,1,26/06/2025
San jose,8,6,0,2,26/06/2025
Santa Catalina,10,4,2,4,26/06/2025
Santa Marta,3,1,1,1,26/06/2025
Secretaria Serv. Publicos,9,6,2,1,26/06/2025
Subse Servicios Urbanos,7,4,1,0,26/06/2025
Temperley,7,5,0,2,26/06/2025
Turdera,2,2,0,2,26/06/2025
Villa Albertina,6,5,0,1,26/06/2025
Villa Centenario,4,2,1,1,26/06/2025
Villa Fiorito,5,3,1,1,26/06/2025
Villa Lamadrid,4,1,2,1,26/06/2025
Banfield,6,3,0,3,29/06/2025
Higiene Urbana,11,6,2,3,29/06/2025
Ingeniero Budge,6,4,0,2,29/06/2025
Llavallol,7,5,1,1,29/06/2025
Lomas,6,5,0,1,29/06/2025
Parque Baron,4,3,0,1,29/06/2025
San jose,8,5,1,2,29/06/2025
Santa Catalina,10,5,1,4,29/06/2025
Santa Marta,3,2,0,1,29/06/2025
Secretaria Serv. Publicos,9,8,0,1,29/06/2025
Subse Servicios Urbanos,7,4,1,2,29/06/2025
Temperley,7,5,0,2,29/06/2025
Turdera,2,2,0,0,29/06/2025
Villa Albertina,6,4,0,2,29/06/2025
Villa Centenario,4,2,1,1,29/06/2025
Villa Fiorito,5,3,1,1,29/06/2025
Villa Lamadrid,4,1,2,1,29/06/2025
Banfield,6,3,0,3,30/06/2025
Higiene Urbana,11,5,3,3,30/06/2025
Ingeniero Budge,6,4,0,2,30/06/2025
Llavallol,7,4,1,2,30/06/2025
Lomas,6,5,0,1,30/06/2025
Parque Baron,4,3,0,1,30/06/2025
San jose,8,6,0,2,30/06/2025
Santa Catalina,10,5,1,4,30/06/2025
Santa Marta,3,2,0,1,30/06/2025
Secretaria Serv. Publicos,10,7,1,2,30/06/2025
Subse Servicios Urbanos,7,3,1,3,30/06/2025
Temperley,7,5,0,2,30/06/2025
Turdera,2,2,0,0,30/06/2025
Villa Albertina,6,3,1,2,30/06/2025
Villa Centenario,4,3,0,1,30/06/2025
Villa Fiorito,5,2,1,2,30/06/2025
Villa Lamadrid,4,3,0,1,30/06/2025
Banfield,6,3,0,3,01/07/2025
Higiene Urbana,11,6,1,4,01/07/2025
Ingeniero Budge,6,4,0,2,01/07/2025
Llavallol,7,3,1,3,01/07/2025
Lomas,6,5,0,1,01/07/2025
Parque Baron,4,3,0,1,01/07/2025
San jose,8,6,0,2,01/07/2025
Santa Catalina,10,7,0,3,01/07/2025
Santa Marta,3,1,1,1,01/07/2025
Secretaria Serv. Publicos,10,7,0,3,01/07/2025
Subse Servicios Urbanos,7,4,0,3,01/07/2025
Temperley,7,5,0,2,01/07/2025
Turdera,2,2,0,0,01/07/2025
Villa Albertina,6,3,0,3,01/07/2025
Villa Centenario,4,3,0,1,01/07/2025
Villa Fiorito,5,3,0,2,01/07/2025
Villa Lamadrid,4,3,0,1,01/07/2025
Banfield,6,4,0,2,02/07/2025
Higiene Urbana,11,7,0,4,02/07/2025
Ingeniero Budge,6,4,0,2,02/07/2025
Llavallol,7,4,0,3,02/07/2025
Lomas,6,5,0,1,02/07/2025
Parque Baron,4,3,0,1,02/07/2025
San jose,8,6,0,2,02/07/2025
Santa Catalina,10,6,1,3,02/07/2025
Santa Marta,3,1,1,1,02/07/2025
Secretaria Serv. Publicos,10,7,0,3,02/07/2025
Subse Servicios Urbanos,7,4,0,3,02/07/2025
Temperley,7,5,0,2,02/07/2025
Turdera,2,2,0,0,02/07/2025
Villa Albertina,6,4,0,2,02/07/2025
Villa Centenario,4,2,0,2,02/07/2025
Villa Fiorito,5,3,0,2,02/07/2025
Villa Lamadrid,4,3,0,1,02/07/2025
Banfield,6,4,0,2,03/07/2025
Higiene Urbana,11,8,0,3,03/07/2025
Ingeniero Budge,6,4,0,2,03/07/2025
Llavallol,7,4,0,3,03/07/2025
Lomas,6,5,0,1,03/07/2025
Parque Baron,4,2,1,1,03/07/2025
San jose,8,6,0,2,03/07/2025
Santa Catalina,10,7,0,3,03/07/2025
Santa Marta,3,2,0,1,03/07/2025
Secretaria Serv. Publicos,10,7,0,3,03/07/2025
Subse Servicios Urbanos,7,3,1,3,03/07/2025
Temperley,7,5,0,2,03/07/2025
Turdera,2,2,0,0,03/07/2025
Villa Albertina,6,4,0,2,03/07/2025
Villa Centenario,4,2,0,2,03/07/2025
Villa Fiorito,5,3,0,2,03/07/2025
Villa Lamadrid,4,3,0,1,03/07/2025
Banfield,6,4,0,2,06/07/2025
Higiene Urbana,11,8,0,3,06/07/2025
Ingeniero Budge,6,4,0,2,06/07/2025
Llavallol,7,4,1,2,06/07/2025
Lomas,6,5,0,1,06/07/2025
Parque Baron,4,3,0,1,06/07/2025
San jose,8,6,0,2,06/07/2025
Santa Catalina,10,7,0,3,06/07/2025
Santa Marta,3,2,0,1,06/07/2025
Secretaria Serv. Publicos,10,7,0,3,06/07/2025
Subse Servicios Urbanos,7,3,1,3,06/07/2025
Temperley,7,5,0,2,06/07/2025
Turdera,2,2,0,0,06/07/2025
Villa Albertina,6,3,1,2,06/07/2025
Villa Centenario,4,2,0,2,06/07/2025
Villa Fiorito,5,3,0,2,06/07/2025
Villa Lamadrid,4,3,0,1,06/07/2025
Banfield,6,4,0,2,07/07/2025
Higiene Urbana,11,7,0,4,07/07/2025
Ingeniero Budge,6,4,0,2,07/07/2025
Llavallol,7,4,0,3,07/07/2025
Lomas,6,5,0,1,07/07/2025
Parque Baron,4,3,0,1,07/07/2025
San jose,8,6,0,2,07/07/2025
Santa Catalina,10,6,0,4,07/07/2025
Santa Marta,3,2,0,1,07/07/2025
Secretaria Serv. Publicos,10,7,0,3,07/07/2025
Subse Servicios Urbanos,7,4,0,3,07/07/2025
Temperley,7,5,0,2,07/07/2025
Turdera,2,1,0,1,07/07/2025
Villa Albertina,6,4,0,2,07/07/2025
Villa Centenario,4,3,0,1,07/07/2025
Villa Fiorito,5,3,0,2,07/07/2025
Villa Lamadrid,4,3,0,1,07/07/2025
Banfield,6,4,0,2,09/07/2025
Higiene Urbana,11,7,0,4,09/07/2025
Ingeniero Budge,6,4,0,2,09/07/2025
Llavallol,7,5,0,2,09/07/2025
Lomas,6,5,0,1,09/07/2025
Parque Baron,4,3,0,1,09/07/2025
San jose,8,6,0,2,09/07/2025
Santa Catalina,10,6,1,3,09/07/2025
Santa Marta,3,2,0,1,09/07/2025
Secretaria Serv. Publicos,10,8,0,2,09/07/2025
Subse Servicios Urbanos,7,5,0,2,09/07/2025
Temperley,7,4,2,1,09/07/2025
Turdera,2,2,0,0,09/07/2025
Villa Albertina,6,6,0,0,09/07/2025
Villa Centenario,4,3,0,1,09/07/2025
Villa Fiorito,5,3,0,2,09/07/2025
Villa Lamadrid,4,3,0,1,09/07/2025
Banfield,6,4,0,2,10/07/2025
Higiene Urbana,11,8,1,2,10/07/2025
Ingeniero Budge,6,4,0,2,10/07/2025
Llavallol,7,5,0,2,10/07/2025
Lomas,6,5,0,1,10/07/2025
Parque Baron,4,3,0,1,10/07/2025
San jose,8,6,0,2,10/07/2025
Santa Catalina,10,7,0,3,10/07/2025
Santa Marta,3,2,0,1,10/07/2025
Secretaria Serv. Publicos,10,8,0,2,10/07/2025
Subse Servicios Urbanos,7,5,0,2,10/07/2025
Temperley,7,5,1,1,10/07/2025
Turdera,2,2,0,0,10/07/2025
Villa Albertina,6,6,0,0,10/07/2025
Villa Centenario,4,3,0,1,10/07/2025
Villa Fiorito,5,4,0,1,10/07/2025
Villa Lamadrid,4,2,0,2,10/07/2025
Banfield,6,4,0,2,13/07/2025
Higiene Urbana,11,9,1,1,13/07/2025
Ingeniero Budge,6,4,0,2,13/07/2025
Llavallol,7,4,1,2,13/07/2025
Lomas,6,4,1,1,13/07/2025
Parque Baron,4,3,0,1,13/07/2025
San jose,8,7,0,1,13/07/2025
Santa Catalina,10,7,0,3,13/07/2025
Santa Marta,3,2,0,1,13/07/2025
Secretaria Serv. Publicos,10,8,0,2,13/07/2025
Subse Servicios Urbanos,6,4,1,2,13/07/2025
Temperley,7,6,0,1,13/07/2025
Turdera,2,2,0,0,13/07/2025
Villa Albertina,6,6,0,0,13/07/2025
Villa Centenario,4,3,0,1,13/07/2025
Villa Fiorito,5,4,0,1,13/07/2025
Villa Lamadrid,4,2,0,2,13/07/2025
Banfield,6,4,0,2,14/07/2025
Higiene Urbana,11,9,1,1,14/07/2025
Ingeniero Budge,6,2,2,2,14/07/2025
Llavallol,7,4,0,3,14/07/2025
Lomas,6,4,0,2,14/07/2025
Parque Baron,4,3,0,1,14/07/2025
San jose,8,7,0,1,14/07/2025
Santa Catalina,10,7,1,2,14/07/2025
Santa Marta,4,2,1,1,14/07/2025
Secretaria Serv. Publicos,10,8,0,2,14/07/2025
Subse Servicios Urbanos,8,4,1,3,14/07/2025
Temperley,7,6,0,1,14/07/2025
Turdera,2,2,0,0,14/07/2025
Villa Albertina,6,5,1,0,14/07/2025
Villa Centenario,4,2,1,1,14/07/2025
Villa Fiorito,5,4,0,1,14/07/2025
Villa Lamadrid,4,2,0,2,14/07/2025
Banfield,6,4,0,2,15/07/2025
Higiene Urbana,11,4,6,1,15/07/2025
Ingeniero Budge,6,4,0,2,15/07/2025
Llavallol,7,4,0,3,15/07/2025
Lomas,6,4,0,2,15/07/2025
Parque Baron,4,3,0,1,15/07/2025
San jose,8,6,1,1,15/07/2025
Santa Catalina,10,5,3,2,15/07/2025
Santa Marta,4,2,0,2,15/07/2025
Secretaria Serv. Publicos,10,8,0,2,15/07/2025
Subse Servicios Urbanos,8,6,0,2,15/07/2025
Temperley,7,6,0,1,15/07/2025
Turdera,2,2,0,0,15/07/2025
Villa Albertina,6,5,1,0,15/07/2025
Villa Centenario,4,3,0,1,15/07/2025
Villa Fiorito,5,3,1,1,15/07/2025
Villa Lamadrid,4,2,0,2,15/07/2025
Banfield,6,5,0,1,16/07/2025
Higiene Urbana,11,9,0,2,16/07/2025
Ingeniero Budge,6,4,0,2,16/07/2025
Llavallol,7,4,1,2,16/07/2025
Lomas,6,5,0,1,16/07/2025
Parque Baron,4,3,0,1,16/07/2025
San jose,8,7,0,1,16/07/2025
Santa Catalina,10,7,1,2,16/07/2025
Santa Marta,4,3,0,1,16/07/2025
Secretaria Serv. Publicos,10,8,0,2,16/07/2025
Subse Servicios Urbanos,8,5,0,3,16/07/2025
Temperley,7,6,0,1,16/07/2025
Turdera,2,2,0,0,16/07/2025
Villa Albertina,6,5,0,1,16/07/2025
Villa Centenario,4,3,0,1,16/07/2025
Villa Fiorito,5,4,0,1,16/07/2025
Villa Lamadrid,4,2,0,2,16/07/2025
Banfield,6,6,0,0,17/07/2025
Higiene Urbana,11,8,1,2,17/07/2025
Ingeniero Budge,6,4,0,2,17/07/2025
Llavallol,7,6,0,1,17/07/2025
Lomas,6,4,0,2,17/07/2025
Parque Baron,4,3,0,1,17/07/2025
San jose,8,7,0,1,17/07/2025
Santa Catalina,10,7,1,2,17/07/2025
Santa Marta,4,3,0,1,17/07/2025
Secretaria Serv. Publicos,10,6,2,2,17/07/2025
Subse Servicios Urbanos,8,5,1,2,17/07/2025
Temperley,7,5,0,2,17/07/2025
Turdera,2,2,0,0,17/07/2025
Villa Albertina,6,5,1,0,17/07/2025
Villa Centenario,4,3,0,1,17/07/2025
Villa Fiorito,5,4,0,1,17/07/2025
Villa Lamadrid,4,2,0,2,17/07/2025
Banfield,6,6,0,0,20/07/2025
Higiene Urbana,11,8,0,3,20/07/2025
Ingeniero Budge,6,4,0,2,20/07/2025
Llavallol,7,7,0,0,20/07/2025
Lomas,6,5,0,1,20/07/2025
Parque Baron,4,3,0,1,20/07/2025
San jose,8,5,2,1,20/07/2025
Santa Catalina,10,6,2,2,20/07/2025
Santa Marta,4,4,0,0,20/07/2025
Secretaria Serv. Publicos,10,8,0,2,20/07/2025
Subse Servicios Urbanos,8,5,1,2,20/07/2025
Temperley,7,5,0,2,20/07/2025
Turdera,2,2,0,0,20/07/2025
Villa Albertina,6,5,1,0,20/07/2025
Villa Centenario,4,2,1,1,20/07/2025
Villa Fiorito,5,4,0,1,20/07/2025
Villa Lamadrid,4,1,1,2,20/07/2025
Banfield,6,6,0,0,21/07/2025
Higiene Urbana,11,7,0,4,21/07/2025
Ingeniero Budge,6,4,0,2,21/07/2025
Llavallol,7,7,0,0,21/07/2025
Lomas,6,5,0,1,21/07/2025
Parque Baron,4,2,0,2,21/07/2025
San jose,8,6,1,1,21/07/2025
Santa Catalina,10,6,0,4,21/07/2025
Santa Marta,4,3,0,1,21/07/2025
Secretaria Serv. Publicos,10,8,0,2,21/07/2025
Subse Servicios Urbanos,8,5,1,2,21/07/2025
Temperley,7,5,0,2,21/07/2025
Turdera,2,2,0,0,21/07/2025
Villa Albertina,6,4,2,0,21/07/2025
Villa Centenario,4,3,0,1,21/07/2025
Villa Fiorito,5,4,1,0,21/07/2025
Villa Lamadrid,4,2,0,2,21/07/2025
Banfield,6,6,0,0,22/07/2025
Higiene Urbana,11,10,1,0,22/07/2025
Ingeniero Budge,6,4,0,2,22/07/2025
Llavallol,7,7,0,0,22/07/2025
Lomas,6,5,0,1,22/07/2025
Parque Baron,4,2,0,2,22/07/2025
San jose,8,6,1,1,22/07/2025
Santa Catalina,10,7,0,3,22/07/2025
Santa Marta,4,3,0,1,22/07/2025
Secretaria Serv. Publicos,10,8,0,2,22/07/2025
Subse Servicios Urbanos,8,6,0,2,22/07/2025
Temperley,7,5,0,2,22/07/2025
Turdera,2,2,0,0,22/07/2025
Villa Albertina,6,5,1,0,22/07/2025
Villa Centenario,4,3,0,1,22/07/2025
Villa Fiorito,5,4,1,0,22/07/2025
Villa Lamadrid,4,2,0,2,22/07/2025
Banfield,6,6,0,0,23/07/2025
Higiene Urbana,11,10,0,1,23/07/2025
Ingeniero Budge,6,4,1,1,23/07/2025
Llavallol,7,7,0,0,23/07/2025
Lomas,6,5,0,1,23/07/2025
Parque Baron,4,2,0,2,23/07/2025
San jose,8,6,0,2,23/07/2025
Santa Catalina,10,6,1,3,23/07/2025
Santa Marta,4,3,0,1,23/07/2025
Secretaria Serv. Publicos,10,7,1,2,23/07/2025
Subse Servicios Urbanos,8,6,0,2,23/07/2025
Temperley,7,5,0,2,23/07/2025
Turdera,2,2,0,0,23/07/2025
Villa Albertina,6,4,2,0,23/07/2025
Villa Centenario,4,2,1,1,23/07/2025
Villa Fiorito,5,3,2,0,23/07/2025
Villa Lamadrid,4,1,1,2,23/07/2025
Banfield,6,5,0,1,24/07/2025
Higiene Urbana,11,8,1,2,24/07/2025
Ingeniero Budge,6,5,0,1,24/07/2025
Llavallol,7,7,0,0,24/07/2025
Lomas,6,6,0,0,24/07/2025
Parque Baron,4,2,0,2,24/07/2025
San jose,8,5,1,2,24/07/2025
Santa Catalina,10,7,1,2,24/07/2025
Santa Marta,4,3,0,1,24/07/2025
Secretaria Serv. Publicos,10,8,0,2,24/07/2025
Subse Servicios Urbanos,8,5,1,2,24/07/2025
Temperley,7,6,0,1,24/07/2025
Turdera,2,2,0,0,24/07/2025
Villa Albertina,6,5,1,0,24/07/2025
Villa Centenario,4,2,1,1,24/07/2025
Villa Fiorito,5,4,0,1,24/07/2025
Villa Lamadrid,4,1,1,2,24/07/2025
Banfield,6,5,0,1,27/07/2025
Higiene Urbana,11,8,0,3,27/07/2025
Ingeniero Budge,6,5,0,1,27/07/2025
Llavallol,7,7,0,0,27/07/2025
Lomas,6,6,0,0,27/07/2025
Parque Baron,4,2,0,2,27/07/2025
San jose,8,7,0,1,27/07/2025
Santa Catalina,10,7,1,2,27/07/2025
Santa Marta,4,3,0,1,27/07/2025
Secretaria Serv. Publicos,10,8,0,2,27/07/2025
Subse Servicios Urbanos,8,6,0,2,27/07/2025
Temperley,7,6,0,1,27/07/2025
Turdera,2,2,0,0,27/07/2025
Villa Albertina,6,4,2,0,27/07/2025
Villa Centenario,4,2,1,1,27/07/2025
Villa Fiorito,5,4,0,1,27/07/2025
Villa Lamadrid,4,1,1,2,27/07/2025
Banfield,6,5,1,0,28/07/2025
Higiene Urbana,11,8,0,3,28/07/2025
Ingeniero Budge,6,5,0,1,28/07/2025
Llavallol,7,7,0,0,28/07/2025
Lomas,6,6,0,0,28/07/2025
Parque Baron,4,2,0,2,28/07/2025
San jose,8,7,0,1,28/07/2025
Santa Catalina,10,6,2,2,28/07/2025
Santa Marta,4,3,0,1,28/07/2025
Secretaria Serv. Publicos,10,7,1,2,28/07/2025
Subse Servicios Urbanos,8,6,0,2,28/07/2025
Temperley,7,5,0,2,28/07/2025
Turdera,2,2,0,0,28/07/2025
Villa Albertina,6,4,1,1,28/07/2025
Villa Centenario,4,3,0,1,28/07/2025
Villa Fiorito,5,4,0,1,28/07/2025
Villa Lamadrid,4,1,1,2,28/07/2025
Banfield,6,6,0,0,29/07/2025
Higiene Urbana,11,8,1,2,29/07/2025
Ingeniero Budge,6,5,0,1,29/07/2025
Llavallol,7,7,0,0,29/07/2025
Lomas,6,5,0,1,29/07/2025
Parque Baron,4,2,0,2,29/07/2025
San jose,8,7,0,1,29/07/2025
Santa Catalina,10,7,1,2,29/07/2025
Santa Marta,4,3,0,1,29/07/2025
Secretaria Serv. Publicos,10,8,0,2,29/07/2025
Subse Servicios Urbanos,8,6,0,2,29/07/2025
Temperley,7,5,0,2,29/07/2025
Turdera,2,2,0,0,29/07/2025
Villa Albertina,6,3,2,1,29/07/2025
Villa Centenario,4,3,0,1,29/07/2025
Villa Fiorito,5,4,0,1,29/07/2025
Villa Lamadrid,4,0,2,2,29/07/2025
Banfield,6,6,0,0,30/07/2025
Higiene Urbana,11,8,1,2,30/07/2025
Ingeniero Budge,6,4,1,1,30/07/2025
Llavallol,7,6,0,1,30/07/2025
Lomas,6,5,0,1,30/07/2025
Parque Baron,4,2,0,2,30/07/2025
San jose,8,7,1,0,30/07/2025
Santa Catalina,10,8,0,2,30/07/2025
Santa Marta,4,3,0,1,30/07/2025
Secretaria Serv. Publicos,10,8,0,2,30/07/2025
Subse Servicios Urbanos,8,6,0,2,30/07/2025
Temperley,7,5,0,2,30/07/2025
Turdera,2,2,0,0,30/07/2025
Villa Albertina,6,5,0,1,30/07/2025
Villa Centenario,4,3,0,1,30/07/2025
Villa Fiorito,5,3,0,2,30/07/2025
Villa Lamadrid,4,2,0,2,30/07/2025
Banfield,6,6,0,0,03/08/2025
Higiene Urbana,11,11,0,0,03/08/2025
Ingeniero Budge,6,4,0,2,03/08/2025
Llavallol,7,5,2,0,03/08/2025
Lomas,7,6,0,1,03/08/2025
Parque Baron,4,3,0,1,03/08/2025
San jose,8,7,1,0,03/08/2025
Santa Catalina,10,8,0,2,03/08/2025
Santa Marta,3,3,0,0,03/08/2025
Secretaria Serv. Publicos,10,8,1,1,03/08/2025
Subse Servicios Urbanos,8,6,0,2,03/08/2025
Temperley,7,5,0,2,03/08/2025
Turdera,2,2,0,0,03/08/2025
Villa Albertina,6,4,0,2,03/08/2025
Villa Centenario,4,3,0,1,03/08/2025
Villa Fiorito,5,3,0,2,03/08/2025
Villa Lamadrid,4,2,0,2,03/08/2025
Banfield,6,5,0,1,04/08/2025
Higiene Urbana,11,8,0,3,04/08/2025
Ingeniero Budge,6,4,1,1,04/08/2025
Llavallol,7,6,0,1,04/08/2025
Lomas,8,5,1,2,04/08/2025
Parque Baron,4,3,0,1,04/08/2025
San jose,8,8,0,0,04/08/2025
Santa Catalina,10,7,1,2,04/08/2025
Santa Marta,3,3,0,0,04/08/2025
Secretaria Serv. Publicos,10,8,1,1,04/08/2025
Subse Servicios Urbanos,7,6,0,1,04/08/2025
Temperley,8,5,1,2,04/08/2025
Turdera,2,2,0,0,04/08/2025
Villa Albertina,6,3,1,2,04/08/2025
Villa Centenario,3,3,0,0,04/08/2025
Villa Fiorito,5,3,0,2,04/08/2025
Villa Lamadrid,4,2,0,2,04/08/2025
Banfield,6,4,1,1,05/08/2025
Higiene Urbana,11,8,1,2,05/08/2025
Ingeniero Budge,6,4,1,1,05/08/2025
Llavallol,7,5,1,1,05/08/2025
Lomas,8,7,1,0,05/08/2025
Parque Baron,4,4,0,0,05/08/2025
San jose,8,7,0,1,05/08/2025
Santa Catalina,10,7,1,2,05/08/2025
Santa Marta,3,3,0,0,05/08/2025
Secretaria Serv. Publicos,10,8,1,1,05/08/2025
Subse Servicios Urbanos,7,5,1,1,05/08/2025
Temperley,8,4,1,3,05/08/2025
Turdera,2,2,0,0,05/08/2025
Villa Albertina,6,4,1,1,05/08/2025
Villa Centenario,3,3,0,0,05/08/2025
Villa Fiorito,5,2,0,3,05/08/2025
Villa Lamadrid,4,2,0,2,05/08/2025
Banfield,6,5,0,1,06/08/2025
Higiene Urbana,11,8,1,2,06/08/2025
Ingeniero Budge,6,4,1,1,06/08/2025
Llavallol,7,5,0,2,06/08/2025
Lomas,8,6,0,2,06/08/2025
Parque Baron,4,3,0,1,06/08/2025
San jose,8,7,0,1,06/08/2025
Santa Catalina,10,7,1,2,06/08/2025
Santa Marta,3,3,0,0,06/08/2025
Secretaria Serv. Publicos,10,6,1,3,06/08/2025
Subse Servicios Urbanos,7,4,2,1,06/08/2025
Temperley,8,5,0,3,06/08/2025
Turdera,2,2,0,0,06/08/2025
Villa Albertina,6,5,0,1,06/08/2025
Villa Centenario,3,3,0,0,06/08/2025
Villa Fiorito,5,3,0,2,06/08/2025
Villa Lamadrid,4,2,0,2,06/08/2025
Banfield,6,5,1,0,07/08/2025
Higiene Urbana,11,8,1,2,07/08/2025
Ingeniero Budge,6,5,0,1,07/08/2025
Llavallol,7,5,0,2,07/08/2025
Lomas,8,6,0,2,07/08/2025
Parque Baron,4,3,0,1,07/08/2025
San jose,8,7,1,0,07/08/2025
Santa Catalina,10,6,4,0,07/08/2025
Santa Marta,3,3,0,0,07/08/2025
Secretaria Serv. Publicos,10,6,1,3,07/08/2025
Subse Servicios Urbanos,7,4,1,2,07/08/2025
Temperley,8,5,0,3,07/08/2025
Turdera,2,2,0,0,07/08/2025
Villa Albertina,6,4,0,2,07/08/2025
Villa Centenario,3,3,0,0,07/08/2025
Villa Fiorito,5,3,0,2,07/08/2025
Villa Lamadrid,4,2,0,2,07/08/2025
Banfield,6,4,1,1,10/08/2025
Higiene Urbana,11,8,1,2,10/08/2025
Ingeniero Budge,6,5,0,1,10/08/2025
Llavallol,7,4,1,2,10/08/2025
Lomas,8,6,1,1,10/08/2025
Parque Baron,4,2,1,1,10/08/2025
San jose,8,7,1,0,10/08/2025
Santa Catalina,10,8,2,0,10/08/2025
Santa Marta,3,3,0,0,10/08/2025
Secretaria Serv. Publicos,10,5,2,3,10/08/2025
Subse Servicios Urbanos,7,4,1,2,10/08/2025
Temperley,8,5,0,3,10/08/2025
Turdera,2,2,0,0,10/08/2025
Villa Albertina,6,3,1,2,10/08/2025
Villa Centenario,3,2,1,0,10/08/2025
Villa Fiorito,5,3,0,2,10/08/2025
Villa Lamadrid,4,2,0,2,10/08/2025
Banfield,6,5,1,0,11/08/2025
Higiene Urbana,11,8,0,3,11/08/2025
Ingeniero Budge,6,3,1,2,11/08/2025
Llavallol,7,4,0,3,11/08/2025
Lomas,8,7,0,1,11/08/2025
Parque Baron,4,3,0,1,11/08/2025
San jose,8,7,0,1,11/08/2025
Santa Catalina,10,8,2,0,11/08/2025
Santa Marta,3,2,1,0,11/08/2025
Secretaria Serv. Publicos,10,6,1,3,11/08/2025
Subse Servicios Urbanos,7,4,1,2,11/08/2025
Temperley,8,5,0,3,11/08/2025
Turdera,2,2,0,0,11/08/2025
Villa Albertina,6,4,0,2,11/08/2025
Villa Centenario,3,2,0,1,11/08/2025
Villa Fiorito,5,2,2,1,11/08/2025
Villa Lamadrid,4,1,0,3,11/08/2025
Banfield,6,6,0,0,13/08/2025
Higiene Urbana,11,7,2,2,13/08/2025
Ingeniero Budge,6,4,0,2,13/08/2025
Llavallol,7,5,1,1,13/08/2025
Lomas,8,6,0,2,13/08/2025
Parque Baron,4,3,0,1,13/08/2025
San jose,8,7,0,1,13/08/2025
Santa Catalina,10,8,0,2,13/08/2025
Santa Marta,3,2,0,1,13/08/2025
Secretaria Serv. Publicos,10,7,2,1,13/08/2025
Subse Servicios Urbanos,7,4,0,3,13/08/2025
Temperley,8,5,0,3,13/08/2025
Turdera,2,2,0,0,13/08/2025
Villa Albertina,6,3,1,2,13/08/2025
Villa Centenario,3,2,0,1,13/08/2025
Villa Fiorito,5,2,1,2,13/08/2025
Villa Lamadrid,4,1,0,3,13/08/2025
Banfield,6,6,0,0,17/08/2025
Higiene Urbana,11,8,0,3,17/08/2025
Ingeniero Budge,6,3,0,3,17/08/2025
Llavallol,7,6,0,1,17/08/2025
Lomas,8,6,0,2,17/08/2025
Parque Baron,4,3,0,1,17/08/2025
San jose,8,7,0,1,17/08/2025
Santa Catalina,10,7,0,3,17/08/2025
Santa Marta,3,2,0,1,17/08/2025
Secretaria Serv. Publicos,10,8,1,1,17/08/2025
Subse Servicios Urbanos,7,5,0,2,17/08/2025
Temperley,8,5,0,3,17/08/2025
Turdera,2,2,0,0,17/08/2025
Villa Albertina,6,4,0,2,17/08/2025
Villa Centenario,3,1,1,1,17/08/2025
Villa Fiorito,5,2,1,2,17/08/2025
Villa Lamadrid,4,1,0,3,17/08/2025
Banfield,6,5,1,0,18/08/2025
Higiene Urbana,11,3,5,3,18/08/2025
Ingeniero Budge,6,1,2,3,18/08/2025
Llavallol,7,6,0,1,18/08/2025
Lomas,8,6,0,2,18/08/2025
Parque Baron,4,3,0,1,18/08/2025
San jose,8,7,0,1,18/08/2025
Santa Catalina,10,0,9,1,18/08/2025
Santa Marta,3,2,0,1,18/08/2025
Secretaria Serv. Publicos,10,6,2,2,18/08/2025
Subse Servicios Urbanos,7,5,0,2,18/08/2025
Temperley,8,4,4,0,18/08/2025
Turdera,2,2,0,0,18/08/2025
Villa Albertina,6,5,0,1,18/08/2025
Villa Centenario,3,2,0,1,18/08/2025
Villa Fiorito,5,3,0,2,18/08/2025
Villa Lamadrid,4,1,0,3,18/08/2025
Banfield,6,4,0,2,19/08/2025
Higiene Urbana,11,2,5,4,19/08/2025
Ingeniero Budge,6,2,0,4,19/08/2025
Llavallol,7,5,1,1,19/08/2025
Lomas,8,6,0,2,19/08/2025
Parque Baron,4,3,0,1,19/08/2025
San jose,8,7,0,1,19/08/2025
Santa Catalina,10,0,9,1,19/08/2025
Santa Marta,3,2,1,0,19/08/2025
Secretaria Serv. Publicos,10,7,0,3,19/08/2025
Subse Servicios Urbanos,7,5,0,2,19/08/2025
Temperley,8,3,5,0,19/08/2025
Turdera,2,2,0,0,19/08/2025
Villa Albertina,6,5,0,1,19/08/2025
Villa Centenario,3,1,1,1,19/08/2025
Villa Fiorito,5,2,1,2,19/08/2025
Villa Lamadrid,4,1,0,3,19/08/2025
Banfield,6,4,0,2,20/08/2025
Higiene Urbana,11,5,1,5,20/08/2025
Ingeniero Budge,6,2,0,4,20/08/2025
Llavallol,7,5,0,2,20/08/2025
Lomas,8,6,0,2,20/08/2025
Parque Baron,4,3,0,1,20/08/2025
San jose,8,7,0,1,20/08/2025
Santa Catalina,10,7,2,1,20/08/2025
Santa Marta,3,2,0,1,20/08/2025
Secretaria Serv. Publicos,10,6,1,3,20/08/2025
Subse Servicios Urbanos,7,3,2,2,20/08/2025
Temperley,8,6,1,1,20/08/2025
Turdera,2,2,0,0,20/08/2025
Villa Albertina,6,5,0,1,20/08/2025
Villa Centenario,3,2,0,1,20/08/2025
Villa Fiorito,5,2,1,2,20/08/2025
Villa Lamadrid,4,1,0,3,20/08/2025
Banfield,6,5,0,1,21/08/2025
Higiene Urbana,11,5,1,5,21/08/2025
Ingeniero Budge,6,2,0,4,21/08/2025
Llavallol,7,4,1,2,21/08/2025
Lomas,8,6,0,2,21/08/2025
Parque Baron,4,3,0,1,21/08/2025
San jose,8,7,0,1,21/08/2025
Santa Catalina,10,9,0,1,21/08/2025
Santa Marta,3,3,0,0,21/08/2025
Secretaria Serv. Publicos,10,7,1,2,21/08/2025
Subse Servicios Urbanos,7,5,1,1,21/08/2025
Temperley,8,6,1,1,21/08/2025
Turdera,2,2,0,0,21/08/2025
Villa Albertina,6,5,0,1,21/08/2025
Villa Centenario,3,2,0,1,21/08/2025
Villa Fiorito,5,2,1,2,21/08/2025
Villa Lamadrid,4,1,0,3,21/08/2025
Banfield,6,6,0,0,24/08/2025
Higiene Urbana,11,7,0,4,24/08/2025
Ingeniero Budge,6,3,0,3,24/08/2025
Llavallol,7,6,0,1,24/08/2025
Lomas,8,6,1,1,24/08/2025
Parque Baron,4,3,0,1,24/08/2025
San jose,8,6,0,2,24/08/2025
Santa Catalina,10,8,1,1,24/08/2025
Santa Marta,3,3,0,0,24/08/2025
Secretaria Serv. Publicos,10,7,0,3,24/08/2025
Subse Servicios Urbanos,7,6,1,0,24/08/2025
Temperley,8,5,0,3,24/08/2025
Turdera,2,2,0,0,24/08/2025
Villa Albertina,6,5,0,1,24/08/2025
Villa Centenario,3,2,0,1,24/08/2025
Villa Fiorito,5,1,2,2,24/08/2025
Villa Lamadrid,4,2,0,2,24/08/2025
Banfield,6,6,0,0,25/08/2025
Higiene Urbana,11,7,0,4,25/08/2025
Ingeniero Budge,6,3,1,2,25/08/2025
Llavallol,7,5,0,2,25/08/2025
Lomas,8,5,1,2,25/08/2025
Parque Baron,4,3,0,1,25/08/2025
San jose,8,6,0,2,25/08/2025
Santa Catalina,10,7,2,1,25/08/2025
Santa Marta,3,3,0,0,25/08/2025
Secretaria Serv. Publicos,10,7,0,3,25/08/2025
Subse Servicios Urbanos,7,7,0,0,25/08/2025
Temperley,8,4,0,4,25/08/2025
Turdera,2,2,0,0,25/08/2025
Villa Albertina,6,5,0,1,25/08/2025
Villa Centenario,3,2,0,1,25/08/2025
Villa Fiorito,5,2,1,2,25/08/2025
Villa Lamadrid,4,2,0,2,25/08/2025
Banfield,6,6,0,0,27/08/2025
Higiene Urbana,11,6,0,5,27/08/2025
Ingeniero Budge,6,4,0,2,27/08/2025
Llavallol,7,5,0,2,27/08/2025
Lomas,8,3,1,4,27/08/2025
Parque Baron,4,3,0,1,27/08/2025
San jose,8,6,1,1,27/08/2025
Santa Catalina,10,9,0,1,27/08/2025
Santa Marta,3,3,0,0,27/08/2025
Secretaria Serv. Publicos,10,7,1,2,27/08/2025
Subse Servicios Urbanos,8,6,1,1,27/08/2025
Temperley,7,5,0,2,27/08/2025
Turdera,2,2,0,0,27/08/2025
Villa Albertina,6,5,0,1,27/08/2025
Villa Centenario,3,1,0,2,27/08/2025
Villa Fiorito,5,2,0,3,27/08/2025
Villa Lamadrid,4,1,0,3,27/08/2025
Banfield,6,6,0,0,28/08/2025
Higiene Urbana,11,7,0,4,28/08/2025
Ingeniero Budge,6,4,0,2,28/08/2025
Llavallol,7,5,0,2,28/08/2025
Lomas,8,4,0,4,28/08/2025
Parque Baron,4,2,0,2,28/08/2025
San jose,8,7,0,1,28/08/2025
Santa Catalina,10,5,3,2,28/08/2025
Santa Marta,3,3,0,0,28/08/2025
Secretaria Serv. Publicos,10,6,1,3,28/08/2025
Subse Servicios Urbanos,8,7,0,1,28/08/2025
Temperley,7,6,0,1,28/08/2025
Turdera,2,2,0,0,28/08/2025
Villa Albertina,6,4,1,1,28/08/2025
Villa Centenario,3,2,0,1,28/08/2025
Villa Fiorito,5,2,0,3,28/08/2025
Villa Lamadrid,4,1,0,3,28/08/2025
Banfield,6,6,0,0,31/08/2025
Higiene Urbana,11,6,0,5,31/08/2025
Ingeniero Budge,6,4,1,2,31/08/2025
Llavallol,7,6,0,1,31/08/2025
Lomas,8,6,0,2,31/08/2025
Parque Baron,4,3,0,1,31/08/2025
San jose,8,7,0,1,31/08/2025
Santa Catalina,10,8,0,2,31/08/2025
Santa Marta,3,3,0,0,31/08/2025
Secretaria Serv. Publicos,10,7,1,2,31/08/2025
Subse Servicios Urbanos,7,6,0,1,31/08/2025
Temperley,8,7,0,1,31/08/2025
Turdera,2,2,0,0,31/08/2025
Villa Albertina,6,5,0,1,31/08/2025
Villa Centenario,3,2,0,1,31/08/2025
Villa Fiorito,5,2,0,3,31/08/2025
Villa Lamadrid,4,1,0,3,31/08/2025
Banfield,6,6,0,0,01/09/2025
Higiene Urbana,11,6,0,5,01/09/2025
Ingeniero Budge,6,4,1,2,01/09/2025
Llavallol,7,6,0,1,01/09/2025
Lomas,8,6,0,2,01/09/2025
Parque Baron,4,3,0,1,01/09/2025
San jose,8,7,0,1,01/09/2025
Santa Catalina,10,8,0,2,01/09/2025
Santa Marta,3,3,0,0,01/09/2025
Secretaria Serv. Publicos,10,7,1,2,01/09/2025
Subse Servicios Urbanos,7,6,0,1,01/09/2025
Temperley,8,7,0,1,01/09/2025
Turdera,2,2,0,0,01/09/2025
Villa Albertina,6,5,0,1,01/09/2025
Villa Centenario,3,2,0,1,01/09/2025
Villa Fiorito,5,2,0,3,01/09/2025
Villa Lamadrid,4,1,0,3,01/09/2025
Banfield,6,6,0,0,02/09/2025
Higiene Urbana,11,6,0,5,02/09/2025
Ingeniero Budge,6,4,0,2,02/09/2025
Llavallol,7,6,0,1,02/09/2025
Lomas,8,5,0,1,02/09/2025
Parque Baron,4,3,0,1,02/09/2025
San jose,8,7,0,1,02/09/2025
Santa Catalina,10,9,0,1,02/09/2025
Santa Marta,3,3,0,0,02/09/2025
Secretaria Serv. Publicos,10,7,0,3,02/09/2025
Subse Servicios Urbanos,7,7,0,0,02/09/2025
Temperley,8,6,1,1,02/09/2025
Turdera,2,2,0,0,02/09/2025
Villa Albertina,6,6,0,0,02/09/2025
Villa Centenario,3,2,0,1,02/09/2025
Villa Fiorito,5,3,0,2,02/09/2025
Villa Lamadrid,4,1,0,3,02/09/2025
Banfield,6,6,0,0,03/09/2025
Higiene Urbana,11,6,0,5,03/09/2025
Ingeniero Budge,6,6,0,0,03/09/2025
Llavallol,7,5,0,2,03/09/2025
Lomas,8,5,0,1,03/09/2025
Parque Baron,4,3,0,1,03/09/2025
San jose,8,7,0,1,03/09/2025
Santa Catalina,10,9,0,1,03/09/2025
Santa Marta,3,3,0,0,03/09/2025
Secretaria Serv. Publicos,10,7,1,2,03/09/2025
Subse Servicios Urbanos,7,6,0,0,03/09/2025
Temperley,8,7,0,1,03/09/2025
Turdera,2,2,0,1,03/09/2025
Villa Albertina,6,6,0,0,03/09/2025
Villa Centenario,3,2,0,1,03/09/2025
Villa Fiorito,5,3,0,2,03/09/2025
Villa Lamadrid,4,1,0,3,03/09/2025
Banfield,6,6,0,0,04/09/2025
Higiene Urbana,11,6,0,5,04/09/2025
Ingeniero Budge,6,4,0,2,04/09/2025
Llavallol,7,6,0,1,04/09/2025
Lomas,8,7,0,1,04/09/2025
Parque Baron,4,3,0,1,04/09/2025
San jose,8,6,0,2,04/09/2025
Santa Catalina,10,10,0,0,04/09/2025
Santa Marta,3,3,0,0,04/09/2025
Secretaria Serv. Publicos,10,7,1,2,04/09/2025
Subse Servicios Urbanos,7,7,0,0,04/09/2025
Temperley,8,7,0,1,04/09/2025
Turdera,2,2,0,0,04/09/2025
Villa Albertina,6,5,0,1,04/09/2025
Villa Centenario,3,2,0,1,04/09/2025
Villa Fiorito,5,2,0,3,04/09/2025
Villa Lamadrid,4,1,0,3,04/09/2025
Banfield,6,6,0,0,07/09/2025
Higiene Urbana,11,6,0,5,07/09/2025
Ingeniero Budge,6,4,1,1,07/09/2025
Llavallol,7,6,0,1,07/09/2025
Lomas,8,7,0,1,07/09/2025
Parque Baron,4,3,0,1,07/09/2025
San jose,8,6,0,2,07/09/2025
Santa Catalina,10,10,0,0,07/09/2025
Santa Marta,3,3,0,0,07/09/2025
Secretaria Serv. Publicos,10,7,0,3,07/09/2025
Subse Servicios Urbanos,7,7,0,0,07/09/2025
Temperley,8,8,0,0,07/09/2025
Turdera,2,2,0,0,07/09/2025
Villa Albertina,6,4,0,2,07/09/2025
Villa Centenario,3,2,0,1,07/09/2025
Villa Fiorito,5,2,0,3,07/09/2025
Villa Lamadrid,4,2,0,2,07/09/2025
Banfield,6,6,0,0,08/09/2025
Higiene Urbana,11,6,0,5,08/09/2025
Ingeniero Budge,6,5,0,1,08/09/2025
Llavallol,7,6,0,1,08/09/2025
Lomas,8,7,0,1,08/09/2025
Parque Baron,4,3,0,1,08/09/2025
San jose,8,6,0,2,08/09/2025
Santa Catalina,10,10,0,0,08/09/2025
Santa Marta,3,3,0,0,08/09/2025
Secretaria Serv. Publicos,10,7,0,3,08/09/2025
Subse Servicios Urbanos,7,7,0,0,08/09/2025
Temperley,8,8,0,0,08/09/2025
Turdera,2,2,0,0,08/09/2025
Villa Albertina,6,5,0,1,08/09/2025
Villa Centenario,3,2,0,1,08/09/2025
Villa Fiorito,5,2,0,3,08/09/2025
Villa Lamadrid,4,2,0,2,08/09/2025
Banfield,6,5,0,1,10/09/2025
Higiene Urbana,11,6,0,5,10/09/2025
Ingeniero Budge,6,5,0,1,10/09/2025
Llavallol,7,6,0,1,10/09/2025
Lomas,8,7,0,1,10/09/2025
Parque Baron,4,3,0,1,10/09/2025
San jose,8,6,0,2,10/09/2025
Santa Catalina,10,10,0,0,10/09/2025
Santa Marta,3,3,0,0,10/09/2025
Secretaria Serv. Publicos,10,7,0,3,10/09/2025
Subse Servicios Urbanos,7,7,0,0,10/09/2025
Temperley,8,7,0,1,10/09/2025
Turdera,2,2,0,0,10/09/2025
Villa Albertina,6,5,0,1,10/09/2025
Villa Centenario,3,2,0,1,10/09/2025
Villa Fiorito,5,2,0,3,10/09/2025
Villa Lamadrid,4,1,0,2,10/09/2025
Banfield,6,4,0,2,16/09/2025
Higiene Urbana,11,6,1,4,16/09/2025
Ingeniero Budge,6,5,1,1,16/09/2025
Llavallol,7,5,0,2,16/09/2025
Lomas,8,7,0,1,16/09/2025
Parque Baron,4,3,0,1,16/09/2025
San jose,8,5,0,3,16/09/2025
Santa Catalina,10,8,0,2,16/09/2025
Santa Marta,3,3,0,0,16/09/2025
Secretaria Serv. Publicos,10,7,0,3,16/09/2025
Subse Servicios Urbanos,8,5,0,3,16/09/2025
Temperley,8,6,1,1,16/09/2025
Turdera,2,2,0,0,16/09/2025
Villa Albertina,6,5,1,1,16/09/2025
Villa Centenario,3,2,0,1,16/09/2025
Villa Fiorito,5,2,0,3,16/09/2025
Villa Lamadrid,3,2,0,1,16/09/2025
Banfield,6,4,0,2,17/09/2025
Higiene Urbana,11,7,0,4,17/09/2025
Ingeniero Budge,6,4,1,1,17/09/2025
Llavallol,7,5,0,2,17/09/2025
Lomas,8,7,0,1,17/09/2025
Parque Baron,4,2,1,1,17/09/2025
San jose,8,5,0,3,17/09/2025
Santa Catalina,10,4,3,3,17/09/2025
Santa Marta,3,3,0,0,17/09/2025
Secretaria Serv. Publicos,10,8,0,2,17/09/2025
Subse Servicios Urbanos,8,3,2,3,17/09/2025
Temperley,8,7,0,1,17/09/2025
Turdera,2,2,0,0,17/09/2025
Villa Albertina,6,5,0,1,17/09/2025
Villa Centenario,3,2,0,1,17/09/2025
Villa Fiorito,5,3,0,2,17/09/2025
Villa Lamadrid,3,2,0,1,17/09/2025
Banfield,6,4,0,2,18/09/2025
Higiene Urbana,11,7,0,4,18/09/2025
Ingeniero Budge,6,5,0,1,18/09/2025
Llavallol,7,5,0,2,18/09/2025
Lomas,8,7,0,1,18/09/2025
Parque Baron,4,2,0,2,18/09/2025
San jose,8,5,0,3,18/09/2025
Santa Catalina,10,6,0,4,18/09/2025
Santa Marta,3,3,0,0,18/09/2025
Secretaria Serv. Publicos,10,8,1,1,18/09/2025
Subse Servicios Urbanos,8,4,1,3,18/09/2025
Temperley,8,7,1,0,18/09/2025
Turdera,2,2,0,0,18/09/2025
Villa Albertina,6,5,0,1,18/09/2025
Villa Centenario,3,2,0,1,18/09/2025
Villa Fiorito,5,2,0,3,18/09/2025
Villa Lamadrid,3,2,0,1,18/09/2025
Banfield,6,4,0,2,21/09/2025
Higiene Urbana,11,7,0,4,21/09/2025
Ingeniero Budge,6,5,0,1,21/09/2025
Llavallol,7,5,1,1,21/09/2025
Lomas,8,7,0,1,21/09/2025
Parque Baron,4,3,0,1,21/09/2025
San jose,8,5,0,3,21/09/2025
Santa Catalina,10,7,0,3,21/09/2025
Santa Marta,3,3,0,0,21/09/2025
Secretaria Serv. Publicos,10,6,2,2,21/09/2025
Subse Servicios Urbanos,8,4,1,3,21/09/2025
Temperley,8,7,1,0,21/09/2025
Turdera,2,2,0,0,21/09/2025
Villa Albertina,6,4,1,1,21/09/2025
Villa Centenario,3,2,0,1,21/09/2025
Villa Fiorito,5,1,1,3,21/09/2025
Villa Lamadrid,3,1,1,1,21/09/2025
Banfield,6,4,0,2,22/09/2025
Higiene Urbana,11,7,0,4,22/09/2025
Ingeniero Budge,6,4,1,1,22/09/2025
Llavallol,7,6,1,0,22/09/2025
Lomas,8,6,1,1,22/09/2025
Parque Baron,4,3,0,1,22/09/2025
San jose,8,5,0,3,22/09/2025
Santa Catalina,10,6,1,3,22/09/2025
Santa Marta,3,3,0,0,22/09/2025
Secretaria Serv. Publicos,10,8,1,1,22/09/2025
Subse Servicios Urbanos,8,5,0,3,22/09/2025
Temperley,8,7,1,0,22/09/2025
Turdera,2,2,0,0,22/09/2025
Villa Albertina,6,5,0,1,22/09/2025
Villa Centenario,3,2,0,1,22/09/2025
Villa Fiorito,5,2,0,3,22/09/2025
Villa Lamadrid,3,1,1,1,22/09/2025
Banfield,6,4,0,2,24/09/2025
Higiene Urbana,11,5,0,6,24/09/2025
Ingeniero Budge,6,4,1,1,24/09/2025
Llavallol,7,6,0,1,24/09/2025
Lomas,8,7,0,1,24/09/2025
Parque Baron,4,3,0,1,24/09/2025
San jose,8,5,0,3,24/09/2025
Santa Catalina,10,5,1,4,24/09/2025
Santa Marta,3,3,0,0,24/09/2025
Secretaria Serv. Publicos,10,8,0,2,24/09/2025
Subse Servicios Urbanos,8,4,1,3,24/09/2025
Temperley,8,7,0,1,24/09/2025
Turdera,2,2,0,0,24/09/2025
Villa Albertina,6,4,1,1,24/09/2025
Villa Centenario,3,2,0,1,24/09/2025
Villa Fiorito,5,2,0,3,24/09/2025
Villa Lamadrid,3,2,0,1,24/09/2025
Banfield,6,4,0,2,25/09/2025
Higiene Urbana,11,5,0,6,25/09/2025
Ingeniero Budge,6,4,1,1,25/09/2025
Llavallol,7,4,2,1,25/09/2025
Lomas,8,7,0,1,25/09/2025
Parque Baron,4,3,0,1,25/09/2025
San jose,8,5,0,3,25/09/2025
Santa Catalina,10,5,1,4,25/09/2025
Santa Marta,3,3,0,0,25/09/2025
Secretaria Serv. Publicos,10,8,0,2,25/09/2025
Subse Servicios Urbanos,8,5,1,2,25/09/2025
Temperley,8,7,0,1,25/09/2025
Turdera,2,2,0,0,25/09/2025
Villa Albertina,6,5,0,1,25/09/2025
Villa Centenario,3,2,0,1,25/09/2025
Villa Fiorito,5,2,0,3,25/09/2025
Villa Lamadrid,3,2,0,1,25/09/2025
Banfield,6,3,1,2,28/09/2025
Higiene Urbana,11,6,0,5,28/09/2025
Ingeniero Budge,6,3,2,1,28/09/2025
Llavallol,7,5,1,1,28/09/2025
Lomas,8,7,0,1,28/09/2025
Parque Baron,4,3,0,1,28/09/2025
San jose,8,5,0,3,28/09/2025
Santa Catalina,10,5,1,4,28/09/2025
Santa Marta,3,3,0,0,28/09/2025
Secretaria Serv. Publicos,10,9,0,1,28/09/2025
Subse Servicios Urbanos,8,4,2,2,28/09/2025
Temperley,8,7,0,1,28/09/2025
Turdera,2,2,0,0,28/09/2025
Villa Albertina,6,4,1,1,28/09/2025
Villa Centenario,3,2,0,1,28/09/2025
Villa Fiorito,5,2,0,3,28/09/2025
Villa Lamadrid,3,2,0,1,28/09/2025
Banfield,6,4,0,2,29/09/2025
Higiene Urbana,11,5,0,6,29/09/2025
Ingeniero Budge,6,4,0,2,29/09/2025
Llavallol,7,6,0,1,29/09/2025
Lomas,8,6,0,2,29/09/2025
Parque Baron,4,3,0,1,29/09/2025
San jose,8,5,0,3,29/09/2025
Santa Catalina,10,6,0,4,29/09/2025
Santa Marta,3,2,1,0,29/09/2025
Secretaria Serv. Publicos,10,9,0,1,29/09/2025
Subse Servicios Urbanos,8,6,0,2,29/09/2025
Temperley,8,7,0,1,29/09/2025
Turdera,2,2,0,0,29/09/2025
Villa Albertina,6,5,0,1,29/09/2025
Villa Centenario,3,2,0,1,29/09/2025
Villa Fiorito,5,2,0,3,29/09/2025
Villa Lamadrid,3,1,1,1,29/09/2025
Banfield,6,4,0,2,30/09/2025
Higiene Urbana,11,5,0,6,30/09/2025
Ingeniero Budge,6,3,1,2,30/09/2025
Llavallol,7,6,0,1,30/09/2025
Lomas,8,6,0,2,30/09/2025
Parque Baron,4,3,0,1,30/09/2025
San jose,8,5,0,3,30/09/2025
Santa Catalina,10,6,0,4,30/09/2025
Santa Marta,3,3,0,0,30/09/2025
Secretaria Serv. Publicos,10,8,0,2,30/09/2025
Subse Servicios Urbanos,8,6,0,2,30/09/2025
Temperley,8,7,0,1,30/09/2025
Turdera,2,2,0,0,30/09/2025
Villa Albertina,6,4,0,2,30/09/2025
Villa Centenario,3,2,0,1,30/09/2025
Villa Fiorito,5,1,0,4,30/09/2025
Villa Lamadrid,3,2,0,1,30/09/2025
Banfield,6,5,0,1,01/10/2025
Higiene Urbana,11,5,0,6,01/10/2025
Ingeniero Budge,6,3,1,2,01/10/2025
Llavallol,7,5,1,1,01/10/2025
Lomas,8,6,0,2,01/10/2025
Parque Baron,4,3,0,1,01/10/2025
San jose,8,5,0,3,01/10/2025
Santa Catalina,10,6,3,1,01/10/2025
Santa Marta,3,3,0,0,01/10/2025
Secretaria Serv. Publicos,10,8,0,2,01/10/2025
Subse Servicios Urbanos,8,7,0,1,01/10/2025
Temperley,8,8,0,0,01/10/2025
Turdera,2,2,0,0,01/10/2025
Villa Albertina,6,3,0,3,01/10/2025
Villa Centenario,3,1,1,1,01/10/2025
Villa Fiorito,5,1,0,4,01/10/2025
Villa Lamadrid,3,1,1,1,01/10/2025
Banfield,6,5,0,1,02/10/2025
Higiene Urbana,11,7,0,4,02/10/2025
Ingeniero Budge,6,4,0,2,02/10/2025
Llavallol,7,5,1,1,02/10/2025
Lomas,8,5,1,2,02/10/2025
Parque Baron,4,3,0,1,02/10/2025
San jose,8,5,0,3,02/10/2025
Santa Catalina,10,6,3,1,02/10/2025
Santa Marta,3,3,0,0,02/10/2025
Secretaria Serv. Publicos,10,8,1,1,02/10/2025
Subse Servicios Urbanos,8,6,1,1,02/10/2025
Temperley,8,7,1,0,02/10/2025
Turdera,2,2,0,0,02/10/2025
Villa Albertina,6,4,0,2,02/10/2025
Villa Centenario,3,2,1,0,02/10/2025
Villa Fiorito,5,1,1,3,02/10/2025
Villa Lamadrid,3,1,1,1,02/10/2025
Banfield,6,4,0,2,05/10/2025
Higiene Urbana,11,7,0,4,05/10/2025
Ingeniero Budge,6,4,0,2,05/10/2025
Llavallol,7,5,1,1,05/10/2025
Lomas,8,6,0,2,05/10/2025
Parque Baron,4,3,0,1,05/10/2025
San jose,8,5,0,3,05/10/2025
Santa Catalina,10,7,1,2,05/10/2025
Santa Marta,3,3,0,0,05/10/2025
Secretaria Serv. Publicos,10,7,1,2,05/10/2025
Subse Servicios Urbanos,8,6,1,1,05/10/2025
Temperley,8,6,0,2,05/10/2025
Turdera,2,2,0,0,05/10/2025
Villa Albertina,6,4,1,1,05/10/2025
Villa Centenario,3,3,0,0,05/10/2025
Villa Fiorito,5,5,0,0,05/10/2025
Villa Lamadrid,3,2,0,1,05/10/2025
Banfield,6,4,0,2,06/10/2025
Higiene Urbana,11,7,0,4,06/10/2025
Ingeniero Budge,6,4,0,2,06/10/2025
Llavallol,7,5,0,2,06/10/2025
Lomas,8,6,0,2,06/10/2025
Parque Baron,4,3,0,1,06/10/2025
San jose,8,5,0,3,06/10/2025
Santa Catalina,10,8,0,2,06/10/2025
Santa Marta,3,3,0,0,06/10/2025
Secretaria Serv. Publicos,10,8,0,2,06/10/2025
Subse Servicios Urbanos,8,6,0,2,06/10/2025
Temperley,8,6,0,2,06/10/2025
Turdera,2,2,0,0,06/10/2025
Villa Albertina,6,4,0,2,06/10/2025
Villa Centenario,3,3,0,0,06/10/2025
Villa Fiorito,5,2,0,3,06/10/2025
Villa Lamadrid,3,2,0,1,06/10/2025
Banfield,6,4,0,2,07/10/2025
Higiene Urbana,11,7,0,4,07/10/2025
Ingeniero Budge,6,3,1,2,07/10/2025
Llavallol,7,5,0,2,07/10/2025
Lomas,8,6,0,2,07/10/2025
Parque Baron,4,3,0,1,07/10/2025
San jose,8,5,0,3,07/10/2025
Santa Catalina,10,8,0,2,07/10/2025
Santa Marta,3,3,0,0,07/10/2025
Secretaria Serv. Publicos,10,8,0,2,07/10/2025
Subse Servicios Urbanos,8,6,0,2,07/10/2025
Temperley,8,6,0,2,07/10/2025
Turdera,2,2,0,0,07/10/2025
Villa Albertina,6,3,2,1,07/10/2025
Villa Centenario,3,2,1,0,07/10/2025
Villa Fiorito,5,1,1,3,07/10/2025
Villa Lamadrid,3,2,0,1,07/10/2025
Banfield,6,4,0,2,08/10/2025
Higiene Urbana,11,7,0,4,08/10/2025
Ingeniero Budge,6,4,0,2,08/10/2025
Llavallol,7,5,0,2,08/10/2025
Lomas,7,6,0,2,08/10/2025
Parque Baron,4,3,0,1,08/10/2025
San jose,8,5,0,3,08/10/2025
Santa Catalina,10,7,0,3,08/10/2025
Santa Marta,3,3,0,0,08/10/2025
Secretaria Serv. Publicos,10,9,0,1,08/10/2025
Subse Servicios Urbanos,9,6,0,2,08/10/2025
Temperley,7,6,0,2,08/10/2025
Turdera,2,2,0,0,08/10/2025
Villa Albertina,6,5,0,1,08/10/2025
Villa Centenario,3,2,0,1,08/10/2025
Villa Fiorito,6,1,0,4,08/10/2025
Villa Lamadrid,3,2,0,1,08/10/2025
Banfield,6,4,0,2,12/10/2025
Higiene Urbana,11,6,1,4,12/10/2025
Ingeniero Budge,6,4,0,2,12/10/2025
Llavallol,7,5,0,2,12/10/2025
Lomas,7,6,0,2,12/10/2025
Parque Baron,4,3,0,1,12/10/2025
San jose,8,5,0,3,12/10/2025
Santa Catalina,10,5,3,2,12/10/2025
Santa Marta,3,3,0,0,12/10/2025
Secretaria Serv. Publicos,10,7,1,2,12/10/2025
Subse Servicios Urbanos,9,5,2,1,12/10/2025
Temperley,7,8,0,0,12/10/2025
Turdera,2,2,0,0,12/10/2025
Villa Albertina,6,5,0,1,12/10/2025
Villa Centenario,3,3,0,0,12/10/2025
Villa Fiorito,6,0,1,4,12/10/2025
Villa Lamadrid,3,2,0,1,12/10/2025
Banfield,6,5,0,1,13/10/2025
Higiene Urbana,11,7,0,4,13/10/2025
Ingeniero Budge,6,5,0,1,13/10/2025
Llavallol,7,5,0,2,13/10/2025
Lomas,8,7,0,1,13/10/2025
Parque Baron,4,3,0,1,13/10/2025
San jose,8,5,0,3,13/10/2025
Santa Catalina,10,6,3,1,13/10/2025
Santa Marta,3,3,0,0,13/10/2025
Secretaria Serv. Publicos,10,8,0,2,13/10/2025
Subse Servicios Urbanos,8,5,1,2,13/10/2025
Temperley,8,8,0,0,13/10/2025
Turdera,2,2,0,0,13/10/2025
Villa Albertina,6,4,1,1,13/10/2025
Villa Centenario,3,3,0,0,13/10/2025
Villa Fiorito,5,1,0,4,13/10/2025
Villa Lamadrid,3,2,0,1,13/10/2025
Banfield,6,4,0,2,14/10/2025
Higiene Urbana,11,7,0,4,14/10/2025
Ingeniero Budge,6,5,0,1,14/10/2025
Llavallol,7,5,0,2,14/10/2025
Lomas,7,6,0,1,14/10/2025
Parque Baron,4,3,0,1,14/10/2025
San jose,8,5,0,3,14/10/2025
Santa Catalina,10,9,0,1,14/10/2025
Santa Marta,3,2,0,1,14/10/2025
Secretaria Serv. Publicos,10,8,0,2,14/10/2025
Subse Servicios Urbanos,9,7,0,2,14/10/2025
Temperley,7,7,0,0,14/10/2025
Turdera,2,2,0,0,14/10/2025
Villa Albertina,6,5,0,1,14/10/2025
Villa Centenario,3,3,0,0,14/10/2025
Villa Fiorito,6,3,0,3,14/10/2025
Villa Lamadrid,3,2,0,1,14/10/2025
Banfield,6,4,0,2,15/10/2025
Higiene Urbana,11,7,0,4,15/10/2025
Ingeniero Budge,6,4,1,1,15/10/2025
Llavallol,7,5,0,2,15/10/2025
Lomas,7,6,0,1,15/10/2025
Parque Baron,4,2,1,1,15/10/2025
San jose,8,5,0,3,15/10/2025
Santa Catalina,10,6,3,1,15/10/2025
Santa Marta,3,2,0,1,15/10/2025
Secretaria Serv. Publicos,10,8,0,2,15/10/2025
Subse Servicios Urbanos,9,6,2,1,15/10/2025
Temperley,7,7,0,0,15/10/2025
Turdera,2,2,0,0,15/10/2025
Villa Albertina,6,5,0,1,15/10/2025
Villa Centenario,3,3,0,0,15/10/2025
Villa Fiorito,6,3,0,3,15/10/2025
Villa Lamadrid,3,2,0,1,15/10/2025
Banfield,6,4,0,2,16/10/2025
Higiene Urbana,11,7,1,3,16/10/2025
Ingeniero Budge,6,4,0,2,16/10/2025
Llavallol,7,5,0,2,16/10/2025
Lomas,7,6,0,1,16/10/2025
Parque Baron,4,2,0,2,16/10/2025
San jose,8,5,0,3,16/10/2025
Santa Catalina,10,6,3,1,16/10/2025
Santa Marta,3,2,0,1,16/10/2025
Secretaria Serv. Publicos,10,9,0,1,16/10/2025
Subse Servicios Urbanos,9,4,3,2,16/10/2025
Temperley,7,7,0,0,16/10/2025
Turdera,2,2,0,0,16/10/2025
Villa Albertina,6,4,1,1,16/10/2025
Villa Centenario,3,3,0,0,16/10/2025
Villa Fiorito,6,3,0,3,16/10/2025
Villa Lamadrid,3,2,0,1,16/10/2025
Banfield,6,5,0,1,19/10/2025
Higiene Urbana,11,9,0,2,19/10/2025
Ingeniero Budge,6,4,0,2,19/10/2025
Llavallol,7,4,0,3,19/10/2025
Lomas,7,6,0,1,19/10/2025
Parque Baron,4,2,0,2,19/10/2025
San jose,8,5,1,2,19/10/2025
Santa Catalina,10,6,3,1,19/10/2025
Santa Marta,3,2,0,1,19/10/2025
Secretaria Serv. Publicos,10,9,0,1,19/10/2025
Subse Servicios Urbanos,9,3,1,5,19/10/2025
Temperley,7,6,1,0,19/10/2025
Turdera,2,2,0,0,19/10/2025
Villa Albertina,6,3,0,3,19/10/2025
Villa Centenario,3,3,0,0,19/10/2025
Villa Fiorito,6,3,0,3,19/10/2025
Villa Lamadrid,3,2,0,1,19/10/2025
Banfield,6,4,0,2,20/10/2025
Higiene Urbana,11,8,0,3,20/10/2025
Ingeniero Budge,6,4,0,2,20/10/2025
Llavallol,7,4,0,3,20/10/2025
Lomas,7,6,0,1,20/10/2025
Parque Baron,4,2,0,2,20/10/2025
San jose,8,5,0,3,20/10/2025
Santa Catalina,10,7,2,1,20/10/2025
Santa Marta,3,2,0,1,20/10/2025
Secretaria Serv. Publicos,10,10,0,0,20/10/2025
Subse Servicios Urbanos,9,4,0,5,20/10/2025
Temperley,7,7,0,0,20/10/2025
Turdera,2,2,0,0,20/10/2025
Villa Albertina,6,3,0,3,20/10/2025
Villa Centenario,3,3,0,0,20/10/2025
Villa Fiorito,6,3,0,3,20/10/2025
Villa Lamadrid,3,2,0,1,20/10/2025
Banfield,6,4,0,2,21/10/2025
Higiene Urbana,11,6,0,5,21/10/2025
Ingeniero Budge,6,5,0,1,21/10/2025
Llavallol,7,4,0,3,21/10/2025
Lomas,7,7,0,0,21/10/2025
Parque Baron,4,2,0,2,21/10/2025
San jose,8,5,0,3,21/10/2025
Santa Catalina,10,7,1,2,21/10/2025
Santa Marta,3,3,0,0,21/10/2025
Secretaria Serv. Publicos,10,9,0,1,21/10/2025
Subse Servicios Urbanos,9,3,0,6,21/10/2025
Temperley,7,6,0,1,21/10/2025
Turdera,2,2,0,0,21/10/2025
Villa Albertina,6,3,0,3,21/10/2025
Villa Centenario,3,3,0,0,21/10/2025
Villa Fiorito,6,4,1,1,21/10/2025
Villa Lamadrid,3,2,0,1,21/10/2025
Banfield,6,4,0,2,22/10/2025
Higiene Urbana,11,6,0,5,22/10/2025
Ingeniero Budge,6,3,0,3,22/10/2025
Llavallol,7,4,0,3,22/10/2025
Lomas,7,7,0,0,22/10/2025
Parque Baron,4,2,0,2,22/10/2025
San jose,8,5,0,3,22/10/2025
Santa Catalina,10,7,1,2,22/10/2025
Santa Marta,3,3,0,0,22/10/2025
Secretaria Serv. Publicos,10,9,0,1,22/10/2025
Subse Servicios Urbanos,9,4,0,5,22/10/2025
Temperley,7,6,0,1,22/10/2025
Turdera,2,2,0,0,22/10/2025
Villa Albertina,6,3,0,3,22/10/2025
Villa Centenario,3,3,0,0,22/10/2025
Villa Fiorito,6,4,1,1,22/10/2025
Villa Lamadrid,3,1,1,1,22/10/2025
Banfield,6,3,1,2,23/10/2025
Higiene Urbana,11,6,0,5,23/10/2025
Ingeniero Budge,6,2,1,3,23/10/2025
Llavallol,7,4,0,3,23/10/2025
Lomas,7,7,0,0,23/10/2025
Parque Baron,4,2,0,2,23/10/2025
San jose,8,5,0,3,23/10/2025
Santa Catalina,10,3,5,2,23/10/2025
Santa Marta,3,3,0,0,23/10/2025
Secretaria Serv. Publicos,10,9,0,1,23/10/2025
Subse Servicios Urbanos,9,3,1,5,23/10/2025
Temperley,7,5,1,1,23/10/2025
Turdera,2,2,0,0,23/10/2025
Villa Albertina,6,3,0,3,23/10/2025
Villa Centenario,3,3,0,0,23/10/2025
Villa Fiorito,6,4,1,1,23/10/2025
Villa Lamadrid,3,2,0,1,23/10/2025
Banfield,6,5,0,1,26/10/2025
Higiene Urbana,11,7,0,4,26/10/2025
Ingeniero Budge,6,3,0,3,26/10/2025
Llavallol,7,4,0,3,26/10/2025
Lomas,7,7,0,0,26/10/2025
Parque Baron,4,2,0,2,26/10/2025
San jose,8,6,0,2,26/10/2025
Santa Catalina,10,7,1,2,26/10/2025
Santa Marta,3,3,0,0,26/10/2025
Secretaria Serv. Publicos,10,5,0,5,26/10/2025
Subse Servicios Urbanos,9,8,0,1,26/10/2025
Temperley,7,6,0,1,26/10/2025
Turdera,2,2,0,0,26/10/2025
Villa Albertina,6,3,0,3,26/10/2025
Villa Centenario,3,3,0,0,26/10/2025
Villa Fiorito,6,3,2,1,26/10/2025
Villa Lamadrid,3,2,0,1,26/10/2025
Banfield,6,5,0,1,27/10/2025
Higiene Urbana,11,6,0,5,27/10/2025
Ingeniero Budge,6,3,0,3,27/10/2025
Llavallol,7,4,0,3,27/10/2025
Lomas,7,7,0,0,27/10/2025
Parque Baron,4,2,0,2,27/10/2025
San jose,8,6,0,2,27/10/2025
Santa Catalina,10,7,1,2,27/10/2025
Santa Marta,3,3,0,0,27/10/2025
Secretaria Serv. Publicos,10,8,1,1,27/10/2025
Subse Servicios Urbanos,9,4,0,5,27/10/2025
Temperley,7,6,0,1,27/10/2025
Turdera,2,2,0,0,27/10/2025
Villa Albertina,6,3,0,3,27/10/2025
Villa Centenario,3,2,1,0,27/10/2025
Villa Fiorito,6,4,0,2,27/10/2025
Villa Lamadrid,3,2,0,1,27/10/2025
Banfield,6,5,0,1,28/10/2025
Higiene Urbana,11,8,0,3,28/10/2025
Ingeniero Budge,6,3,0,3,28/10/2025
Llavallol,7,4,1,2,28/10/2025
Lomas,7,7,0,0,28/10/2025
Parque Baron,4,2,0,2,28/10/2025
San jose,8,6,0,2,28/10/2025
Santa Catalina,10,6,3,1,28/10/2025
Santa Marta,3,3,0,0,28/10/2025
Secretaria Serv. Publicos,10,9,0,1,28/10/2025
Subse Servicios Urbanos,9,3,1,5,28/10/2025
Temperley,7,6,1,0,28/10/2025
Turdera,2,2,0,0,28/10/2025
Villa Albertina,6,3,2,1,28/10/2025
Villa Centenario,3,2,0,1,28/10/2025
Villa Fiorito,6,3,1,2,28/10/2025
Villa Lamadrid,3,2,0,1,28/10/2025
Banfield,6,5,0,1,30/10/2025
Higiene Urbana,11,8,0,3,30/10/2025
Ingeniero Budge,6,3,0,3,30/10/2025
Llavallol,7,5,1,1,30/10/2025
Lomas,7,7,0,0,30/10/2025
Parque Baron,4,3,0,1,30/10/2025
San jose,8,6,0,2,30/10/2025
Santa Catalina,10,9,0,1,30/10/2025
Santa Marta,3,3,0,0,30/10/2025
Secretaria Serv. Publicos,10,9,0,1,30/10/2025
Subse Servicios Urbanos,9,6,0,3,30/10/2025
Temperley,7,7,0,0,30/10/2025
Turdera,2,2,0,0,30/10/2025
Villa Albertina,6,4,1,1,30/10/2025
Villa Centenario,3,2,0,1,30/10/2025
Villa Fiorito,6,4,0,2,30/10/2025
Villa Lamadrid,3,2,0,1,30/10/2025
Banfield,6,5,0,1,02/11/2025
Higiene Urbana,11,9,0,2,02/11/2025
Ingeniero Budge,6,3,0,3,02/11/2025
Llavallol,7,6,0,1,02/11/2025
Lomas,7,7,0,0,02/11/2025
Parque Baron,4,3,0,1,02/11/2025
San jose,8,6,0,2,02/11/2025
Santa Catalina,10,6,3,1,02/11/2025
Santa Marta,3,3,0,0,02/11/2025
Secretaria Serv. Publicos,10,9,0,1,02/11/2025
Subse Servicios Urbanos,9,6,0,3,02/11/2025
Temperley,7,7,0,0,02/11/2025
Turdera,2,2,0,0,02/11/2025
Villa Albertina,6,5,0,1,02/11/2025
Villa Centenario,3,2,0,1,02/11/2025
Villa Fiorito,6,3,1,2,02/11/2025
Villa Lamadrid,3,2,0,1,02/11/2025
Banfield,6,3,2,1,03/11/2025
Higiene Urbana,11,8,1,2,03/11/2025
Ingeniero Budge,6,3,0,3,03/11/2025
Llavallol,7,6,0,1,03/11/2025
Lomas,7,7,0,0,03/11/2025
Parque Baron,4,3,0,1,03/11/2025
San jose,8,6,0,2,03/11/2025
Santa Catalina,10,7,0,3,03/11/2025
Santa Marta,3,3,0,0,03/11/2025
Secretaria Serv. Publicos,10,8,0,2,03/11/2025
Subse Servicios Urbanos,9,6,0,3,03/11/2025
Temperley,7,7,0,0,03/11/2025
Turdera,2,2,0,0,03/11/2025
Villa Albertina,6,4,1,1,03/11/2025
Villa Centenario,3,2,0,1,03/11/2025
Villa Fiorito,6,4,0,2,03/11/2025
Villa Lamadrid,3,2,0,1,03/11/2025
Banfield,6,4,1,1,04/11/2025
Higiene Urbana,11,8,1,2,04/11/2025
Ingeniero Budge,6,3,0,3,04/11/2025
Llavallol,7,5,1,1,04/11/2025
Lomas,7,7,0,0,04/11/2025
Parque Baron,4,3,0,1,04/11/2025
San jose,8,6,0,2,04/11/2025
Santa Catalina,10,6,1,3,04/11/2025
Santa Marta,3,3,0,0,04/11/2025
Secretaria Serv. Publicos,10,7,1,2,04/11/2025
Subse Servicios Urbanos,9,5,0,4,04/11/2025
Temperley,7,7,0,0,04/11/2025
Turdera,2,2,0,0,04/11/2025
Villa Albertina,6,5,0,1,04/11/2025
Villa Centenario,3,2,0,1,04/11/2025
Villa Fiorito,6,4,0,2,04/11/2025
Villa Lamadrid,3,2,0,1,04/11/2025
Banfield,6,6,0,0,05/11/2025
Higiene Urbana,11,8,1,2,05/11/2025
Ingeniero Budge,6,3,0,3,05/11/2025
Llavallol,7,5,1,1,05/11/2025
Lomas,7,7,0,0,05/11/2025
Parque Baron,4,3,0,1,05/11/2025
San jose,8,6,0,2,05/11/2025
Santa Catalina,10,7,2,1,05/11/2025
Santa Marta,3,3,0,0,05/11/2025
Secretaria Serv. Publicos,10,8,0,2,05/11/2025
Subse Servicios Urbanos,9,5,0,4,05/11/2025
Temperley,7,7,0,0,05/11/2025
Turdera,2,2,0,0,05/11/2025
Villa Albertina,6,3,0,3,05/11/2025
Villa Centenario,3,2,0,1,05/11/2025
Villa Fiorito,6,4,1,1,05/11/2025
Villa Lamadrid,3,2,0,1,05/11/2025
Banfield,6,6,0,0,06/11/2025
Higiene Urbana,11,8,1,2,06/11/2025
Ingeniero Budge,6,4,0,2,06/11/2025
Llavallol,7,5,1,1,06/11/2025
Lomas,7,7,0,0,06/11/2025
Parque Baron,4,3,0,1,06/11/2025
San jose,8,6,0,2,06/11/2025
Santa Catalina,10,5,4,1,06/11/2025
Santa Marta,3,2,1,0,06/11/2025
Secretaria Serv. Publicos,10,8,1,1,06/11/2025
Subse Servicios Urbanos,9,5,1,3,06/11/2025
Temperley,7,7,0,0,06/11/2025
Turdera,2,2,0,0,06/11/2025
Villa Albertina,6,5,0,1,06/11/2025
Villa Centenario,3,3,0,0,06/11/2025
Villa Fiorito,6,4,1,1,06/11/2025
Villa Lamadrid,3,2,0,1,06/11/2025
Banfield,6,6,0,0,09/11/2025
Higiene Urbana,11,8,1,2,09/11/2025
Ingeniero Budge,6,4,0,2,09/11/2025
Llavallol,7,6,0,1,09/11/2025
Lomas,7,6,1,0,09/11/2025
Parque Baron,4,3,0,1,09/11/2025
San jose,8,6,0,2,09/11/2025
Santa Catalina,10,2,7,1,09/11/2025
Santa Marta,3,3,0,0,09/11/2025
Secretaria Serv. Publicos,10,8,0,2,09/11/2025
Subse Servicios Urbanos,9,6,1,2,09/11/2025
Temperley,7,7,0,0,09/11/2025
Turdera,2,2,0,0,09/11/2025
Villa Albertina,6,5,0,1,09/11/2025
Villa Centenario,3,3,0,0,09/11/2025
Villa Fiorito,6,6,0,0,09/11/2025
Villa Lamadrid,3,2,1,0,09/11/2025
Banfield,6,6,0,0,10/11/2025
Higiene Urbana,11,8,1,2,10/11/2025
Ingeniero Budge,6,4,0,2,10/11/2025
Llavallol,7,6,0,1,10/11/2025
Lomas,7,6,0,1,10/11/2025
Parque Baron,4,3,0,1,10/11/2025
San jose,8,6,0,2,10/11/2025
Santa Catalina,10,6,3,1,10/11/2025
Santa Marta,3,3,0,0,10/11/2025
Secretaria Serv. Publicos,10,8,0,2,10/11/2025
Subse Servicios Urbanos,9,7,0,2,10/11/2025
Temperley,7,7,0,0,10/11/2025
Turdera,2,2,0,0,10/11/2025
Villa Albertina,6,4,0,2,10/11/2025
Villa Centenario,3,2,1,0,10/11/2025
Villa Fiorito,6,4,1,1,10/11/2025
Villa Lamadrid,3,2,1,0,10/11/2025
Banfield,6,5,0,1,11/11/2025
Higiene Urbana,11,8,0,3,11/11/2025
Ingeniero Budge,6,4,0,2,11/11/2025
Llavallol,7,6,0,1,11/11/2025
Lomas,7,6,0,1,11/11/2025
Parque Baron,4,3,0,1,11/11/2025
San jose,8,6,0,2,11/11/2025
Santa Catalina,10,7,0,3,11/11/2025
Santa Marta,3,3,0,0,11/11/2025
Secretaria Serv. Publicos,10,8,0,2,11/11/2025
Subse Servicios Urbanos,9,6,0,3,11/11/2025
Temperley,7,7,0,0,11/11/2025
Turdera,2,2,0,0,11/11/2025
Villa Albertina,6,3,1,2,11/11/2025
Villa Centenario,3,2,0,1,11/11/2025
Villa Fiorito,6,5,1,0,11/11/2025
Villa Lamadrid,3,2,0,1,11/11/2025
Banfield,6,6,0,0,12/11/2025
Higiene Urbana,11,8,0,3,12/11/2025
Ingeniero Budge,6,3,0,3,12/11/2025
Llavallol,7,6,1,0,12/11/2025
Lomas,7,6,0,1,12/11/2025
Parque Baron,4,3,0,1,12/11/2025
San jose,8,6,0,2,12/11/2025
Santa Catalina,10,6,1,3,12/11/2025
Santa Marta,3,3,0,0,12/11/2025
Secretaria Serv. Publicos,10,8,0,2,12/11/2025
Subse Servicios Urbanos,9,6,0,3,12/11/2025
Temperley,7,7,0,0,12/11/2025
Turdera,2,2,0,0,12/11/2025
Villa Albertina,6,5,0,1,12/11/2025
Villa Centenario,3,2,0,1,12/11/2025
Villa Fiorito,6,5,1,0,12/11/2025
Villa Lamadrid,3,2,0,1,12/11/2025
Banfield,6,6,0,0,13/11/2025
Higiene Urbana,11,8,0,3,13/11/2025
Ingeniero Budge,6,3,0,3,13/11/2025
Llavallol,7,7,0,0,13/11/2025
Lomas,7,6,0,1,13/11/2025
Parque Baron,4,3,0,1,13/11/2025
San jose,8,6,0,2,13/11/2025
Santa Catalina,10,6,0,4,13/11/2025
Santa Marta,3,3,0,0,13/11/2025
Secretaria Serv. Publicos,10,8,0,2,13/11/2025
Subse Servicios Urbanos,9,6,0,3,13/11/2025
Temperley,7,6,0,1,13/11/2025
Turdera,2,2,0,0,13/11/2025
Villa Albertina,6,5,0,1,13/11/2025
Villa Centenario,3,2,0,1,13/11/2025
Villa Fiorito,6,4,2,0,13/11/2025
Villa Lamadrid,3,2,0,1,13/11/2025
Banfield,6,5,0,1,16/11/2025
Higiene Urbana,11,8,1,2,16/11/2025
Ingeniero Budge,6,3,0,3,16/11/2025
Llavallol,7,6,0,1,16/11/2025
Lomas,7,5,0,2,16/11/2025
Parque Baron,4,3,0,1,16/11/2025
San jose,8,7,0,1,16/11/2025
Santa Catalina,10,6,1,3,16/11/2025
Santa Marta,3,3,0,0,16/11/2025
Secretaria Serv. Publicos,10,8,0,2,16/11/2025
Subse Servicios Urbanos,9,6,0,3,16/11/2025
Temperley,7,6,1,0,16/11/2025
Turdera,2,2,0,0,16/11/2025
Villa Albertina,6,4,1,1,16/11/2025
Villa Centenario,3,2,0,1,16/11/2025
Villa Fiorito,6,5,1,0,16/11/2025
Villa Lamadrid,3,2,0,1,16/11/2025
Banfield,6,6,0,0,17/11/2025
Higiene Urbana,11,8,1,2,17/11/2025
Ingeniero Budge,6,3,0,3,17/11/2025
Llavallol,7,6,0,1,17/11/2025
Lomas,7,5,0,2,17/11/2025
Parque Baron,4,3,0,1,17/11/2025
San jose,8,7,0,1,17/11/2025
Santa Catalina,10,6,0,4,17/11/2025
Santa Marta,3,3,0,0,17/11/2025
Secretaria Serv. Publicos,10,7,0,3,17/11/2025
Subse Servicios Urbanos,9,6,0,3,17/11/2025
Temperley,7,7,0,0,17/11/2025
Turdera,2,1,0,1,17/11/2025
Villa Albertina,6,4,1,1,17/11/2025
Villa Centenario,3,3,0,0,17/11/2025
Villa Fiorito,6,4,1,1,17/11/2025
Villa Lamadrid,3,3,0,0,17/11/2025
Banfield,6,6,0,0,18/11/2025
Higiene Urbana,11,8,1,2,18/11/2025
Ingeniero Budge,6,3,0,3,18/11/2025
Llavallol,7,6,0,1,18/11/2025
Lomas,7,6,0,1,18/11/2025
Parque Baron,4,2,0,2,18/11/2025
San jose,8,6,0,2,18/11/2025
Santa Catalina,10,6,0,4,18/11/2025
Santa Marta,3,3,0,0,18/11/2025
Secretaria Serv. Publicos,10,8,1,1,18/11/2025
Subse Servicios Urbanos,9,5,1,3,18/11/2025
Temperley,7,7,0,0,18/11/2025
Turdera,2,1,0,1,18/11/2025
Villa Albertina,6,4,1,1,18/11/2025
Villa Centenario,3,3,0,0,18/11/2025
Villa Fiorito,6,4,1,1,18/11/2025
Villa Lamadrid,3,2,1,0,18/11/2025
Banfield,6,6,0,0,24/11/2025
Higiene Urbana,11,8,1,2,24/11/2025
Ingeniero Budge,6,3,0,3,24/11/2025
Llavallol,7,5,0,2,24/11/2025
Lomas,7,6,0,1,24/11/2025
Parque Baron,4,3,0,1,24/11/2025
San jose,8,5,0,3,24/11/2025
Santa Catalina,10,6,0,4,24/11/2025
Santa Marta,3,3,0,0,24/11/2025
Secretaria Serv. Publicos,10,8,0,2,24/11/2025
Subse Servicios Urbanos,9,4,0,5,24/11/2025
Temperley,7,6,0,1,24/11/2025
Turdera,2,2,0,0,24/11/2025
Villa Albertina,6,3,1,2,24/11/2025
Villa Centenario,3,2,1,0,24/11/2025
Villa Fiorito,6,3,1,2,24/11/2025
Villa Lamadrid,3,3,0,0,24/11/2025
Banfield,6,6,0,0,25/11/2025
Higiene Urbana,11,9,0,2,25/11/2025
Ingeniero Budge,6,3,0,3,25/11/2025
Llavallol,7,5,0,2,25/11/2025
Lomas,7,6,0,1,25/11/2025
Parque Baron,4,3,0,1,25/11/2025
San jose,8,6,0,2,25/11/2025
Santa Catalina,10,7,0,3,25/11/2025
Santa Marta,3,2,1,0,25/11/2025
Secretaria Serv. Publicos,10,9,0,1,25/11/2025
Subse Servicios Urbanos,9,5,0,4,25/11/2025
Temperley,7,6,0,1,25/11/2025
Turdera,2,2,0,0,25/11/2025
Villa Albertina,6,4,0,2,25/11/2025
Villa Centenario,3,3,0,0,25/11/2025
Villa Fiorito,6,3,1,2,25/11/2025
Villa Lamadrid,3,3,0,0,25/11/2025
Banfield,6,6,0,0,26/11/2025
Higiene Urbana,11,8,1,2,26/11/2025
Ingeniero Budge,6,3,0,3,26/11/2025
Llavallol,7,6,0,1,26/11/2025
Lomas,7,6,0,1,26/11/2025
Parque Baron,4,3,0,1,26/11/2025
San jose,8,6,0,2,26/11/2025
Santa Catalina,10,5,2,3,26/11/2025
Santa Marta,3,3,0,0,26/11/2025
Secretaria Serv. Publicos,10,10,0,0,26/11/2025
Subse Servicios Urbanos,9,5,1,3,26/11/2025
Temperley,7,6,1,0,26/11/2025
Turdera,2,1,1,0,26/11/2025
Villa Albertina,6,4,0,2,26/11/2025
Villa Centenario,3,3,0,0,26/11/2025
Villa Fiorito,6,4,0,2,26/11/2025
Villa Lamadrid,3,3,0,0,26/11/2025
Banfield,6,6,0,0,27/11/2025
Higiene Urbana,11,9,0,2,27/11/2025
Ingeniero Budge,6,2,1,3,27/11/2025
Llavallol,7,5,0,2,27/11/2025
Lomas,7,7,0,0,27/11/2025
Parque Baron,3,1,1,1,27/11/2025
San jose,8,7,1,0,27/11/2025
Santa Catalina,10,6,0,4,27/11/2025
Santa Marta,3,3,0,0,27/11/2025
Secretaria Serv. Publicos,10,10,0,0,27/11/2025
Subse Servicios Urbanos,9,5,2,2,27/11/2025
Temperley,7,6,1,0,27/11/2025
Turdera,2,1,0,1,27/11/2025
Villa Albertina,6,3,2,1,27/11/2025
Villa Centenario,3,2,1,0,27/11/2025
Villa Fiorito,6,4,0,2,27/11/2025
Villa Lamadrid,3,3,0,0,27/11/2025
Banfield,6,6,0,0,30/11/2025
Higiene Urbana,11,9,0,2,30/11/2025
Ingeniero Budge,6,3,0,3,30/11/2025
Llavallol,7,5,0,2,30/11/2025
Lomas,7,7,0,0,30/11/2025
Parque Baron,3,3,0,0,30/11/2025
San jose,8,7,1,0,30/11/2025
Santa Catalina,10,7,0,3,30/11/2025
Santa Marta,3,3,0,0,30/11/2025
Secretaria Serv. Publicos,10,10,0,0,30/11/2025
Subse Servicios Urbanos,9,7,0,2,30/11/2025
Temperley,7,6,1,0,30/11/2025
Turdera,2,1,0,1,30/11/2025
Villa Albertina,6,2,3,1,30/11/2025
Villa Centenario,3,3,0,0,30/11/2025
Villa Fiorito,6,4,0,2,30/11/2025
Villa Lamadrid,3,3,0,0,30/11/2025
Banfield,6,6,0,0,01/12/2025
Higiene Urbana,11,7,0,4,01/12/2025
Ingeniero Budge,6,3,0,3,01/12/2025
Llavallol,7,5,0,2,01/12/2025
Lomas,7,7,0,0,01/12/2025
Parque Baron,3,2,1,0,01/12/2025
San jose,8,8,0,0,01/12/2025
Santa Catalina,10,6,1,3,01/12/2025
Santa Marta,3,2,1,0,01/12/2025
Secretaria Serv. Publicos,10,10,0,0,01/12/2025
Subse Servicios Urbanos,9,7,0,2,01/12/2025
Temperley,7,7,0,0,01/12/2025
Turdera,2,1,0,1,01/12/2025
Villa Albertina,6,3,2,1,01/12/2025
Villa Centenario,3,3,0,0,01/12/2025
Villa Fiorito,6,4,0,2,01/12/2025
Villa Lamadrid,3,3,0,0,01/12/2025
Banfield,6,4,1,1,02/12/2025
Higiene Urbana,11,7,0,4,02/12/2025
Ingeniero Budge,6,2,1,3,02/12/2025
Llavallol,7,4,0,3,02/12/2025
Lomas,7,7,0,0,02/12/2025
Parque Baron,3,3,0,0,02/12/2025
San jose,8,8,0,0,02/12/2025
Santa Catalina,10,5,3,2,02/12/2025
Santa Marta,3,2,1,0,02/12/2025
Secretaria Serv. Publicos,10,9,0,1,02/12/2025
Subse Servicios Urbanos,9,6,0,3,02/12/2025
Temperley,7,6,0,1,02/12/2025
Turdera,2,1,0,1,02/12/2025
Villa Albertina,6,4,0,2,02/12/2025
Villa Centenario,3,3,0,0,02/12/2025
Villa Fiorito,6,4,0,2,02/12/2025
Villa Lamadrid,3,3,0,0,02/12/2025
Banfield,6,5,0,1,03/12/2025
Higiene Urbana,11,8,0,3,03/12/2025
Ingeniero Budge,6,3,0,3,03/12/2025
Llavallol,7,4,0,3,03/12/2025
Lomas,7,7,0,0,03/12/2025
Parque Baron,3,3,0,0,03/12/2025
San jose,8,6,1,1,03/12/2025
Santa Catalina,10,5,3,2,03/12/2025
Santa Marta,3,3,0,0,03/12/2025
Secretaria Serv. Publicos,10,10,0,0,03/12/2025
Subse Servicios Urbanos,9,6,0,3,03/12/2025
Temperley,7,6,0,1,03/12/2025
Turdera,2,1,0,1,03/12/2025
Villa Albertina,6,4,0,2,03/12/2025
Villa Centenario,3,3,0,0,03/12/2025
Villa Fiorito,6,4,0,2,03/12/2025
Villa Lamadrid,3,2,0,1,03/12/2025
Banfield,6,5,0,1,08/12/2025
Higiene Urbana,11,6,0,5,08/12/2025
Ingeniero Budge,6,3,0,3,08/12/2025
Llavallol,7,6,0,1,08/12/2025
Lomas,7,5,1,1,08/12/2025
Parque Baron,3,3,0,0,08/12/2025
San jose,8,5,2,1,08/12/2025
Santa Catalina,10,5,3,2,08/12/2025
Santa Marta,3,3,0,0,08/12/2025
Secretaria Serv. Publicos,10,10,0,0,08/12/2025
Subse Servicios Urbanos,9,5,1,3,08/12/2025
Temperley,7,6,0,1,08/12/2025
Turdera,2,1,0,1,08/12/2025
Villa Albertina,6,2,0,4,08/12/2025
Villa Centenario,3,3,0,0,08/12/2025
Villa Fiorito,6,4,0,2,08/12/2025
Villa Lamadrid,3,3,0,0,08/12/2025
Banfield,6,5,0,1,09/12/2025
Higiene Urbana,11,8,0,3,09/12/2025
Ingeniero Budge,6,3,0,3,09/12/2025
Llavallol,7,7,0,0,09/12/2025
Lomas,7,7,0,0,09/12/2025
Parque Baron,3,3,0,0,09/12/2025
San jose,8,7,0,1,09/12/2025
Santa Catalina,10,7,0,3,09/12/2025
Santa Marta,3,3,0,0,09/12/2025
Secretaria Serv. Publicos,10,10,0,0,09/12/2025
Subse Servicios Urbanos,9,6,1,2,09/12/2025
Temperley,7,6,0,1,09/12/2025
Turdera,2,1,0,1,09/12/2025
Villa Albertina,6,3,0,3,09/12/2025
Villa Centenario,3,3,0,0,09/12/2025
Villa Fiorito,6,4,0,2,09/12/2025
Villa Lamadrid,3,3,0,0,09/12/2025
Banfield,6,5,0,1,10/12/2025
Higiene Urbana,11,8,0,3,10/12/2025
Ingeniero Budge,6,3,0,3,10/12/2025
Llavallol,7,7,0,0,10/12/2025
Lomas,7,7,0,0,10/12/2025
Parque Baron,3,2,0,1,10/12/2025
San jose,8,7,0,1,10/12/2025
Santa Catalina,10,6,0,4,10/12/2025
Santa Marta,3,2,1,0,10/12/2025
Secretaria Serv. Publicos,10,8,2,0,10/12/2025
Subse Servicios Urbanos,9,6,1,2,10/12/2025
Temperley,7,6,0,1,10/12/2025
Turdera,2,1,0,1,10/12/2025
Villa Albertina,6,3,0,3,10/12/2025
Villa Centenario,3,3,0,0,10/12/2025
Villa Fiorito,6,4,0,2,10/12/2025
Villa Lamadrid,3,3,0,0,10/12/2025
Banfield,6,5,0,1,11/12/2025
Higiene Urbana,11,8,0,3,11/12/2025
Ingeniero Budge,6,3,0,3,11/12/2025
Llavallol,7,6,0,1,11/12/2025
Lomas,7,7,0,0,11/12/2025
Parque Baron,3,2,0,1,11/12/2025
San jose,8,6,1,1,11/12/2025
Santa Catalina,10,5,1,4,11/12/2025
Santa Marta,3,3,0,0,11/12/2025
Secretaria Serv. Publicos,10,9,0,1,11/12/2025
Subse Servicios Urbanos,9,6,0,3,11/12/2025
Temperley,7,6,0,1,11/12/2025
Turdera,2,1,0,1,11/12/2025
Villa Albertina,6,3,0,3,11/12/2025
Villa Centenario,3,3,0,0,11/12/2025
Villa Fiorito,6,4,0,2,11/12/2025
Villa Lamadrid,3,2,1,0,11/12/2025
Banfield,6,4,0,2,14/12/2025
Higiene Urbana,11,8,1,2,14/12/2025
Ingeniero Budge,6,3,0,3,14/12/2025
Llavallol,7,6,0,1,14/12/2025
Lomas,7,6,0,1,14/12/2025
Parque Baron,3,1,1,1,14/12/2025
San jose,8,7,0,1,14/12/2025
Santa Catalina,10,7,0,3,14/12/2025
Santa Marta,3,3,0,0,14/12/2025
Secretaria Serv. Publicos,10,10,0,0,14/12/2025
Subse Servicios Urbanos,9,6,0,3,14/12/2025
Temperley,7,7,0,0,14/12/2025
Turdera,2,1,0,1,14/12/2025
Villa Albertina,6,3,0,3,14/12/2025
Villa Centenario,3,3,0,0,14/12/2025
Villa Fiorito,6,3,1,2,14/12/2025
Villa Lamadrid,3,3,0,0,14/12/2025
Banfield,6,4,0,2,15/12/2025
Higiene Urbana,11,8,1,2,15/12/2025
Ingeniero Budge,6,3,0,3,15/12/2025
Llavallol,7,6,0,1,15/12/2025
Lomas,7,7,0,0,15/12/2025
Parque Baron,3,2,0,1,15/12/2025
San jose,8,7,0,1,15/12/2025
Santa Catalina,10,7,0,3,15/12/2025
Santa Marta,3,3,0,0,15/12/2025
Secretaria Serv. Publicos,10,7,1,2,15/12/2025
Subse Servicios Urbanos,9,6,0,3,15/12/2025
Temperley,7,7,0,0,15/12/2025
Turdera,2,2,0,0,15/12/2025
Villa Albertina,6,2,0,4,15/12/2025
Villa Centenario,3,3,0,0,15/12/2025
Villa Fiorito,6,4,0,2,15/12/2025
Villa Lamadrid,3,3,0,0,15/12/2025
Banfield,6,4,0,2,16/12/2025
Higiene Urbana,11,9,0,2,16/12/2025
Ingeniero Budge,6,2,0,4,16/12/2025
Llavallol,7,6,0,1,16/12/2025
Lomas,7,7,0,0,16/12/2025
Parque Baron,3,2,0,1,16/12/2025
San jose,8,6,0,2,16/12/2025
Santa Catalina,10,7,0,3,16/12/2025
Santa Marta,3,3,0,0,16/12/2025
Secretaria Serv. Publicos,10,7,0,3,16/12/2025
Subse Servicios Urbanos,9,6,0,3,16/12/2025
Temperley,7,7,0,0,16/12/2025
Turdera,2,2,0,0,16/12/2025
Villa Albertina,6,2,0,4,16/12/2025
Villa Centenario,3,3,0,0,16/12/2025
Villa Fiorito,6,2,1,3,16/12/2025
Villa Lamadrid,3,3,0,0,16/12/2025
Banfield,6,4,0,2,17/12/2025
Higiene Urbana,11,8,2,1,17/12/2025
Ingeniero Budge,6,4,0,2,17/12/2025
Llavallol,7,6,0,1,17/12/2025
Lomas,7,5,2,0,17/12/2025
Parque Baron,3,2,0,1,17/12/2025
San jose,8,6,1,1,17/12/2025
Santa Catalina,10,6,1,3,17/12/2025
Santa Marta,3,3,0,0,17/12/2025
Secretaria Serv. Publicos,10,9,0,1,17/12/2025
Subse Servicios Urbanos,9,6,1,2,17/12/2025
Temperley,7,7,0,0,17/12/2025
Turdera,2,2,0,0,17/12/2025
Villa Albertina,6,1,2,3,17/12/2025
Villa Centenario,3,3,0,0,17/12/2025
Villa Fiorito,6,4,0,2,17/12/2025
Villa Lamadrid,3,3,0,0,17/12/2025
Banfield,6,4,0,2,18/12/2025
Higiene Urbana,10,7,2,1,18/12/2025
Ingeniero Budge,5,3,0,2,18/12/2025
Llavallol,7,6,0,1,18/12/2025
Lomas,7,7,0,0,18/12/2025
Parque Baron,4,3,0,1,18/12/2025
San jose,8,7,0,1,18/12/2025
Santa Catalina,10,6,0,4,18/12/2025
Santa Marta,3,3,0,0,18/12/2025
Secretaria Serv. Publicos,10,8,1,1,18/12/2025
Subse Servicios Urbanos,9,6,1,2,18/12/2025
Temperley,7,7,0,0,18/12/2025
Turdera,2,2,0,0,18/12/2025
Villa Albertina,7,2,1,4,18/12/2025
Villa Centenario,3,2,1,0,18/12/2025
Villa Fiorito,6,4,0,2,18/12/2025
Villa Lamadrid,3,3,0,0,18/12/2025
Banfield,6,4,0,2,21/12/2025
Higiene Urbana,10,8,1,1,21/12/2025
Ingeniero Budge,5,2,1,2,21/12/2025
Llavallol,7,5,0,2,21/12/2025
Lomas,7,6,1,0,21/12/2025
Parque Baron,4,2,1,1,21/12/2025
San jose,8,7,0,1,21/12/2025
Santa Catalina,10,6,0,4,21/12/2025
Santa Marta,3,3,0,0,21/12/2025
Secretaria Serv. Publicos,10,8,1,1,21/12/2025
Subse Servicios Urbanos,9,5,1,3,21/12/2025
Temperley,7,7,0,0,21/12/2025
Turdera,2,2,0,0,21/12/2025
Villa Albertina,7,3,0,4,21/12/2025
Villa Centenario,3,3,0,0,21/12/2025
Villa Fiorito,6,3,2,1,21/12/2025
Villa Lamadrid,3,2,1,0,21/12/2025
Banfield,6,5,0,1,22/12/2025
Higiene Urbana,10,8,0,2,22/12/2025
Ingeniero Budge,5,4,0,1,22/12/2025
Llavallol,7,6,0,1,22/12/2025
Lomas,7,6,1,0,22/12/2025
Parque Baron,4,3,0,1,22/12/2025
San jose,8,6,1,1,22/12/2025
Santa Catalina,10,5,1,4,22/12/2025
Santa Marta,3,3,0,0,22/12/2025
Secretaria Serv. Publicos,10,7,1,2,22/12/2025
Subse Servicios Urbanos,9,6,1,2,22/12/2025
Temperley,7,6,1,0,22/12/2025
Turdera,2,1,1,0,22/12/2025
Villa Albertina,7,4,0,3,22/12/2025
Villa Centenario,3,3,0,0,22/12/2025
Villa Fiorito,6,3,2,1,22/12/2025
Villa Lamadrid,3,2,1,0,22/12/2025
Banfield,6,6,0,0,28/12/2025
Higiene Urbana,10,8,0,2,28/12/2025
Ingeniero Budge,5,4,0,1,28/12/2025
Llavallol,7,5,1,1,28/12/2025
Lomas,7,6,0,1,28/12/2025
Parque Baron,4,2,1,1,28/12/2025
San jose,8,6,0,2,28/12/2025
Santa Catalina,10,3,3,4,28/12/2025
Santa Marta,3,3,0,0,28/12/2025
Secretaria Serv. Publicos,10,8,0,2,28/12/2025
Subse Servicios Urbanos,9,5,2,2,28/12/2025
Temperley,7,6,1,0,28/12/2025
Turdera,2,2,0,0,28/12/2025
Villa Albertina,7,3,3,1,28/12/2025
Villa Centenario,3,3,0,0,28/12/2025
Villa Fiorito,6,4,1,1,28/12/2025
Villa Lamadrid,3,2,1,0,28/12/2025
Banfield,6,6,0,0,29/12/2025
Higiene Urbana,10,6,2,2,29/12/2025
Ingeniero Budge,5,3,0,2,29/12/2025
Llavallol,7,6,1,0,29/12/2025
Lomas,7,6,0,1,29/12/2025
Parque Baron,4,3,0,1,29/12/2025
San jose,8,6,1,1,29/12/2025
Santa Catalina,10,5,0,5,29/12/2025
Santa Marta,3,2,1,0,29/12/2025
Secretaria Serv. Publicos,10,8,0,2,29/12/2025
Subse Servicios Urbanos,9,6,0,3,29/12/2025
Temperley,7,6,1,0,29/12/2025
Turdera,2,2,0,0,29/12/2025
Villa Albertina,7,4,2,1,29/12/2025
Villa Centenario,3,3,0,0,29/12/2025
Villa Fiorito,6,4,0,2,29/12/2025
Villa Lamadrid,3,3,0,0,29/12/2025
Banfield,6,5,1,0,01/01/2026
Higiene Urbana,10,6,0,4,01/01/2026
Ingeniero Budge,5,3,0,2,01/01/2026
Llavallol,7,6,1,0,01/01/2026
Lomas,7,5,1,1,01/01/2026
Parque Baron,4,3,0,1,01/01/2026
San jose,8,6,1,1,01/01/2026
Santa Catalina,10,5,0,5,01/01/2026
Santa Marta,3,2,1,0,01/01/2026
Secretaria Serv. Publicos,10,7,1,2,01/01/2026
Subse Servicios Urbanos,9,4,2,3,01/01/2026
Temperley,7,4,2,1,01/01/2026
Turdera,2,1,0,1,01/01/2026
Villa Albertina,7,2,3,2,01/01/2026
Villa Centenario,3,3,0,0,01/01/2026
Villa Fiorito,6,4,0,2,01/01/2026
Villa Lamadrid,3,3,0,0,01/01/2026
Banfield,6,6,0,0,04/01/2026
Higiene Urbana,10,6,0,4,04/01/2026
Ingeniero Budge,5,3,1,1,04/01/2026
Llavallol,7,4,3,0,04/01/2026
Lomas,7,6,1,0,04/01/2026
Parque Baron,4,3,0,1,04/01/2026
San jose,8,6,1,1,04/01/2026
Santa Catalina,10,5,0,5,04/01/2026
Santa Marta,3,3,0,0,04/01/2026
Secretaria Serv. Publicos,10,7,2,1,04/01/2026
Subse Servicios Urbanos,9,5,1,3,04/01/2026
Temperley,7,2,4,1,04/01/2026
Turdera,2,1,0,1,04/01/2026
Villa Albertina,7,2,3,2,04/01/2026
Villa Centenario,3,2,1,0,04/01/2026
Villa Fiorito,6,2,2,2,04/01/2026
Villa Lamadrid,3,2,1,0,04/01/2026
Banfield,6,6,0,0,05/01/2026
Higiene Urbana,10,6,0,4,05/01/2026
Ingeniero Budge,5,3,1,1,05/01/2026
Llavallol,7,4,3,0,05/01/2026
Lomas,7,7,0,0,05/01/2026
Parque Baron,4,3,0,1,05/01/2026
San jose,8,6,1,1,05/01/2026
Santa Catalina,10,5,1,4,05/01/2026
Santa Marta,3,3,0,0,05/01/2026
Secretaria Serv. Publicos,10,7,1,2,05/01/2026
Subse Servicios Urbanos,9,5,1,3,05/01/2026
Temperley,7,4,2,1,05/01/2026
Turdera,2,1,0,1,05/01/2026
Villa Albertina,7,2,3,2,05/01/2026
Villa Centenario,3,3,0,0,05/01/2026
Villa Fiorito,6,2,2,2,05/01/2026
Villa Lamadrid,3,2,1,0,05/01/2026
Banfield,6,6,0,0,06/01/2026
Higiene Urbana,10,6,1,3,06/01/2026
Ingeniero Budge,5,4,0,1,06/01/2026
Llavallol,7,5,2,0,06/01/2026
Lomas,7,7,0,0,06/01/2026
Parque Baron,4,3,0,1,06/01/2026
San jose,8,6,1,1,06/01/2026
Santa Catalina,10,6,3,1,06/01/2026
Santa Marta,3,3,0,0,06/01/2026
Secretaria Serv. Publicos,10,5,3,2,06/01/2026
Subse Servicios Urbanos,9,3,3,3,06/01/2026
Temperley,7,5,1,1,06/01/2026
Turdera,2,1,0,1,06/01/2026
Villa Albertina,7,2,0,5,06/01/2026
Villa Centenario,3,3,0,0,06/01/2026
Villa Fiorito,6,4,0,2,06/01/2026
Villa Lamadrid,3,3,0,0,06/01/2026
Banfield,6,5,1,0,07/01/2026
Higiene Urbana,10,6,1,3,07/01/2026
Ingeniero Budge,5,2,2,1,07/01/2026
Llavallol,7,5,2,0,07/01/2026
Lomas,7,7,0,0,07/01/2026
Parque Baron,4,3,0,1,07/01/2026
San jose,8,6,1,1,07/01/2026
Santa Catalina,10,7,0,3,07/01/2026
Santa Marta,3,2,1,0,07/01/2026
Secretaria Serv. Publicos,10,6,1,3,07/01/2026
Subse Servicios Urbanos,9,5,1,3,07/01/2026
Temperley,7,5,1,1,07/01/2026
Turdera,2,1,0,1,07/01/2026
Villa Albertina,7,2,4,1,07/01/2026
Villa Centenario,3,2,0,1,07/01/2026
Villa Fiorito,6,3,1,2,07/01/2026
Villa Lamadrid,3,3,0,0,07/01/2026
Banfield,6,6,0,0,08/01/2026
Higiene Urbana,10,6,2,2,08/01/2026
Ingeniero Budge,5,3,1,1,08/01/2026
Llavallol,7,4,3,0,08/01/2026
Lomas,7,7,0,0,08/01/2026
Parque Baron,4,3,0,1,08/01/2026
San jose,8,7,0,1,08/01/2026
Santa Catalina,10,7,1,2,08/01/2026
Santa Marta,3,2,1,0,08/01/2026
Secretaria Serv. Publicos,10,7,1,2,08/01/2026
Subse Servicios Urbanos,9,5,1,3,08/01/2026
Temperley,7,5,2,0,08/01/2026
Turdera,2,1,0,1,08/01/2026
Villa Albertina,7,3,3,1,08/01/2026
Villa Centenario,3,2,0,1,08/01/2026
Villa Fiorito,6,3,2,1,08/01/2026
Villa Lamadrid,3,3,0,0,08/01/2026
Banfield,6,4,2,0,11/01/2026
Higiene Urbana,10,6,2,2,11/01/2026
Ingeniero Budge,5,2,2,1,11/01/2026
Llavallol,7,3,4,0,11/01/2026
Lomas,7,6,1,0,11/01/2026
Parque Baron,4,1,1,2,11/01/2026
San jose,8,6,1,1,11/01/2026
Santa Catalina,10,6,2,2,11/01/2026
Santa Marta,3,2,1,0,11/01/2026
Secretaria Serv. Publicos,10,7,1,2,11/01/2026
Subse Servicios Urbanos,9,5,1,3,11/01/2026
Temperley,7,5,2,0,11/01/2026
Turdera,2,1,0,1,11/01/2026
Villa Albertina,7,2,4,1,11/01/2026
Villa Centenario,3,2,0,1,11/01/2026
Villa Fiorito,6,3,2,1,11/01/2026
Villa Lamadrid,3,3,0,0,11/01/2026
Banfield,6,4,1,1,12/01/2026
Higiene Urbana,10,6,1,3,12/01/2026
Ingeniero Budge,5,3,2,0,12/01/2026
Llavallol,7,4,3,0,12/01/2026
Lomas,7,6,1,0,12/01/2026
Parque Baron,4,2,1,1,12/01/2026
San jose,8,6,1,1,12/01/2026
Santa Catalina,10,6,1,3,12/01/2026
Santa Marta,3,2,0,1,12/01/2026
Secretaria Serv. Publicos,10,5,3,2,12/01/2026
Subse Servicios Urbanos,9,6,0,3,12/01/2026
Temperley,7,4,2,1,12/01/2026
Turdera,2,2,0,0,12/01/2026
Villa Albertina,7,2,4,1,12/01/2026
Villa Centenario,3,2,0,1,12/01/2026
Villa Fiorito,6,3,2,1,12/01/2026
Villa Lamadrid,3,3,0,0,12/01/2026
Banfield,6,5,0,1,13/01/2026
Higiene Urbana,10,6,1,3,13/01/2026
Ingeniero Budge,5,1,4,0,13/01/2026
Llavallol,7,3,4,0,13/01/2026
Lomas,7,7,0,0,13/01/2026
Parque Baron,4,2,1,1,13/01/2026
San jose,8,5,1,2,13/01/2026
Santa Catalina,10,6,1,3,13/01/2026
Santa Marta,3,2,0,1,13/01/2026
Secretaria Serv. Publicos,10,7,1,2,13/01/2026
Subse Servicios Urbanos,9,5,1,3,13/01/2026
Temperley,7,2,4,1,13/01/2026
Turdera,2,2,0,0,13/01/2026
Villa Albertina,7,3,2,2,13/01/2026
Villa Centenario,3,2,0,1,13/01/2026
Villa Fiorito,6,4,1,1,13/01/2026
Villa Lamadrid,3,3,0,0,13/01/2026
Banfield,6,5,0,1,14/01/2026
Higiene Urbana,10,6,2,2,14/01/2026
Ingeniero Budge,5,2,3,0,14/01/2026
Llavallol,7,3,4,0,14/01/2026
Lomas,7,7,0,0,14/01/2026
Parque Baron,4,3,0,1,14/01/2026
San jose,8,6,0,2,14/01/2026
Santa Catalina,10,6,1,3,14/01/2026
Santa Marta,3,2,0,1,14/01/2026
Secretaria Serv. Publicos,10,7,2,1,14/01/2026
Subse Servicios Urbanos,9,5,1,3,14/01/2026
Temperley,7,3,3,1,14/01/2026
Turdera,2,2,0,0,14/01/2026
Villa Albertina,7,3,0,4,14/01/2026
Villa Centenario,3,3,0,0,14/01/2026
Villa Fiorito,6,4,0,2,14/01/2026
Villa Lamadrid,3,3,0,0,14/01/2026
Banfield,6,5,0,1,15/01/2026
Higiene Urbana,10,6,2,2,15/01/2026
Ingeniero Budge,5,1,4,0,15/01/2026
Llavallol,7,5,2,0,15/01/2026
Lomas,7,6,1,0,15/01/2026
Parque Baron,4,3,1,0,15/01/2026
San jose,8,6,0,2,15/01/2026
Santa Catalina,10,6,1,3,15/01/2026
Santa Marta,3,2,1,0,15/01/2026
Secretaria Serv. Publicos,10,7,1,2,15/01/2026
Subse Servicios Urbanos,9,3,2,4,15/01/2026
Temperley,7,5,2,0,15/01/2026
Turdera,2,2,0,0,15/01/2026
Villa Albertina,7,4,0,3,15/01/2026
Villa Centenario,3,3,0,0,15/01/2026
Villa Fiorito,6,4,2,0,15/01/2026
Villa Lamadrid,3,3,0,0,15/01/2026
Banfield,6,5,0,1,18/01/2026
Higiene Urbana,10,6,1,3,18/01/2026
Ingeniero Budge,5,3,2,0,18/01/2026
Llavallol,7,4,3,0,18/01/2026
Lomas,7,7,0,0,18/01/2026
Parque Baron,4,2,1,1,18/01/2026
San jose,8,6,0,2,18/01/2026
Santa Catalina,10,5,1,4,18/01/2026
Santa Marta,3,2,1,0,18/01/2026
Secretaria Serv. Publicos,10,7,1,2,18/01/2026
Subse Servicios Urbanos,9,3,1,5,18/01/2026
Temperley,7,4,3,0,18/01/2026
Turdera,2,2,0,0,18/01/2026
Villa Albertina,7,4,2,1,18/01/2026
Villa Centenario,3,3,0,0,18/01/2026
Villa Fiorito,6,3,2,1,18/01/2026
Villa Lamadrid,3,2,1,0,18/01/2026
Banfield,6,5,0,1,19/01/2026
Higiene Urbana,10,5,2,3,19/01/2026
Ingeniero Budge,5,3,2,0,19/01/2026
Llavallol,7,4,3,0,19/01/2026
Lomas,7,6,1,0,19/01/2026
Parque Baron,4,3,0,1,19/01/2026
San jose,8,6,0,2,19/01/2026
Santa Catalina,10,6,2,2,19/01/2026
Santa Marta,3,2,1,0,19/01/2026
Secretaria Serv. Publicos,10,7,1,2,19/01/2026
Subse Servicios Urbanos,9,3,1,5,19/01/2026
Temperley,7,4,3,0,19/01/2026
Turdera,2,2,0,0,19/01/2026
Villa Albertina,7,4,3,0,19/01/2026
Villa Centenario,3,3,0,0,19/01/2026
Villa Fiorito,6,3,1,2,19/01/2026
Villa Lamadrid,3,2,1,0,19/01/2026
Banfield,6,5,1,0,20/01/2026
Higiene Urbana,10,5,1,4,20/01/2026
Ingeniero Budge,5,3,2,0,20/01/2026
Llavallol,7,4,3,0,20/01/2026
Lomas,7,6,1,0,20/01/2026
Parque Baron,4,2,1,1,20/01/2026
San jose,8,5,1,2,20/01/2026
Santa Catalina,10,5,3,2,20/01/2026
Santa Marta,3,2,1,0,20/01/2026
Secretaria Serv. Publicos,10,6,2,2,20/01/2026
Subse Servicios Urbanos,9,4,0,5,20/01/2026
Temperley,7,4,3,0,20/01/2026
Turdera,2,1,1,0,20/01/2026
Villa Albertina,7,3,4,0,20/01/2026
Villa Centenario,3,3,0,0,20/01/2026
Villa Fiorito,6,3,1,2,20/01/2026
Villa Lamadrid,3,3,0,0,20/01/2026
Banfield,6,6,0,0,21/01/2026
Higiene Urbana,10,5,1,4,21/01/2026
Ingeniero Budge,5,3,2,0,21/01/2026
Llavallol,7,4,3,0,21/01/2026
Lomas,7,7,0,0,21/01/2026
Parque Baron,4,2,1,1,21/01/2026
San jose,8,5,0,3,21/01/2026
Santa Catalina,10,6,3,1,21/01/2026
Santa Marta,3,2,1,0,21/01/2026
Secretaria Serv. Publicos,10,4,4,2,21/01/2026
Subse Servicios Urbanos,9,4,0,5,21/01/2026
Temperley,7,4,3,0,21/01/2026
Turdera,2,1,0,1,21/01/2026
Villa Albertina,7,4,3,0,21/01/2026
Villa Centenario,3,3,0,0,21/01/2026
Villa Fiorito,6,3,1,2,21/01/2026
Villa Lamadrid,3,3,0,0,21/01/2026
Banfield,6,5,1,0,22/01/2026
Higiene Urbana,10,5,2,3,22/01/2026
Ingeniero Budge,5,3,2,0,22/01/2026
Llavallol,7,2,5,0,22/01/2026
Lomas,7,7,0,0,22/01/2026
Parque Baron,4,3,0,1,22/01/2026
San jose,8,4,0,4,22/01/2026
Santa Catalina,10,6,3,1,22/01/2026
Santa Marta,3,1,2,0,22/01/2026
Secretaria Serv. Publicos,10,7,1,2,22/01/2026
Subse Servicios Urbanos,9,4,1,4,22/01/2026
Temperley,7,5,2,0,22/01/2026
Turdera,2,1,0,1,22/01/2026
Villa Albertina,7,3,4,0,22/01/2026
Villa Centenario,3,3,0,0,22/01/2026
Villa Fiorito,6,3,1,2,22/01/2026
Villa Lamadrid,3,3,0,0,22/01/2026
Banfield,6,5,1,0,25/01/2026
Higiene Urbana,10,6,2,2,25/01/2026
Ingeniero Budge,5,3,2,0,25/01/2026
Llavallol,7,3,4,0,25/01/2026
Lomas,7,6,1,0,25/01/2026
Parque Baron,4,2,0,2,25/01/2026
San jose,8,3,1,4,25/01/2026
Santa Catalina,10,6,4,0,25/01/2026
Santa Marta,3,2,1,0,25/01/2026
Secretaria Serv. Publicos,10,6,1,3,25/01/2026
Subse Servicios Urbanos,9,4,1,4,25/01/2026
Temperley,7,5,1,1,25/01/2026
Turdera,2,2,0,0,25/01/2026
Villa Albertina,7,3,3,1,25/01/2026
Villa Centenario,3,3,0,0,25/01/2026
Villa Fiorito,6,3,1,2,25/01/2026
Villa Lamadrid,3,3,0,0,25/01/2026
Banfield,6,6,0,0,26/01/2026
Higiene Urbana,10,6,2,2,26/01/2026
Ingeniero Budge,5,2,3,0,26/01/2026
Llavallol,7,4,3,0,26/01/2026
Lomas,7,6,0,1,26/01/2026
Parque Baron,4,2,0,2,26/01/2026
San jose,8,4,0,4,26/01/2026
Santa Catalina,10,6,4,0,26/01/2026
Santa Marta,3,3,0,0,26/01/2026
Secretaria Serv. Publicos,10,6,1,3,26/01/2026
Subse Servicios Urbanos,9,4,1,4,26/01/2026
Temperley,7,5,1,1,26/01/2026
Turdera,2,2,0,0,26/01/2026
Villa Albertina,7,4,1,2,26/01/2026
Villa Centenario,3,3,0,0,26/01/2026
Villa Fiorito,6,3,2,1,26/01/2026
Villa Lamadrid,3,3,0,0,26/01/2026
Banfield,6,5,1,0,27/01/2026
Higiene Urbana,10,6,2,2,27/01/2026
Ingeniero Budge,5,4,1,0,27/01/2026
Llavallol,7,4,3,0,27/01/2026
Lomas,7,6,1,0,27/01/2026
Parque Baron,4,2,1,1,27/01/2026
San jose,8,5,0,3,27/01/2026
Santa Catalina,10,7,3,0,27/01/2026
Santa Marta,3,3,0,0,27/01/2026
Secretaria Serv. Publicos,10,6,1,3,27/01/2026
Subse Servicios Urbanos,9,4,1,4,27/01/2026
Temperley,7,5,1,1,27/01/2026
Turdera,2,2,0,0,27/01/2026
Villa Albertina,7,4,0,3,27/01/2026
Villa Centenario,3,3,0,0,27/01/2026
Villa Fiorito,6,3,2,1,27/01/2026
Villa Lamadrid,3,2,1,0,27/01/2026
Banfield,6,6,0,0,28/01/2026
Higiene Urbana,10,5,2,3,28/01/2026
Ingeniero Budge,5,4,1,0,28/01/2026
Llavallol,7,4,2,1,28/01/2026
Lomas,7,6,1,0,28/01/2026
Parque Baron,4,3,0,1,28/01/2026
San jose,8,5,0,3,28/01/2026
Santa Catalina,10,5,4,1,28/01/2026
Santa Marta,3,2,1,0,28/01/2026
Secretaria Serv. Publicos,10,5,2,3,28/01/2026
Subse Servicios Urbanos,9,4,1,4,28/01/2026
Temperley,7,5,1,1,28/01/2026
Turdera,2,2,0,0,28/01/2026
Villa Albertina,7,3,0,4,28/01/2026
Villa Centenario,3,3,0,0,28/01/2026
Villa Fiorito,6,4,1,1,28/01/2026
Villa Lamadrid,3,2,1,0,28/01/2026
Banfield,6,5,1,0,29/01/2026
Higiene Urbana,10,5,2,3,29/01/2026
Ingeniero Budge,5,4,1,0,29/01/2026
Llavallol,7,4,1,2,29/01/2026
Lomas,7,7,0,0,29/01/2026
Parque Baron,4,3,0,1,29/01/2026
San jose,8,5,1,2,29/01/2026
Santa Catalina,10,5,3,2,29/01/2026
Santa Marta,3,2,1,0,29/01/2026
Secretaria Serv. Publicos,10,6,1,3,29/01/2026
Subse Servicios Urbanos,9,5,0,4,29/01/2026
Temperley,7,6,0,1,29/01/2026
Turdera,2,2,0,0,29/01/2026
Villa Albertina,7,3,0,4,29/01/2026
Villa Centenario,3,3,0,0,29/01/2026
Villa Fiorito,6,4,1,1,29/01/2026
Villa Lamadrid,3,3,0,0,29/01/2026
Banfield,6,5,1,0,01/02/2026
Higiene Urbana,10,6,2,2,01/02/2026
Ingeniero Budge,5,2,2,1,01/02/2026
Llavallol,7,3,1,3,01/02/2026
Lomas,7,6,1,0,01/02/2026
Parque Baron,4,2,1,1,01/02/2026
San jose,8,5,1,2,01/02/2026
Santa Catalina,10,5,5,0,01/02/2026
Santa Marta,3,2,1,0,01/02/2026
Secretaria Serv. Publicos,10,6,1,3,01/02/2026
Subse Servicios Urbanos,9,5,0,4,01/02/2026
Temperley,7,5,1,1,01/02/2026
Turdera,2,2,0,0,01/02/2026
Villa Albertina,7,3,0,4,01/02/2026
Villa Centenario,3,1,2,0,01/02/2026
Villa Fiorito,6,3,2,1,01/02/2026
Villa Lamadrid,3,3,0,0,01/02/2026
Banfield,6,5,1,0,02/02/2026
Higiene Urbana,10,6,2,2,02/02/2026
Ingeniero Budge,5,2,2,1,02/02/2026
Llavallol,7,4,0,3,02/02/2026
Lomas,7,6,1,0,02/02/2026
Parque Baron,4,2,1,1,02/02/2026
San jose,8,5,1,2,02/02/2026
Santa Catalina,10,3,5,2,02/02/2026
Santa Marta,3,2,1,0,02/02/2026
Secretaria Serv. Publicos,10,6,1,3,02/02/2026
Subse Servicios Urbanos,9,5,0,4,02/02/2026
Temperley,7,5,1,1,02/02/2026
Turdera,2,2,0,0,02/02/2026
Villa Albertina,7,2,1,4,02/02/2026
Villa Centenario,3,0,3,0,02/02/2026
Villa Fiorito,6,3,2,1,02/02/2026
Villa Lamadrid,3,3,0,0,02/02/2026
Banfield,6,4,2,0,03/02/2026
Higiene Urbana,10,6,2,2,03/02/2026
Ingeniero Budge,5,4,0,1,03/02/2026
Llavallol,7,4,1,2,03/02/2026
Lomas,7,6,0,1,03/02/2026
Parque Baron,4,2,1,1,03/02/2026
San jose,8,5,1,2,03/02/2026
Santa Catalina,10,5,1,4,03/02/2026
Santa Marta,3,1,2,0,03/02/2026
Secretaria Serv. Publicos,10,6,1,3,03/02/2026
Subse Servicios Urbanos,9,5,0,4,03/02/2026
Temperley,7,5,1,1,03/02/2026
Turdera,2,2,0,0,03/02/2026
Villa Albertina,7,2,1,4,03/02/2026
Villa Centenario,3,2,0,1,03/02/2026
Villa Fiorito,6,3,2,1,03/02/2026
Villa Lamadrid,3,2,1,0,03/02/2026
Banfield,6,4,2,0,04/02/2026
Higiene Urbana,10,7,1,2,04/02/2026
Ingeniero Budge,5,4,0,1,04/02/2026
Llavallol,7,4,1,2,04/02/2026
Lomas,7,6,0,1,04/02/2026
Parque Baron,4,3,0,1,04/02/2026
San jose,8,5,1,2,04/02/2026
Santa Catalina,10,5,2,3,04/02/2026
Santa Marta,3,2,1,0,04/02/2026
Secretaria Serv. Publicos,10,6,1,3,04/02/2026
Subse Servicios Urbanos,9,4,0,5,04/02/2026
Temperley,7,5,1,1,04/02/2026
Turdera,2,2,0,0,04/02/2026
Villa Albertina,7,3,0,4,04/02/2026
Villa Centenario,3,2,1,0,04/02/2026
Villa Fiorito,6,2,1,3,04/02/2026
Villa Lamadrid,3,2,1,0,04/02/2026
Banfield,6,5,1,0,05/02/2026
Higiene Urbana,10,6,2,2,05/02/2026
Ingeniero Budge,5,4,0,1,05/02/2026
Llavallol,7,5,0,2,05/02/2026
Lomas,7,6,0,1,05/02/2026
Parque Baron,4,2,0,2,05/02/2026
San jose,8,5,1,2,05/02/2026
Santa Catalina,10,6,1,3,05/02/2026
Santa Marta,3,2,1,0,05/02/2026
Secretaria Serv. Publicos,10,6,1,3,05/02/2026
Subse Servicios Urbanos,9,3,1,5,05/02/2026
Temperley,7,4,2,1,05/02/2026
Turdera,2,2,0,0,05/02/2026
Villa Albertina,7,3,0,4,05/02/2026
Villa Centenario,3,2,1,0,05/02/2026
Villa Fiorito,6,2,1,3,05/02/2026
Villa Lamadrid,3,3,0,0,05/02/2026
Banfield,6,3,3,0,08/02/2026
Higiene Urbana,10,6,0,4,08/02/2026
Ingeniero Budge,5,3,2,0,08/02/2026
Llavallol,7,5,0,2,08/02/2026
Lomas,7,6,1,0,08/02/2026
Parque Baron,4,1,1,2,08/02/2026
San jose,8,4,2,2,08/02/2026
Santa Catalina,10,6,1,3,08/02/2026
Santa Marta,3,2,1,0,08/02/2026
Secretaria Serv. Publicos,10,6,1,3,08/02/2026
Subse Servicios Urbanos,9,5,1,3,08/02/2026
Temperley,7,5,1,1,08/02/2026
Turdera,2,2,0,0,08/02/2026
Villa Albertina,7,3,0,4,08/02/2026
Villa Centenario,3,2,1,0,08/02/2026
Villa Fiorito,6,3,2,1,08/02/2026
Villa Lamadrid,3,2,0,1,08/02/2026
Banfield,6,5,1,0,09/02/2026
Higiene Urbana,10,6,0,4,09/02/2026
Ingeniero Budge,5,3,1,1,09/02/2026
Llavallol,7,5,0,2,09/02/2026
Lomas,7,5,2,0,09/02/2026
Parque Baron,4,2,1,1,09/02/2026
San jose,8,4,1,3,09/02/2026
Santa Catalina,10,6,2,2,09/02/2026
Santa Marta,3,2,1,0,09/02/2026
Secretaria Serv. Publicos,10,6,1,3,09/02/2026
Subse Servicios Urbanos,9,4,2,3,09/02/2026
Temperley,7,5,2,0,09/02/2026
Turdera,2,2,0,0,09/02/2026
Villa Albertina,7,2,1,4,09/02/2026
Villa Centenario,3,1,2,0,09/02/2026
Villa Fiorito,6,3,1,2,09/02/2026
Villa Lamadrid,3,2,0,1,09/02/2026
Banfield,6,4,2,0,10/02/2026
Higiene Urbana,10,6,1,3,10/02/2026
Ingeniero Budge,5,2,2,1,10/02/2026
Llavallol,7,5,0,2,10/02/2026
Lomas,7,5,2,0,10/02/2026
Parque Baron,4,2,1,1,10/02/2026
San jose,8,4,2,2,10/02/2026
Santa Catalina,10,5,2,3,10/02/2026
Santa Marta,3,2,1,0,10/02/2026
Secretaria Serv. Publicos,10,6,1,3,10/02/2026
Subse Servicios Urbanos,9,4,2,3,10/02/2026
Temperley,7,5,2,0,10/02/2026
Turdera,2,2,0,0,10/02/2026
Villa Albertina,7,2,1,4,10/02/2026
Villa Centenario,3,0,3,0,10/02/2026
Villa Fiorito,6,2,3,1,10/02/2026
Villa Lamadrid,3,3,0,0,10/02/2026
Banfield,6,4,2,0,11/02/2026
Higiene Urbana,10,6,1,3,11/02/2026
Ingeniero Budge,5,2,2,1,11/02/2026
Llavallol,7,5,0,2,11/02/2026
Lomas,7,5,2,0,11/02/2026
Parque Baron,4,2,1,1,11/02/2026
San jose,8,5,1,2,11/02/2026
Santa Catalina,10,4,3,3,11/02/2026
Santa Marta,3,2,1,0,11/02/2026
Secretaria Serv. Publicos,10,5,2,3,11/02/2026
Subse Servicios Urbanos,9,5,1,3,11/02/2026
Temperley,7,5,2,0,11/02/2026
Turdera,2,2,0,0,11/02/2026
Villa Albertina,7,2,1,4,11/02/2026
Villa Centenario,3,1,2,0,11/02/2026
Villa Fiorito,6,3,2,1,11/02/2026
Villa Lamadrid,3,3,0,0,11/02/2026
Banfield,6,6,0,0,12/02/2026
Higiene Urbana,10,6,1,3,12/02/2026
Ingeniero Budge,5,4,1,0,12/02/2026
Llavallol,7,5,0,2,12/02/2026
Lomas,7,6,1,0,12/02/2026
Parque Baron,4,3,0,1,12/02/2026
San jose,8,4,3,1,12/02/2026
Santa Catalina,10,5,2,3,12/02/2026
Santa Marta,3,2,1,0,12/02/2026
Secretaria Serv. Publicos,10,6,1,3,12/02/2026
Subse Servicios Urbanos,9,4,2,3,12/02/2026
Temperley,7,5,2,0,12/02/2026
Turdera,2,2,0,0,12/02/2026
Villa Albertina,7,3,1,3,12/02/2026
Villa Centenario,3,1,2,0,12/02/2026
Villa Fiorito,6,3,1,2,12/02/2026
Villa Lamadrid,3,3,0,0,12/02/2026
Banfield,6,4,2,0,17/02/2026
Higiene Urbana,10,7,2,1,17/02/2026
Ingeniero Budge,5,3,2,0,17/02/2026
Llavallol,7,4,1,2,17/02/2026
Lomas,7,6,1,0,17/02/2026
Parque Baron,4,3,0,1,17/02/2026
San jose,8,5,2,1,17/02/2026
Santa Catalina,10,3,4,3,17/02/2026
Santa Marta,3,2,1,0,17/02/2026
Secretaria Serv. Publicos,10,3,4,3,17/02/2026
Subse Servicios Urbanos,9,5,1,3,17/02/2026
Temperley,7,5,2,0,17/02/2026
Turdera,2,2,0,0,17/02/2026
Villa Albertina,7,2,0,5,17/02/2026
Villa Centenario,3,2,1,0,17/02/2026
Villa Fiorito,6,2,3,1,17/02/2026
Villa Lamadrid,3,0,3,0,17/02/2026
Banfield,6,0,6,0,18/02/2026
Higiene Urbana,10,6,1,3,18/02/2026
Ingeniero Budge,5,0,5,0,18/02/2026
Llavallol,7,0,6,1,18/02/2026
Lomas,7,0,7,0,18/02/2026
Parque Baron,4,1,1,2,18/02/2026
San jose,8,1,4,3,18/02/2026
Santa Catalina,10,3,4,3,18/02/2026
Santa Marta,3,0,3,0,18/02/2026
Secretaria Serv. Publicos,10,7,1,2,18/02/2026
Subse Servicios Urbanos,9,3,3,3,18/02/2026
Temperley,7,0,7,0,18/02/2026
Turdera,2,0,2,0,18/02/2026
Villa Albertina,7,0,3,4,18/02/2026
Villa Centenario,3,0,3,0,18/02/2026
Villa Fiorito,6,2,3,1,18/02/2026
Villa Lamadrid,3,0,3,0,18/02/2026
Banfield,6,5,1,0,19/02/2026
Higiene Urbana,10,6,1,3,19/02/2026
Ingeniero Budge,5,2,3,0,19/02/2026
Llavallol,7,5,1,1,19/02/2026
Lomas,7,6,1,0,19/02/2026
Parque Baron,4,2,1,1,19/02/2026
San jose,8,4,1,3,19/02/2026
Santa Catalina,10,6,1,3,19/02/2026
Santa Marta,3,2,1,0,19/02/2026
Secretaria Serv. Publicos,10,7,1,2,19/02/2026
Subse Servicios Urbanos,9,5,1,3,19/02/2026
Temperley,7,5,2,0,19/02/2026
Turdera,2,1,1,0,19/02/2026
Villa Albertina,7,2,1,4,19/02/2026
Villa Centenario,3,2,1,0,19/02/2026
Villa Fiorito,6,5,0,1,19/02/2026
Villa Lamadrid,3,1,1,1,19/02/2026
Banfield,6,5,1,0,22/02/2026
Higiene Urbana,10,6,1,3,22/02/2026
Ingeniero Budge,5,2,3,0,22/02/2026
Llavallol,7,5,1,1,22/02/2026
Lomas,7,6,1,0,22/02/2026
Parque Baron,4,2,1,1,22/02/2026
San jose,8,3,2,3,22/02/2026
Santa Catalina,10,6,2,2,22/02/2026
Santa Marta,3,3,0,0,22/02/2026
Secretaria Serv. Publicos,10,7,1,2,22/02/2026
Subse Servicios Urbanos,9,4,3,2,22/02/2026
Temperley,7,6,1,0,22/02/2026
Turdera,2,1,0,1,22/02/2026
Villa Albertina,7,2,2,3,22/02/2026
Villa Centenario,3,2,1,0,22/02/2026
Villa Fiorito,6,5,0,1,22/02/2026
Villa Lamadrid,3,1,1,1,22/02/2026
Banfield,6,3,2,1,23/02/2026
Higiene Urbana,10,6,0,4,23/02/2026
Ingeniero Budge,5,2,3,0,23/02/2026
Llavallol,7,4,0,3,23/02/2026
Lomas,7,7,0,0,23/02/2026
Parque Baron,4,2,0,2,23/02/2026
San jose,8,3,2,3,23/02/2026
Santa Catalina,10,6,2,2,23/02/2026
Santa Marta,3,3,0,0,23/02/2026
Secretaria Serv. Publicos,10,7,0,3,23/02/2026
Subse Servicios Urbanos,9,4,1,4,23/02/2026
Temperley,7,6,0,1,23/02/2026
Turdera,2,1,0,1,23/02/2026
Villa Albertina,7,2,1,4,23/02/2026
Villa Centenario,3,2,1,0,23/02/2026
Villa Fiorito,6,5,0,1,23/02/2026
Villa Lamadrid,3,1,0,2,23/02/2026
Banfield,6,4,2,0,24/02/2026
Higiene Urbana,10,5,1,4,24/02/2026
Ingeniero Budge,5,2,3,0,24/02/2026
Llavallol,7,4,0,3,24/02/2026
Lomas,7,7,0,0,24/02/2026
Parque Baron,4,2,0,2,24/02/2026
San jose,8,3,2,3,24/02/2026
Santa Catalina,10,6,2,2,24/02/2026
Santa Marta,3,3,0,0,24/02/2026
Secretaria Serv. Publicos,10,7,0,3,24/02/2026
Subse Servicios Urbanos,9,3,2,4,24/02/2026
Temperley,7,6,0,1,24/02/2026
Turdera,2,1,0,1,24/02/2026
Villa Albertina,7,1,3,3,24/02/2026
Villa Centenario,3,3,0,0,24/02/2026
Villa Fiorito,6,4,0,2,24/02/2026
Villa Lamadrid,3,1,0,2,24/02/2026
Banfield,6,4,2,0,25/02/2026
Higiene Urbana,10,6,0,4,25/02/2026
Ingeniero Budge,5,2,3,0,25/02/2026
Llavallol,7,4,0,3,25/02/2026
Lomas,7,7,0,0,25/02/2026
Parque Baron,4,3,0,1,25/02/2026
San jose,8,4,1,3,25/02/2026
Santa Catalina,10,5,3,2,25/02/2026
Santa Marta,3,3,0,0,25/02/2026
Secretaria Serv. Publicos,10,6,1,3,25/02/2026
Subse Servicios Urbanos,9,5,1,3,25/02/2026
Temperley,7,6,0,1,25/02/2026
Turdera,2,1,0,1,25/02/2026
Villa Albertina,7,2,3,2,25/02/2026
Villa Centenario,3,2,1,0,25/02/2026
Villa Fiorito,6,5,0,1,25/02/2026
Villa Lamadrid,3,1,0,2,25/02/2026
Banfield,6,5,1,0,26/02/2026
Higiene Urbana,10,6,1,3,26/02/2026
Ingeniero Budge,5,2,3,0,26/02/2026
Llavallol,7,6,0,1,26/02/2026
Lomas,7,7,0,0,26/02/2026
Parque Baron,4,3,0,1,26/02/2026
San jose,8,4,2,2,26/02/2026
Santa Catalina,10,5,1,4,26/02/2026
Santa Marta,3,3,0,0,26/02/2026
Secretaria Serv. Publicos,10,7,1,2,26/02/2026
Subse Servicios Urbanos,9,5,1,3,26/02/2026
Temperley,7,6,0,1,26/02/2026
Turdera,2,1,0,1,26/02/2026
Villa Albertina,7,2,3,2,26/02/2026
Villa Centenario,3,3,0,0,26/02/2026
Villa Fiorito,6,4,1,1,26/02/2026
Villa Lamadrid,3,1,0,2,26/02/2026
Banfield,6,6,0,0,02/03/2026
Higiene Urbana,10,6,0,4,02/03/2026
Ingeniero Budge,5,3,2,0,02/03/2026
Llavallol,7,5,1,1,02/03/2026
Lomas,7,6,1,0,02/03/2026
Parque Baron,4,3,0,1,02/03/2026
San jose,8,3,2,3,02/03/2026
Santa Catalina,10,5,1,4,02/03/2026
Santa Marta,3,3,0,0,02/03/2026
Secretaria Serv. Publicos,10,8,0,2,02/03/2026
Subse Servicios Urbanos,9,4,2,3,02/03/2026
Temperley,7,6,0,1,02/03/2026
Turdera,2,1,0,1,02/03/2026
Villa Albertina,7,3,2,2,02/03/2026
Villa Centenario,3,2,1,0,02/03/2026
Villa Fiorito,6,4,1,1,02/03/2026
Villa Lamadrid,3,1,0,2,02/03/2026
Banfield,6,5,1,0,03/03/2026
Higiene Urbana,10,6,0,4,03/03/2026
Ingeniero Budge,5,3,2,0,03/03/2026
Llavallol,7,3,3,1,03/03/2026
Lomas,7,6,0,1,03/03/2026
Parque Baron,4,3,0,1,03/03/2026
San jose,8,3,2,3,03/03/2026
Santa Catalina,10,3,2,5,03/03/2026
Santa Marta,3,3,0,0,03/03/2026
Secretaria Serv. Publicos,10,7,1,2,03/03/2026
Subse Servicios Urbanos,9,5,1,3,03/03/2026
Temperley,7,6,0,1,03/03/2026
Turdera,2,1,0,1,03/03/2026
Villa Albertina,7,4,1,2,03/03/2026
Villa Centenario,3,2,1,0,03/03/2026
Villa Fiorito,6,5,0,1,03/03/2026
Villa Lamadrid,3,1,0,2,03/03/2026
Banfield,6,6,0,0,04/03/2026
Higiene Urbana,10,5,1,4,04/03/2026
Ingeniero Budge,5,3,2,0,04/03/2026
Llavallol,7,5,0,2,04/03/2026
Lomas,7,6,0,1,04/03/2026
Parque Baron,4,2,0,2,04/03/2026
San jose,8,4,1,3,04/03/2026
Santa Catalina,10,4,1,5,04/03/2026
Santa Marta,3,2,1,0,04/03/2026
Secretaria Serv. Publicos,10,8,1,1,04/03/2026
Subse Servicios Urbanos,9,7,0,2,04/03/2026
Temperley,7,5,0,2,04/03/2026
Turdera,2,2,0,0,04/03/2026
Villa Albertina,7,4,0,3,04/03/2026
Villa Centenario,3,3,0,0,04/03/2026
Villa Fiorito,6,5,0,1,04/03/2026
Villa Lamadrid,3,1,0,2,04/03/2026
Banfield,6,6,0,0,05/03/2026
Higiene Urbana,10,5,5,0,05/03/2026
Ingeniero Budge,5,2,3,0,05/03/2026
Llavallol,7,4,1,2,05/03/2026
Lomas,7,6,0,1,05/03/2026
Parque Baron,4,2,0,2,05/03/2026
San jose,8,4,1,3,05/03/2026
Santa Catalina,10,5,1,4,05/03/2026
Santa Marta,3,2,1,0,05/03/2026
Secretaria Serv. Publicos,10,8,1,1,05/03/2026
Subse Servicios Urbanos,9,6,1,2,05/03/2026
Temperley,7,5,0,2,05/03/2026
Turdera,2,2,0,0,05/03/2026
Villa Albertina,7,3,0,4,05/03/2026
Villa Centenario,3,2,1,0,05/03/2026
Villa Fiorito,6,5,0,1,05/03/2026
Villa Lamadrid,3,1,0,2,05/03/2026
Banfield,6,6,0,0,08/03/2026
Higiene Urbana,10,5,1,4,08/03/2026
Ingeniero Budge,5,3,2,0,08/03/2026
Llavallol,7,4,1,2,08/03/2026
Lomas,7,6,0,1,08/03/2026
Parque Baron,4,3,0,1,08/03/2026
San jose,8,5,0,3,08/03/2026
Santa Catalina,10,5,1,4,08/03/2026
Santa Marta,3,3,0,0,08/03/2026
Secretaria Serv. Publicos,10,8,1,1,08/03/2026
Subse Servicios Urbanos,9,7,0,2,08/03/2026
Temperley,7,5,0,2,08/03/2026
Turdera,2,2,0,0,08/03/2026
Villa Albertina,7,3,0,4,08/03/2026
Villa Centenario,3,3,0,0,08/03/2026
Villa Fiorito,6,5,0,1,08/03/2026
Villa Lamadrid,3,1,0,2,08/03/2026
Banfield,6,6,0,0,09/03/2026
Higiene Urbana,10,5,1,4,09/03/2026
Ingeniero Budge,5,3,2,0,09/03/2026
Llavallol,7,5,0,2,09/03/2026
Lomas,7,6,0,1,09/03/2026
Parque Baron,4,3,0,1,09/03/2026
San jose,8,4,1,3,09/03/2026
Santa Catalina,10,7,0,3,09/03/2026
Santa Marta,3,3,0,0,09/03/2026
Secretaria Serv. Publicos,10,8,1,1,09/03/2026
Subse Servicios Urbanos,9,6,0,3,09/03/2026
Temperley,7,4,0,3,09/03/2026
Turdera,2,2,0,0,09/03/2026
Villa Albertina,7,4,0,3,09/03/2026
Villa Centenario,3,2,1,0,09/03/2026
Villa Fiorito,6,5,0,1,09/03/2026
Villa Lamadrid,3,1,0,2,09/03/2026
Banfield,6,6,0,0,10/03/2026
Higiene Urbana,10,5,1,4,10/03/2026
Ingeniero Budge,5,4,1,0,10/03/2026
Llavallol,7,5,1,1,10/03/2026
Lomas,7,6,0,1,10/03/2026
Parque Baron,4,2,0,2,10/03/2026
San jose,8,4,1,3,10/03/2026
Santa Catalina,10,7,0,3,10/03/2026
Santa Marta,3,1,2,0,10/03/2026
Secretaria Serv. Publicos,10,8,1,1,10/03/2026
Subse Servicios Urbanos,9,6,0,3,10/03/2026
Temperley,7,3,1,3,10/03/2026
Turdera,2,2,0,0,10/03/2026
Villa Albertina,7,3,0,4,10/03/2026
Villa Centenario,3,2,1,0,10/03/2026
Villa Fiorito,6,5,0,1,10/03/2026
Villa Lamadrid,3,1,0,2,10/03/2026
Banfield,6,6,0,0,11/03/2026
Higiene Urbana,10,5,0,5,11/03/2026
Ingeniero Budge,5,4,1,0,11/03/2026
Llavallol,7,5,0,2,11/03/2026
Lomas,7,6,0,1,11/03/2026
Parque Baron,4,3,0,1,11/03/2026
San jose,8,5,0,3,11/03/2026
Santa Catalina,10,7,0,3,11/03/2026
Santa Marta,3,2,1,0,11/03/2026
Secretaria Serv. Publicos,10,6,1,3,11/03/2026
Subse Servicios Urbanos,9,7,0,2,11/03/2026
Temperley,7,5,0,2,11/03/2026
Turdera,2,2,0,0,11/03/2026
Villa Albertina,7,4,0,3,11/03/2026
Villa Centenario,3,3,0,0,11/03/2026
Villa Fiorito,6,5,0,1,11/03/2026
Villa Lamadrid,3,1,0,2,11/03/2026
Banfield,6,5,1,0,12/03/2026
Higiene Urbana,10,5,0,5,12/03/2026
Ingeniero Budge,5,4,1,0,12/03/2026
Llavallol,7,5,0,2,12/03/2026
Lomas,7,6,0,1,12/03/2026
Parque Baron,4,3,0,1,12/03/2026
San jose,8,5,0,3,12/03/2026
Santa Catalina,10,7,1,2,12/03/2026
Santa Marta,3,2,1,0,12/03/2026
Secretaria Serv. Publicos,10,8,1,1,12/03/2026
Subse Servicios Urbanos,9,5,0,4,12/03/2026
Temperley,7,6,0,1,12/03/2026
Turdera,2,2,0,0,12/03/2026
Villa Albertina,7,4,0,3,12/03/2026
Villa Centenario,3,3,0,0,12/03/2026
Villa Fiorito,6,5,0,1,12/03/2026
Villa Lamadrid,3,1,0,2,12/03/2026
Banfield,6,6,0,0,15/03/2026
Higiene Urbana,10,5,0,5,15/03/2026
Ingeniero Budge,5,4,1,0,15/03/2026
Llavallol,7,5,0,2,15/03/2026
Lomas,7,6,0,1,15/03/2026
Parque Baron,4,2,1,1,15/03/2026
San jose,8,5,0,3,15/03/2026
Santa Catalina,10,7,0,3,15/03/2026
Santa Marta,3,3,0,0,15/03/2026
Secretaria Serv. Publicos,10,8,1,1,15/03/2026
Subse Servicios Urbanos,9,5,0,4,15/03/2026
Temperley,7,6,0,1,15/03/2026
Turdera,2,2,0,0,15/03/2026
Villa Albertina,7,4,0,3,15/03/2026
Villa Centenario,3,2,0,1,15/03/2026
Villa Fiorito,6,3,1,2,15/03/2026
Villa Lamadrid,3,3,0,0,15/03/2026
Banfield,6,4,2,0,16/03/2026
Higiene Urbana,10,5,0,5,16/03/2026
Ingeniero Budge,5,4,0,1,16/03/2026
Llavallol,7,5,0,2,16/03/2026
Lomas,7,6,0,1,16/03/2026
Parque Baron,4,3,0,1,16/03/2026
San jose,8,5,0,3,16/03/2026
Santa Catalina,10,8,0,2,16/03/2026
Santa Marta,3,3,0,0,16/03/2026
Secretaria Serv. Publicos,10,8,1,1,16/03/2026
Subse Servicios Urbanos,9,5,0,4,16/03/2026
Temperley,7,6,0,1,16/03/2026
Turdera,2,2,0,0,16/03/2026
Villa Albertina,7,5,0,2,16/03/2026
Villa Centenario,3,3,0,0,16/03/2026
Villa Fiorito,6,5,0,1,16/03/2026
Villa Lamadrid,3,1,1,1,16/03/2026
Banfield,6,6,0,0,17/03/2026
Higiene Urbana,10,5,0,5,17/03/2026
Ingeniero Budge,5,4,1,0,17/03/2026
Llavallol,7,5,1,1,17/03/2026
Lomas,7,5,0,2,17/03/2026
Parque Baron,4,2,1,1,17/03/2026
San jose,8,5,0,3,17/03/2026
Santa Catalina,10,7,0,3,17/03/2026
Santa Marta,3,3,0,0,17/03/2026
Secretaria Serv. Publicos,10,5,3,2,17/03/2026
Subse Servicios Urbanos,9,5,0,4,17/03/2026
Temperley,7,6,0,1,17/03/2026
Turdera,2,2,0,0,17/03/2026
Villa Albertina,7,4,0,3,17/03/2026
Villa Centenario,3,2,0,1,17/03/2026
Villa Fiorito,6,4,0,2,17/03/2026
Villa Lamadrid,3,1,0,2,17/03/2026
Banfield,6,6,0,0,18/03/2026
Higiene Urbana,10,5,0,5,18/03/2026
Ingeniero Budge,5,4,0,1,18/03/2026
Llavallol,7,4,2,1,18/03/2026
Lomas,7,6,0,1,18/03/2026
Parque Baron,4,2,1,1,18/03/2026
San jose,8,4,0,4,18/03/2026
Santa Catalina,10,6,1,3,18/03/2026
Santa Marta,3,3,0,0,18/03/2026
Secretaria Serv. Publicos,10,6,2,2,18/03/2026
Subse Servicios Urbanos,9,5,0,4,18/03/2026
Temperley,7,6,0,1,18/03/2026
Turdera,2,2,0,0,18/03/2026
Villa Albertina,7,4,0,3,18/03/2026
Villa Centenario,3,2,0,1,18/03/2026
Villa Fiorito,6,4,0,2,18/03/2026
Villa Lamadrid,3,2,0,1,18/03/2026
Banfield,6,6,0,0,19/03/2026
Higiene Urbana,10,5,0,5,19/03/2026
Ingeniero Budge,5,4,0,1,19/03/2026
Llavallol,7,3,0,4,19/03/2026
Lomas,7,6,0,1,19/03/2026
Parque Baron,4,2,1,1,19/03/2026
San jose,8,3,1,4,19/03/2026
Santa Catalina,10,7,0,3,19/03/2026
Santa Marta,3,2,0,1,19/03/2026
Secretaria Serv. Publicos,10,7,1,2,19/03/2026
Subse Servicios Urbanos,9,5,0,4,19/03/2026
Temperley,7,6,0,1,19/03/2026
Turdera,2,2,0,0,19/03/2026
Villa Albertina,7,4,0,3,19/03/2026
Villa Centenario,3,2,0,1,19/03/2026
Villa Fiorito,6,5,0,1,19/03/2026
Villa Lamadrid,3,2,0,1,19/03/2026
Banfield,6,4,0,2,24/03/2026
Higiene Urbana,10,7,0,3,24/03/2026
Ingeniero Budge,5,3,0,2,24/03/2026
Llavallol,7,5,0,2,24/03/2026
Lomas,7,6,0,1,24/03/2026
Parque Baron,4,3,0,1,24/03/2026
San jose,8,5,0,3,24/03/2026
Santa Catalina,10,7,0,3,24/03/2026
Santa Marta,3,3,0,0,24/03/2026
Secretaria Serv. Publicos,10,8,1,1,24/03/2026
Subse Servicios Urbanos,9,5,0,4,24/03/2026
Temperley,7,6,0,1,24/03/2026
Turdera,2,1,0,1,24/03/2026
Villa Albertina,7,4,0,3,24/03/2026
Villa Centenario,3,3,0,0,24/03/2026
Villa Fiorito,6,5,0,1,24/03/2026
Villa Lamadrid,3,2,0,1,24/03/2026
Banfield,6,5,0,1,25/03/2026
Higiene Urbana,10,7,0,3,25/03/2026
Ingeniero Budge,5,4,0,1,25/03/2026
Llavallol,7,4,0,3,25/03/2026
Lomas,7,7,0,0,25/03/2026
Parque Baron,4,3,0,1,25/03/2026
San jose,8,5,0,3,25/03/2026
Santa Catalina,10,7,0,3,25/03/2026
Santa Marta,3,2,0,1,25/03/2026
Secretaria Serv. Publicos,10,8,1,1,25/03/2026
Subse Servicios Urbanos,9,5,0,4,25/03/2026
Temperley,7,6,0,1,25/03/2026
Turdera,2,1,0,1,25/03/2026
Villa Albertina,7,4,0,3,25/03/2026
Villa Centenario,3,3,0,0,25/03/2026
Villa Fiorito,6,4,0,2,25/03/2026
Villa Lamadrid,3,1,1,1,25/03/2026
Banfield,6,5,0,1,26/03/2026
Higiene Urbana,10,7,0,3,26/03/2026
Ingeniero Budge,5,4,0,1,26/03/2026
Llavallol,7,4,0,3,26/03/2026
Lomas,7,7,2,0,26/03/2026
Parque Baron,4,3,0,1,26/03/2026
San jose,8,5,0,3,26/03/2026
Santa Catalina,10,7,0,3,26/03/2026
Santa Marta,3,3,0,0,26/03/2026
Secretaria Serv. Publicos,10,5,0,5,26/03/2026
Subse Servicios Urbanos,9,5,0,4,26/03/2026
Temperley,7,6,0,1,26/03/2026
Turdera,2,1,0,1,26/03/2026
Villa Albertina,7,4,0,3,26/03/2026
Villa Centenario,3,3,0,0,26/03/2026
Villa Fiorito,6,5,0,1,26/03/2026
Villa Lamadrid,3,2,0,1,26/03/2026
Banfield,6,6,0,0,29/03/2026
Higiene Urbana,10,8,0,2,29/03/2026
Ingeniero Budge,5,4,0,1,29/03/2026
Llavallol,7,4,0,3,29/03/2026
Lomas,7,7,0,0,29/03/2026
Parque Baron,4,3,0,1,29/03/2026
San jose,8,4,0,4,29/03/2026
Santa Catalina,10,7,0,3,29/03/2026
Santa Marta,3,2,0,1,29/03/2026
Secretaria Serv. Publicos,10,5,4,1,29/03/2026
Subse Servicios Urbanos,9,3,0,6,29/03/2026
Temperley,7,6,0,1,29/03/2026
Turdera,2,2,0,0,29/03/2026
Villa Albertina,7,4,0,3,29/03/2026
Villa Centenario,3,3,0,0,29/03/2026
Villa Fiorito,6,4,0,2,29/03/2026
Villa Lamadrid,3,2,0,1,29/03/2026
Banfield,6,5,0,1,30/03/2026
Higiene Urbana,10,8,0,2,30/03/2026
Ingeniero Budge,5,4,0,1,30/03/2026
Llavallol,7,4,0,3,30/03/2026
Lomas,7,7,0,0,30/03/2026
Parque Baron,4,3,0,1,30/03/2026
San jose,8,4,1,3,30/03/2026
Santa Catalina,10,6,0,4,30/03/2026
Santa Marta,3,2,1,0,30/03/2026
Secretaria Serv. Publicos,10,5,4,1,30/03/2026
Subse Servicios Urbanos,9,3,2,4,30/03/2026
Temperley,7,6,0,1,30/03/2026
Turdera,2,2,0,0,30/03/2026
Villa Albertina,7,4,0,3,30/03/2026
Villa Centenario,3,3,0,0,30/03/2026
Villa Fiorito,6,4,1,1,30/03/2026
Villa Lamadrid,3,2,0,1,30/03/2026
Banfield,6,5,0,1,31/03/2026
Higiene Urbana,10,10,0,0,31/03/2026
Ingeniero Budge,5,4,0,1,31/03/2026
Llavallol,7,5,0,2,31/03/2026
Lomas,7,4,1,2,31/03/2026
Parque Baron,4,3,0,1,31/03/2026
San jose,8,6,0,2,31/03/2026
Santa Catalina,10,6,0,4,31/03/2026
Santa Marta,3,3,0,0,31/03/2026
Secretaria Serv. Publicos,10,9,0,1,31/03/2026
Subse Servicios Urbanos,9,2,1,6,31/03/2026
Temperley,7,6,0,1,31/03/2026
Turdera,2,2,0,0,31/03/2026
Villa Albertina,7,5,0,2,31/03/2026
Villa Centenario,3,2,1,0,31/03/2026
Villa Fiorito,6,5,1,1,31/03/2026
Villa Lamadrid,3,2,0,1,31/03/2026
Banfield,6,5,0,1,05/04/2026
Higiene Urbana,9,0,1,8,05/04/2026
Ingeniero Budge,5,3,1,1,05/04/2026
Llavallol,7,5,0,2,05/04/2026
Lomas,10,7,0,3,05/04/2026
Parque Baron,4,2,1,1,05/04/2026
San jose,8,5,0,3,05/04/2026
Santa Catalina,10,4,2,4,05/04/2026
Santa Marta,3,3,0,0,05/04/2026
Secretaria Serv. Publicos,6,4,0,2,05/04/2026
Subse Servicios Urbanos,11,4,1,6,05/04/2026
Temperley,7,6,0,1,05/04/2026
Turdera,2,2,0,0,05/04/2026
Villa Albertina,7,3,0,4,05/04/2026
Villa Centenario,4,3,0,1,05/04/2026
Villa Fiorito,6,5,0,1,05/04/2026
Villa Lamadrid,3,1,1,1,05/04/2026
Banfield,6,5,0,1,06/04/2026
Higiene Urbana,9,7,0,2,06/04/2026
Ingeniero Budge,5,3,1,1,06/04/2026
Llavallol,7,5,0,2,06/04/2026
Lomas,10,7,0,3,06/04/2026
Parque Baron,4,2,1,1,06/04/2026
San jose,8,5,0,3,06/04/2026
Santa Catalina,10,6,0,4,06/04/2026
Santa Marta,3,3,0,0,06/04/2026
Secretaria Serv. Publicos,6,5,0,1,06/04/2026
Subse Servicios Urbanos,11,5,0,6,06/04/2026
Temperley,7,6,0,1,06/04/2026
Turdera,2,2,0,0,06/04/2026
Villa Albertina,7,3,0,4,06/04/2026
Villa Centenario,4,3,0,1,06/04/2026
Villa Fiorito,6,4,0,2,06/04/2026
Villa Lamadrid,3,2,0,1,06/04/2026
Banfield,6,5,0,1,07/04/2026
Higiene Urbana,9,8,0,1,07/04/2026
Ingeniero Budge,5,3,1,1,07/04/2026
Llavallol,7,5,0,2,07/04/2026
Lomas,10,7,0,3,07/04/2026
Parque Baron,4,3,0,1,07/04/2026
San jose,8,5,0,3,07/04/2026
Santa Catalina,10,6,1,3,07/04/2026
Santa Marta,3,3,0,0,07/04/2026
Secretaria Serv. Publicos,6,5,0,1,07/04/2026
Subse Servicios Urbanos,11,6,0,5,07/04/2026
Temperley,7,6,0,1,07/04/2026
Turdera,2,2,0,0,07/04/2026
Villa Albertina,7,2,2,3,07/04/2026
Villa Centenario,4,4,0,0,07/04/2026
Villa Fiorito,6,4,0,2,07/04/2026
Villa Lamadrid,3,1,1,1,07/04/2026
Banfield,6,4,0,2,08/04/2026
Higiene Urbana,9,8,0,1,08/04/2026
Ingeniero Budge,5,3,1,1,08/04/2026
Llavallol,7,5,0,2,08/04/2026
Lomas,10,8,0,2,08/04/2026
Parque Baron,4,3,0,1,08/04/2026
San jose,8,4,0,4,08/04/2026
Santa Catalina,10,6,0,4,08/04/2026
Santa Marta,3,3,0,0,08/04/2026
Secretaria Serv. Publicos,6,5,0,1,08/04/2026
Subse Servicios Urbanos,11,6,0,5,08/04/2026
Temperley,7,7,0,0,08/04/2026
Turdera,2,2,0,0,08/04/2026
Villa Albertina,7,6,0,1,08/04/2026
Villa Centenario,4,4,0,0,08/04/2026
Villa Fiorito,6,3,1,2,08/04/2026
Villa Lamadrid,3,1,0,2,08/04/2026
Banfield,6,4,0,2,09/04/2026
Higiene Urbana,9,7,1,1,09/04/2026
Ingeniero Budge,5,4,0,1,09/04/2026
Llavallol,7,5,0,2,09/04/2026
Lomas,10,7,1,2,09/04/2026
Parque Baron,4,3,0,1,09/04/2026
San jose,8,6,0,2,09/04/2026
Santa Catalina,10,5,1,4,09/04/2026
Santa Marta,3,2,1,0,09/04/2026
Secretaria Serv. Publicos,6,4,1,1,09/04/2026
Subse Servicios Urbanos,11,7,0,4,09/04/2026
Temperley,7,6,0,1,09/04/2026
Turdera,2,2,0,0,09/04/2026
Villa Albertina,7,4,0,3,09/04/2026
Villa Centenario,4,4,0,0,09/04/2026
Villa Fiorito,6,4,0,2,09/04/2026
Villa Lamadrid,3,0,1,2,09/04/2026
Banfield,6,3,1,2,12/04/2026
Higiene Urbana,9,7,0,2,12/04/2026
Ingeniero Budge,5,4,0,1,12/04/2026
Llavallol,7,5,0,2,12/04/2026
Lomas,10,7,1,2,12/04/2026
Parque Baron,4,2,1,1,12/04/2026
San jose,8,6,0,2,12/04/2026
Santa Catalina,10,5,0,5,12/04/2026
Santa Marta,3,2,1,0,12/04/2026
Secretaria Serv. Publicos,6,5,0,1,12/04/2026
Subse Servicios Urbanos,11,5,1,5,12/04/2026
Temperley,7,6,0,1,12/04/2026
Turdera,2,2,0,0,12/04/2026
Villa Albertina,7,4,0,3,12/04/2026
Villa Centenario,4,4,0,0,12/04/2026
Villa Fiorito,6,3,0,3,12/04/2026
Villa Lamadrid,3,0,1,2,12/04/2026
Banfield,6,5,0,1,13/04/2026
Higiene Urbana,9,5,1,3,13/04/2026
Ingeniero Budge,5,4,0,1,13/04/2026
Llavallol,7,5,0,2,13/04/2026
Lomas,10,6,1,3,13/04/2026
Parque Baron,4,4,0,0,13/04/2026
San jose,8,5,1,2,13/04/2026
Santa Catalina,10,6,0,4,13/04/2026
Santa Marta,3,3,0,0,13/04/2026
Secretaria Serv. Publicos,6,5,0,1,13/04/2026
Subse Servicios Urbanos,11,5,1,5,13/04/2026
Temperley,7,6,0,1,13/04/2026
Turdera,2,2,0,0,13/04/2026
Villa Albertina,7,4,0,3,13/04/2026
Villa Centenario,4,4,0,0,13/04/2026
Villa Fiorito,6,3,1,2,13/04/2026
Villa Lamadrid,3,1,0,2,13/04/2026
Banfield,6,5,0,1,14/04/2026
Higiene Urbana,9,2,3,4,14/04/2026
Ingeniero Budge,5,4,0,1,14/04/2026
Llavallol,7,5,0,2,14/04/2026
Lomas,10,6,1,3,14/04/2026
Parque Baron,4,3,1,0,14/04/2026
San jose,8,6,0,2,14/04/2026
Santa Catalina,10,7,0,3,14/04/2026
Santa Marta,3,2,1,0,14/04/2026
Secretaria Serv. Publicos,6,5,0,1,14/04/2026
Subse Servicios Urbanos,11,5,0,6,14/04/2026
Temperley,7,6,0,1,14/04/2026
Turdera,2,2,0,0,14/04/2026
Villa Albertina,7,4,0,3,14/04/2026
Villa Centenario,4,4,0,0,14/04/2026
Villa Fiorito,6,4,0,2,14/04/2026
Villa Lamadrid,3,1,0,2,14/04/2026
Banfield,6,5,0,1,15/04/2026
Higiene Urbana,9,4,1,4,15/04/2026
Ingeniero Budge,5,4,0,1,15/04/2026
Llavallol,7,5,0,2,15/04/2026
Lomas,10,4,3,3,15/04/2026
Parque Baron,4,4,0,0,15/04/2026
San jose,8,6,0,2,15/04/2026
Santa Catalina,10,5,2,3,15/04/2026
Santa Marta,3,2,0,1,15/04/2026
Secretaria Serv. Publicos,6,5,0,1,15/04/2026
Subse Servicios Urbanos,11,5,0,6,15/04/2026
Temperley,7,6,0,1,15/04/2026
Turdera,2,2,0,0,15/04/2026
Villa Albertina,7,3,2,2,15/04/2026
Villa Centenario,4,4,0,0,15/04/2026
Villa Fiorito,6,3,1,2,15/04/2026
Villa Lamadrid,3,1,0,2,15/04/2026
Banfield,6,5,0,1,16/04/2026
Higiene Urbana,9,3,1,5,16/04/2026
Ingeniero Budge,5,4,0,1,16/04/2026
Llavallol,7,5,1,1,16/04/2026
Lomas,10,6,1,3,16/04/2026
Parque Baron,4,4,0,0,16/04/2026
San jose,8,6,0,2,16/04/2026
Santa Catalina,10,6,0,4,16/04/2026
Santa Marta,3,2,0,1,16/04/2026
Secretaria Serv. Publicos,6,4,1,1,16/04/2026
Subse Servicios Urbanos,11,6,0,5,16/04/2026
Temperley,7,6,0,1,16/04/2026
Turdera,2,2,0,0,16/04/2026
Villa Albertina,7,3,2,2,16/04/2026
Villa Centenario,4,4,0,0,16/04/2026
Villa Fiorito,6,4,0,2,16/04/2026
Villa Lamadrid,3,1,0,2,16/04/2026
Banfield,6,5,0,1,19/04/2026
Higiene Urbana,9,4,1,4,19/04/2026
Ingeniero Budge,5,4,0,1,19/04/2026
Llavallol,7,5,0,2,19/04/2026
Lomas,10,6,1,3,19/04/2026
Parque Baron,4,2,2,0,19/04/2026
San jose,8,6,0,2,19/04/2026
Santa Catalina,10,5,2,3,19/04/2026
Santa Marta,3,1,1,1,19/04/2026
Secretaria Serv. Publicos,6,5,0,1,19/04/2026
Subse Servicios Urbanos,11,6,0,5,19/04/2026
Temperley,7,6,0,1,19/04/2026
Turdera,2,2,0,0,19/04/2026
Villa Albertina,7,4,1,2,19/04/2026
Villa Centenario,4,4,0,0,19/04/2026
Villa Fiorito,6,4,0,2,19/04/2026
Villa Lamadrid,3,1,0,2,19/04/2026
Banfield,6,5,0,1,20/04/2026
Higiene Urbana,10,5,2,3,20/04/2026
Ingeniero Budge,5,4,0,1,20/04/2026
Llavallol,7,5,0,2,20/04/2026
Lomas,10,6,1,3,20/04/2026
Parque Baron,4,1,0,3,20/04/2026
San jose,8,8,0,0,20/04/2026
Santa Catalina,10,6,0,4,20/04/2026
Santa Marta,3,3,0,0,20/04/2026
Secretaria Serv. Publicos,6,5,0,1,20/04/2026
Subse Servicios Urbanos,10,5,0,6,20/04/2026
Temperley,7,6,0,1,20/04/2026
Turdera,2,2,0,0,20/04/2026
Villa Albertina,6,4,1,2,20/04/2026
Villa Centenario,4,2,2,0,20/04/2026
Villa Fiorito,6,4,0,2,20/04/2026
Villa Lamadrid,3,1,0,2,20/04/2026
Ecopunto,3,1,0,2,20/04/2026
Banfield,6,5,0,1,21/04/2026
Higiene Urbana,10,5,1,4,21/04/2026
Ingeniero Budge,5,4,0,1,21/04/2026
Llavallol,7,5,0,2,21/04/2026
Lomas,10,6,1,3,21/04/2026
Parque Baron,4,3,1,0,21/04/2026
San jose,8,5,0,3,21/04/2026
Santa Catalina,10,7,0,3,21/04/2026
Santa Marta,3,3,0,0,21/04/2026
Secretaria Serv. Publicos,6,5,0,1,21/04/2026
Subse Servicios Urbanos,10,6,0,4,21/04/2026
Temperley,7,6,0,1,21/04/2026
Turdera,2,2,0,0,21/04/2026
Villa Albertina,6,3,1,2,21/04/2026
Villa Centenario,4,3,1,0,21/04/2026
Villa Fiorito,6,5,0,1,21/04/2026
Villa Lamadrid,3,1,0,2,21/04/2026
Ecopunto,3,1,0,2,21/04/2026
Banfield,6,5,0,1,22/04/2026
Higiene Urbana,10,4,2,4,22/04/2026
Ingeniero Budge,5,4,0,1,22/04/2026
Llavallol,7,5,0,2,22/04/2026
Lomas,10,6,1,3,22/04/2026
Parque Baron,4,3,1,0,22/04/2026
San jose,8,5,0,3,22/04/2026
Santa Catalina,10,7,0,3,22/04/2026
Santa Marta,3,3,0,0,22/04/2026
Secretaria Serv. Publicos,6,6,0,0,22/04/2026
Subse Servicios Urbanos,10,6,0,4,22/04/2026
Temperley,7,6,0,1,22/04/2026
Turdera,2,2,0,0,22/04/2026
Villa Albertina,6,3,1,2,22/04/2026
Villa Centenario,4,4,0,0,22/04/2026
Villa Fiorito,6,4,0,2,22/04/2026
Villa Lamadrid,3,0,0,3,22/04/2026
Ecopunto,3,1,0,2,22/04/2026
Banfield,6,5,0,1,23/04/2026
Higiene Urbana,10,9,0,1,23/04/2026
Ingeniero Budge,5,5,0,0,23/04/2026
Llavallol,7,5,0,2,23/04/2026
Lomas,10,6,1,3,23/04/2026
Parque Baron,4,4,0,0,23/04/2026
San jose,8,6,0,2,23/04/2026
Santa Catalina,10,6,1,3,23/04/2026
Santa Marta,3,3,0,0,23/04/2026
Subse Servicios Urbanos,10,6,0,4,23/04/2026
Temperley,7,5,0,2,23/04/2026
Turdera,2,2,0,0,23/04/2026
Villa Albertina,6,3,1,2,23/04/2026
Villa Centenario,4,4,0,0,23/04/2026
Villa Fiorito,6,4,1,1,23/04/2026
Villa Lamadrid,3,0,0,3,23/04/2026
Ecopunto,3,1,0,2,23/04/2026
Banfield,6,6,0,0,26/04/2026
Higiene Urbana,10,5,0,5,26/04/2026
Ingeniero Budge,5,5,0,0,26/04/2026
Llavallol,7,6,0,1,26/04/2026
Lomas,10,6,1,3,26/04/2026
Parque Baron,4,4,0,0,26/04/2026
San jose,8,6,0,2,26/04/2026
Santa Catalina,10,5,2,3,26/04/2026
Santa Marta,3,3,0,0,26/04/2026
Subse Servicios Urbanos,10,6,1,3,26/04/2026
Temperley,7,7,0,0,26/04/2026
Turdera,2,2,0,0,26/04/2026
Villa Albertina,6,3,0,3,26/04/2026
Villa Centenario,4,3,0,1,26/04/2026
Villa Fiorito,6,5,0,1,26/04/2026
Villa Lamadrid,3,1,0,2,26/04/2026
Ecopunto,3,1,0,2,26/04/2026
Banfield,6,5,0,1,27/04/2026
Higiene Urbana,10,5,0,5,27/04/2026
Ingeniero Budge,5,5,0,0,27/04/2026
Llavallol,7,6,0,1,27/04/2026
Lomas,10,6,1,3,27/04/2026
Parque Baron,4,3,0,1,27/04/2026
San jose,8,6,0,2,27/04/2026
Santa Catalina,10,5,1,4,27/04/2026
Santa Marta,3,3,0,0,27/04/2026
Subse Servicios Urbanos,10,6,1,3,27/04/2026
Temperley,7,6,0,1,27/04/2026
Turdera,2,2,0,0,27/04/2026
Villa Albertina,6,3,0,3,27/04/2026
Villa Centenario,4,4,0,0,27/04/2026
Villa Fiorito,6,5,0,1,27/04/2026
Villa Lamadrid,3,1,0,2,27/04/2026
Ecopunto,3,1,0,2,27/04/2026
Banfield,6,5,0,1,28/04/2026
Higiene Urbana,10,3,1,6,28/04/2026
Ingeniero Budge,5,5,0,0,28/04/2026
Llavallol,7,6,0,1,28/04/2026
Lomas,10,6,1,3,28/04/2026
Parque Baron,4,3,0,1,28/04/2026
San jose,8,6,0,2,28/04/2026
Santa Catalina,10,5,1,4,28/04/2026
Santa Marta,3,3,0,0,28/04/2026
Subse Servicios Urbanos,10,7,0,3,28/04/2026
Temperley,7,6,0,1,28/04/2026
Turdera,2,2,0,0,28/04/2026
Villa Albertina,6,3,0,3,28/04/2026
Villa Centenario,4,4,0,0,28/04/2026
Villa Fiorito,6,5,0,1,28/04/2026
Villa Lamadrid,3,1,0,2,28/04/2026
Ecopunto,3,1,0,2,28/04/2026
Banfield,6,5,0,1,29/04/2026
DM Corte de Pasto,6,0,0,6,29/04/2026
DM Ecopunto,3,1,0,2,29/04/2026
DM Gestion de Plazas,2,2,0,0,29/04/2026
DM Mant. Hidrico,3,3,0,0,29/04/2026
Ingeniero Budge,5,4,1,0,29/04/2026
Llavallol,7,6,0,1,29/04/2026
Lomas,10,6,1,3,29/04/2026
Parque Baron,4,1,1,2,29/04/2026
San jose,8,8,0,0,29/04/2026
Santa Catalina,10,6,0,4,29/04/2026
Santa Marta,3,3,0,0,29/04/2026
Secretaria ,1,1,0,1,29/04/2026
Subse Servicios Urbanos,11,7,1,3,29/04/2026
Subse Ambiente,6,5,0,1,29/04/2026
Subse Cambio Climatico,10,10,0,0,29/04/2026
Temperley,7,6,0,1,29/04/2026
Turdera,2,2,0,0,29/04/2026
Villa Albertina,6,3,0,3,29/04/2026
Villa Centenario,4,4,0,0,29/04/2026
Villa Fiorito,6,5,0,1,29/04/2026
Villa Lamadrid,4,2,0,2,29/04/2026
Banfield,6,4,0,2,03/05/2026
DM Corte de Pasto,6,6,0,0,03/05/2026
DM Ecopunto,3,1,0,2,03/05/2026
DM Gestion de Plazas,2,2,0,0,03/05/2026
DM Mant. Hidrico,3,3,0,0,03/05/2026
Ingeniero Budge,5,5,0,0,03/05/2026
Llavallol,7,6,0,1,03/05/2026
Lomas,10,6,1,3,03/05/2026
Parque Baron,4,3,1,0,03/05/2026
San jose,8,6,0,2,03/05/2026
Santa Catalina,10,7,0,3,03/05/2026
Santa Marta,3,2,1,0,03/05/2026
Secretaria ,1,0,0,1,03/05/2026
Subse Servicios Urbanos,11,4,1,6,03/05/2026
Subse Ambiente,6,3,0,3,03/05/2026
Subse Cambio Climatico,10,4,0,6,03/05/2026
Temperley,7,6,0,1,03/05/2026
Turdera,2,2,0,0,03/05/2026
Villa Albertina,6,3,0,3,03/05/2026
Villa Centenario,4,4,0,0,03/05/2026
Villa Fiorito,6,5,0,1,03/05/2026
Villa Lamadrid,4,1,0,3,03/05/2026
Banfield,6,5,0,1,04/05/2026
DM Corte de Pasto,6,6,0,0,04/05/2026
DM Ecopunto,3,1,0,2,04/05/2026
DM Gestion de Plazas,2,2,0,0,04/05/2026
DM Mant. Hidrico,3,3,0,0,04/05/2026
Ingeniero Budge,5,3,2,0,04/05/2026
Llavallol,7,5,0,2,04/05/2026
Lomas,10,6,1,3,04/05/2026
Parque Baron,4,3,0,1,04/05/2026
San jose,8,6,0,2,04/05/2026
Santa Catalina,10,8,0,2,04/05/2026
Santa Marta,3,2,1,0,04/05/2026
Secretaria ,1,0,0,1,04/05/2026
Subse Servicios Urbanos,11,6,0,5,04/05/2026
Subse Ambiente,6,5,1,0,04/05/2026
Subse Cambio Climatico,10,4,0,6,04/05/2026
Temperley,7,6,0,1,04/05/2026
Turdera,2,2,0,0,04/05/2026
Villa Albertina,6,3,0,3,04/05/2026
Villa Centenario,4,4,0,0,04/05/2026
Villa Fiorito,6,5,0,1,04/05/2026
Villa Lamadrid,4,1,0,3,04/05/2026
Banfield,6,5,0,1,05/05/2026
DM Corte de Pasto,1,1,0,0,05/05/2026
DM Ecopunto,3,1,0,2,05/05/2026
DM Gestion de Plazas,2,2,0,0,05/05/2026
DM Mant. Hidrico,3,3,0,0,05/05/2026
Ingeniero Budge,5,5,0,0,05/05/2026
Llavallol,7,5,0,2,05/05/2026
Lomas,10,6,1,3,05/05/2026
Parque Baron,4,3,0,1,05/05/2026
San jose,8,6,0,2,05/05/2026
Santa Catalina,10,6,1,3,05/05/2026
Santa Marta,3,3,0,0,05/05/2026
Secretaria ,1,0,0,1,05/05/2026
Subse Servicios Urbanos,11,7,0,4,05/05/2026
Subse Ambiente,3,2,0,1,05/05/2026
Subse Cambio Climatico,10,4,0,6,05/05/2026
Temperley,7,6,0,1,05/05/2026
Turdera,2,2,0,0,05/05/2026
Villa Albertina,6,3,0,3,05/05/2026
Villa Centenario,4,4,0,0,05/05/2026
Villa Fiorito,6,5,0,1,05/05/2026
Villa Lamadrid,4,1,0,3,05/05/2026
Banfield,6,6,0,0,06/05/2026
DM Corte de Pasto,1,1,0,0,06/05/2026
DM Ecopunto,3,1,0,2,06/05/2026
DM Gestion de Plazas,2,2,0,0,06/05/2026
DM Mant. Hidrico,3,3,0,0,06/05/2026
Ingeniero Budge,5,5,0,0,06/05/2026
Llavallol,7,5,0,2,06/05/2026
Lomas,10,6,1,3,06/05/2026
Parque Baron,4,4,0,0,06/05/2026
San jose,8,5,0,3,06/05/2026
Santa Catalina,10,6,1,3,06/05/2026
Santa Marta,3,3,0,0,06/05/2026
Secretaria ,1,0,0,1,06/05/2026
Subse Servicios Urbanos,11,7,0,4,06/05/2026
Subse Ambiente,3,2,0,1,06/05/2026
Subse Cambio Climatico,10,4,1,5,06/05/2026
Temperley,7,6,0,1,06/05/2026
Turdera,2,2,0,0,06/05/2026
Villa Albertina,6,2,1,3,06/05/2026
Villa Centenario,4,4,0,0,06/05/2026
Villa Fiorito,6,4,0,2,06/05/2026
Villa Lamadrid,4,1,0,3,06/05/2026
Banfield,6,6,0,0,07/05/2026
DM Corte de Pasto,1,1,0,0,07/05/2026
DM Ecopunto,3,1,0,2,07/05/2026
DM Gestion de Plazas,2,2,0,0,07/05/2026
DM Mant. Hidrico,3,3,0,0,07/05/2026
Ingeniero Budge,5,5,0,0,07/05/2026
Llavallol,7,5,0,2,07/05/2026
Lomas,10,7,0,3,07/05/2026
Parque Baron,4,3,0,1,07/05/2026
San jose,8,5,0,3,07/05/2026
Santa Catalina,10,5,2,3,07/05/2026
Santa Marta,3,3,0,0,07/05/2026
Secretaria ,1,0,0,1,07/05/2026
Subse Servicios Urbanos,11,7,0,4,07/05/2026
Subse Ambiente,3,2,0,1,07/05/2026
Subse Cambio Climatico,10,5,0,5,07/05/2026
Temperley,7,6,0,1,07/05/2026
Turdera,2,2,0,0,07/05/2026
Villa Albertina,6,2,1,3,07/05/2026
Villa Centenario,4,4,0,0,07/05/2026
Villa Fiorito,6,4,0,2,07/05/2026
Villa Lamadrid,4,1,0,3,07/05/2026
Banfield,6,6,0,0,10/05/2026
DM Corte de Pasto,1,1,0,0,10/05/2026
DM Ecopunto,3,1,0,2,10/05/2026
DM Gestion de Plazas,2,2,0,0,10/05/2026
DM Mant. Hidrico,3,3,0,0,10/05/2026
Ingeniero Budge,5,5,0,0,10/05/2026
Llavallol,7,5,0,2,10/05/2026
Lomas,10,6,1,3,10/05/2026
Parque Baron,4,3,1,0,10/05/2026
San jose,8,4,0,4,10/05/2026
Santa Catalina,10,5,0,5,10/05/2026
Santa Marta,3,2,1,0,10/05/2026
Secretaria ,1,0,0,1,10/05/2026
Subse Servicios Urbanos,11,7,0,4,10/05/2026
Subse Ambiente,3,2,0,1,10/05/2026
Subse Cambio Climatico,10,4,1,5,10/05/2026
Temperley,7,6,0,1,10/05/2026
Turdera,2,2,0,0,10/05/2026
Villa Albertina,6,3,0,3,10/05/2026
Villa Centenario,4,4,0,0,10/05/2026
Villa Fiorito,6,4,0,2,10/05/2026
Villa Lamadrid,4,1,0,3,10/05/2026
Banfield,6,6,0,0,11/05/2026
DM Corte de Pasto,1,0,1,0,11/05/2026
DM Ecopunto,3,1,0,2,11/05/2026
DM Gestion de Plazas,2,2,0,0,11/05/2026
DM Mant. Hidrico,3,3,0,0,11/05/2026
Ingeniero Budge,5,4,1,0,11/05/2026
Llavallol,7,6,0,1,11/05/2026
Lomas,10,6,1,3,11/05/2026
Parque Baron,4,4,0,0,11/05/2026
San jose,8,4,0,4,11/05/2026
Santa Catalina,10,6,0,4,11/05/2026
Santa Marta,3,3,0,0,11/05/2026
Secretaria ,1,0,0,1,11/05/2026
Subse Servicios Urbanos,11,7,0,4,11/05/2026
Subse Ambiente,3,2,0,1,11/05/2026
Subse Cambio Climatico,10,5,0,5,11/05/2026
Temperley,7,6,0,1,11/05/2026
Turdera,2,2,0,0,11/05/2026
Villa Albertina,6,3,0,3,11/05/2026
Villa Centenario,4,4,0,0,11/05/2026
Villa Fiorito,6,4,0,2,11/05/2026
Villa Lamadrid,4,1,0,3,11/05/2026
Banfield,6,6,0,0,12/05/2026
DM Corte de Pasto,1,0,1,0,12/05/2026
DM Ecopunto,3,1,0,2,12/05/2026
DM Gestion de Plazas,2,2,0,0,12/05/2026
DM Mant. Hidrico,3,3,0,0,12/05/2026
Ingeniero Budge,5,5,0,0,12/05/2026
Llavallol,7,6,0,1,12/05/2026
Lomas,10,6,1,3,12/05/2026
Parque Baron,4,3,1,0,12/05/2026
San jose,8,4,0,4,12/05/2026
Santa Catalina,10,6,1,3,12/05/2026
Santa Marta,3,2,0,1,12/05/2026
Secretaria ,1,0,0,1,12/05/2026
Subse Servicios Urbanos,11,7,0,4,12/05/2026
Subse Ambiente,3,2,0,1,12/05/2026
Subse Cambio Climatico,10,5,0,5,12/05/2026
Temperley,7,6,0,1,12/05/2026
Turdera,2,2,0,0,12/05/2026
Villa Albertina,6,3,0,3,12/05/2026
Villa Centenario,4,4,0,0,12/05/2026
Villa Fiorito,6,2,1,3,12/05/2026
Villa Lamadrid,4,0,1,3,12/05/2026
Banfield,6,6,0,0,13/05/2026
DM Corte de Pasto,1,1,0,0,13/05/2026
DM Ecopunto,3,1,0,2,13/05/2026
DM Gestion de Plazas,2,2,0,0,13/05/2026
DM Mant. Hidrico,3,3,0,0,13/05/2026
Ingeniero Budge,5,4,1,0,13/05/2026
Llavallol,7,6,0,1,13/05/2026
Lomas,10,6,1,3,13/05/2026
Parque Baron,4,4,0,0,13/05/2026
San jose,8,5,0,3,13/05/2026
Santa Catalina,10,6,0,4,13/05/2026
Santa Marta,3,2,0,1,13/05/2026
Secretaria ,1,0,0,1,13/05/2026
Subse Servicios Urbanos,11,7,0,4,13/05/2026
Subse Ambiente,3,2,0,1,13/05/2026
Subse Cambio Climatico,10,5,0,5,13/05/2026
Temperley,7,6,0,1,13/05/2026
Turdera,2,2,0,0,13/05/2026
Villa Albertina,6,3,0,3,13/05/2026
Villa Centenario,4,3,0,1,13/05/2026
Villa Fiorito,6,3,0,3,13/05/2026
Villa Lamadrid,4,2,0,2,13/05/2026
Banfield,6,6,0,0,14/05/2026
DM Corte de Pasto,1,1,0,0,14/05/2026
DM Ecopunto,3,1,0,2,14/05/2026
DM Gestion de Plazas,2,2,0,0,14/05/2026
DM Mant. Hidrico,3,3,0,0,14/05/2026
Ingeniero Budge,5,5,0,0,14/05/2026
Llavallol,7,6,0,1,14/05/2026
Lomas,10,6,1,3,14/05/2026
Parque Baron,4,4,0,0,14/05/2026
San jose,8,5,0,3,14/05/2026
Santa Catalina,10,6,0,4,14/05/2026
Santa Marta,3,3,0,0,14/05/2026
Secretaria ,1,1,0,0,14/05/2026
Subse Servicios Urbanos,11,7,0,4,14/05/2026
Subse Ambiente,3,2,0,1,14/05/2026
Subse Cambio Climatico,10,6,0,4,14/05/2026
Temperley,7,5,1,1,14/05/2026
Turdera,2,2,0,0,14/05/2026
Villa Albertina,6,3,0,3,14/05/2026
Villa Centenario,4,3,0,1,14/05/2026
Villa Fiorito,6,3,0,3,14/05/2026
Villa Lamadrid,4,2,0,2,14/05/2026
Banfield,6,5,1,0,17/05/2026
DM Corte de Pasto,1,1,0,0,17/05/2026
DM Ecopunto,3,1,0,2,17/05/2026
DM Gestion de Plazas,2,1,1,0,17/05/2026
DM Mant. Hidrico,3,3,0,0,17/05/2026
Ingeniero Budge,5,5,0,0,17/05/2026
Llavallol,7,6,0,1,17/05/2026
Lomas,10,5,1,4,17/05/2026
Parque Baron,4,4,0,0,17/05/2026
San jose,8,5,1,2,17/05/2026
Santa Catalina,10,6,0,4,17/05/2026
Santa Marta,3,3,0,0,17/05/2026
Secretaria ,1,0,0,1,17/05/2026
Subse Servicios Urbanos,11,7,0,4,17/05/2026
Subse Ambiente,3,2,0,1,17/05/2026
Subse Cambio Climatico,10,5,0,5,17/05/2026
Temperley,7,5,1,1,17/05/2026
Turdera,2,2,0,0,17/05/2026
Villa Albertina,6,3,0,3,17/05/2026
Villa Centenario,4,3,0,1,17/05/2026
Villa Fiorito,6,2,0,4,17/05/2026
Villa Lamadrid,4,2,0,2,17/05/2026
Banfield,6,6,0,0,18/05/2026
DM Corte de Pasto,1,1,0,0,18/05/2026
DM Ecopunto,3,2,0,1,18/05/2026
DM Gestion de Plazas,2,1,1,0,18/05/2026
DM Mant. Hidrico,3,3,0,0,18/05/2026
Ingeniero Budge,5,5,0,0,18/05/2026
Llavallol,7,6,0,1,18/05/2026
Lomas,10,5,1,4,18/05/2026
Parque Baron,4,4,0,0,18/05/2026
San jose,8,5,0,3,18/05/2026
Santa Catalina,10,6,0,4,18/05/2026
Santa Marta,3,3,0,0,18/05/2026
Secretaria ,1,0,0,1,18/05/2026
Subse Servicios Urbanos,11,7,0,4,18/05/2026
Subse Ambiente,3,2,1,0,18/05/2026
Subse Cambio Climatico,10,5,0,5,18/05/2026
Temperley,7,6,0,1,18/05/2026
Turdera,2,2,0,0,18/05/2026
Villa Albertina,6,3,0,3,18/05/2026
Villa Centenario,4,3,0,1,18/05/2026
Villa Fiorito,6,2,0,4,18/05/2026
Villa Lamadrid,4,2,0,2,18/05/2026
Banfield,6,6,0,0,19/05/2026
DM Corte de Pasto,1,0,0,1,19/05/2026
DM Ecopunto,3,3,0,0,19/05/2026
DM Gestion de Plazas,2,1,1,0,19/05/2026
DM Mant. Hidrico,3,3,0,0,19/05/2026
Ingeniero Budge,5,5,0,0,19/05/2026
Llavallol,7,6,0,1,19/05/2026
Lomas,10,5,1,4,19/05/2026
Parque Baron,4,4,0,0,19/05/2026
San jose,8,4,0,4,19/05/2026
Santa Catalina,10,7,0,3,19/05/2026
Santa Marta,3,3,0,0,19/05/2026
Secretaria ,1,0,0,1,19/05/2026
Subse Servicios Urbanos,11,6,1,4,19/05/2026
Subse Ambiente,3,2,1,0,19/05/2026
Subse Cambio Climatico,10,5,0,5,19/05/2026
Temperley,7,6,0,1,19/05/2026
Turdera,2,2,0,0,19/05/2026
Villa Albertina,6,3,0,3,19/05/2026
Villa Centenario,4,3,0,1,19/05/2026
Villa Fiorito,6,3,0,3,19/05/2026
Villa Lamadrid,4,2,0,2,19/05/2026
Banfield,6,6,0,0,20/05/2026
DM Corte de Pasto,1,1,0,0,20/05/2026
DM Ecopunto,3,2,0,1,20/05/2026
DM Gestion de Plazas,2,2,0,0,20/05/2026
DM Mant. Hidrico,3,3,0,0,20/05/2026
Ingeniero Budge,5,5,0,0,20/05/2026
Llavallol,7,6,0,1,20/05/2026
Lomas,10,5,1,4,20/05/2026
Parque Baron,4,4,0,0,20/05/2026
San jose,8,4,0,4,20/05/2026
Santa Catalina,10,6,1,3,20/05/2026
Santa Marta,3,3,0,0,20/05/2026
Secretaria ,1,0,0,1,20/05/2026
Subse Servicios Urbanos,11,7,0,4,20/05/2026
Subse Ambiente,3,2,1,0,20/05/2026
Subse Cambio Climatico,10,5,0,5,20/05/2026
Temperley,7,6,0,1,20/05/2026
Turdera,2,2,0,0,20/05/2026
Villa Albertina,6,3,0,3,20/05/2026
Villa Centenario,4,3,0,1,20/05/2026
Villa Fiorito,6,3,0,3,20/05/2026
Villa Lamadrid,4,2,0,2,20/05/2026
Banfield,6,6,0,0,21/05/2026
DM Corte de Pasto,1,1,0,0,21/05/2026
DM Ecopunto,3,2,0,1,21/05/2026
DM Gestion de Plazas,2,2,0,0,21/05/2026
DM Mant. Hidrico,3,3,0,0,21/05/2026
Ingeniero Budge,5,5,0,0,21/05/2026
Llavallol,7,5,0,2,21/05/2026
Lomas,10,5,1,4,21/05/2026
Parque Baron,4,4,0,0,21/05/2026
San jose,8,5,0,3,21/05/2026
Santa Catalina,10,6,0,4,21/05/2026
Santa Marta,3,3,0,0,21/05/2026
Secretaria ,1,0,0,1,21/05/2026
Subse Servicios Urbanos,11,7,0,4,21/05/2026
Subse Ambiente,3,3,0,0,21/05/2026
Subse Cambio Climatico,10,5,0,5,21/05/2026
Temperley,7,6,0,1,21/05/2026
Turdera,2,2,0,0,21/05/2026
Villa Albertina,6,3,0,3,21/05/2026
Villa Centenario,4,3,0,1,21/05/2026
Villa Fiorito,6,3,0,3,21/05/2026
Villa Lamadrid,4,2,0,2,21/05/2026
Banfield,6,6,0,0,25/05/2026
DM Corte de Pasto,1,1,0,0,25/05/2026
DM Ecopunto,3,2,0,1,25/05/2026
DM Gestion de Plazas,2,2,0,0,25/05/2026
DM Mant. Hidrico,3,3,0,0,25/05/2026
Ingeniero Budge,5,5,0,0,25/05/2026
Llavallol,7,5,0,2,25/05/2026
Lomas,10,5,1,4,25/05/2026
Parque Baron,4,4,0,0,25/05/2026
San jose,8,5,0,3,25/05/2026
Santa Catalina,10,6,0,4,25/05/2026
Santa Marta,3,3,0,0,25/05/2026
Secretaria ,1,0,0,1,25/05/2026
Subse Servicios Urbanos,11,6,0,5,25/05/2026
Subse Ambiente,3,3,0,0,25/05/2026
Subse Cambio Climatico,10,5,0,5,25/05/2026
Temperley,7,6,0,1,25/05/2026
Turdera,2,2,0,0,25/05/2026
Villa Albertina,6,3,0,3,25/05/2026
Villa Centenario,4,3,0,1,25/05/2026
Villa Fiorito,6,4,0,2,25/05/2026
Villa Lamadrid,4,2,0,2,25/05/2026
Banfield,6,6,0,0,26/05/2026
DM Corte de Pasto,1,1,0,0,26/05/2026
DM Ecopunto,3,2,0,1,26/05/2026
DM Gestion de Plazas,2,2,0,0,26/05/2026
DM Mant. Hidrico,3,3,0,0,26/05/2026
Ingeniero Budge,5,4,1,0,26/05/2026
Llavallol,7,5,0,2,26/05/2026
Lomas,10,6,0,4,26/05/2026
Parque Baron,4,4,0,0,26/05/2026
San jose,8,5,0,3,26/05/2026
Santa Catalina,10,6,0,4,26/05/2026
Santa Marta,3,3,0,0,26/05/2026
Secretaria ,1,0,0,1,26/05/2026
Subse Servicios Urbanos,11,6,0,5,26/05/2026
Subse Ambiente,3,3,0,0,26/05/2026
Subse Cambio Climatico,10,4,1,5,26/05/2026
Temperley,7,6,0,1,26/05/2026
Turdera,2,2,0,0,26/05/2026
Villa Albertina,6,3,0,3,26/05/2026
Villa Centenario,4,3,0,1,26/05/2026
Villa Fiorito,6,4,0,2,26/05/2026
Villa Lamadrid,4,2,0,2,26/05/2026
Banfield,6,6,0,0,27/05/2026
DM Corte de Pasto,1,1,0,0,27/05/2026
DM Ecopunto,3,2,0,1,27/05/2026
DM Gestion de Plazas,2,2,0,0,27/05/2026
DM Mant. Hidrico,3,3,0,0,27/05/2026
Ingeniero Budge,5,5,0,0,27/05/2026
Llavallol,7,5,0,2,27/05/2026
Lomas,10,6,1,3,27/05/2026
Parque Baron,4,4,0,0,27/05/2026
San jose,8,5,0,3,27/05/2026
Santa Catalina,10,6,0,4,27/05/2026
Santa Marta,3,3,0,0,27/05/2026
Secretaria ,1,0,0,1,27/05/2026
Subse Servicios Urbanos,11,6,0,5,27/05/2026
Subse Ambiente,3,2,1,0,27/05/2026
Subse Cambio Climatico,10,7,0,3,27/05/2026
Temperley,7,6,0,1,27/05/2026
Turdera,2,2,0,0,27/05/2026
Villa Albertina,6,3,0,3,27/05/2026
Villa Centenario,4,3,0,1,27/05/2026
Villa Fiorito,6,4,0,2,27/05/2026
Villa Lamadrid,4,2,0,2,27/05/2026
Banfield,6,6,0,0,28/05/2026
DM Corte de Pasto,1,1,0,0,28/05/2026
DM Ecopunto,3,1,0,2,28/05/2026
DM Gestion de Plazas,2,2,0,0,28/05/2026
DM Mant. Hidrico,3,3,0,0,28/05/2026
Ingeniero Budge,5,5,0,0,28/05/2026
Llavallol,7,5,0,2,28/05/2026
Lomas,10,6,1,3,28/05/2026
Parque Baron,4,4,0,0,28/05/2026
San jose,8,5,1,2,28/05/2026
Santa Catalina,10,5,0,5,28/05/2026
Santa Marta,3,3,0,0,28/05/2026
Secretaria ,1,0,0,1,28/05/2026
Subse Servicios Urbanos,11,6,0,5,28/05/2026
Subse Ambiente,3,3,0,0,28/05/2026
Subse Cambio Climatico,10,6,0,4,28/05/2026
Temperley,7,6,0,1,28/05/2026
Turdera,2,2,0,0,28/05/2026
Villa Albertina,6,3,0,3,28/05/2026
Villa Centenario,4,3,0,1,28/05/2026
Villa Fiorito,6,4,0,2,28/05/2026
Villa Lamadrid,4,1,1,2,28/05/2026
Banfield,6,6,0,0,31/05/2026
DM Corte de Pasto,1,1,0,0,31/05/2026
DM Ecopunto,3,2,0,1,31/05/2026
DM Gestion de Plazas,2,2,0,0,31/05/2026
DM Mant. Hidrico,3,3,0,0,31/05/2026
Ingeniero Budge,5,4,1,0,31/05/2026
Llavallol,7,5,0,2,31/05/2026
Lomas,10,6,1,3,31/05/2026
Parque Baron,4,4,0,0,31/05/2026
San jose,8,5,0,3,31/05/2026
Santa Catalina,10,5,0,5,31/05/2026
Santa Marta,3,3,0,0,31/05/2026
Secretaria ,1,0,0,1,31/05/2026
Subse Servicios Urbanos,11,6,0,5,31/05/2026
Subse Ambiente,3,2,1,0,31/05/2026
Subse Cambio Climatico,10,5,1,4,31/05/2026
Temperley,7,6,0,1,31/05/2026
Turdera,2,2,0,0,31/05/2026
Villa Albertina,6,3,0,3,31/05/2026
Villa Centenario,4,3,0,1,31/05/2026
Villa Fiorito,6,4,0,2,31/05/2026
Villa Lamadrid,4,1,0,3,31/05/2026
Banfield,6,6,0,0,01/06/2026
DM Corte de Pasto,1,1,0,0,01/06/2026
DM Ecopunto,3,2,0,1,01/06/2026
DM Gestion de Plazas,2,2,0,0,01/06/2026
DM Mant. Hidrico,3,3,0,0,01/06/2026
Ingeniero Budge,5,5,0,0,01/06/2026
Llavallol,7,5,0,2,01/06/2026
Lomas,10,5,2,3,01/06/2026
Parque Baron,4,4,0,0,01/06/2026
San jose,8,6,0,2,01/06/2026
Santa Catalina,10,5,0,5,01/06/2026
Santa Marta,3,3,0,0,01/06/2026
Secretaria ,1,0,0,1,01/06/2026
Subse Servicios Urbanos,11,6,1,4,01/06/2026
Subse Ambiente,3,2,1,0,01/06/2026
Subse Cambio Climatico,10,6,0,4,01/06/2026
Temperley,7,5,1,1,01/06/2026
Turdera,2,2,0,0,01/06/2026
Villa Albertina,6,3,0,3,01/06/2026
Villa Centenario,4,3,0,1,01/06/2026
Villa Fiorito,6,4,0,2,01/06/2026
Villa Lamadrid,4,1,0,3,01/06/2026
Banfield,6,6,0,0,02/06/2026
DM Corte de Pasto,1,1,0,0,02/06/2026
DM Ecopunto,3,2,0,1,02/06/2026
DM Gestion de Plazas,2,2,0,0,02/06/2026
DM Mant. Hidrico,3,3,0,0,02/06/2026
Ingeniero Budge,5,4,1,0,02/06/2026
Llavallol,7,6,0,1,02/06/2026
Lomas,10,5,1,4,02/06/2026
Parque Baron,4,4,0,0,02/06/2026
San jose,8,6,0,2,02/06/2026
Santa Catalina,10,5,0,5,02/06/2026
Santa Marta,3,3,0,0,02/06/2026
Secretaria ,1,0,0,1,02/06/2026
Subse Servicios Urbanos,11,6,1,4,02/06/2026
Subse Ambiente,3,2,1,0,02/06/2026
Subse Cambio Climatico,10,5,0,5,02/06/2026
Temperley,7,7,0,0,02/06/2026
Turdera,2,2,0,0,02/06/2026
Villa Albertina,6,3,0,3,02/06/2026
Villa Centenario,4,3,0,1,02/06/2026
Villa Fiorito,6,4,0,2,02/06/2026
Villa Lamadrid,4,1,0,3,02/06/2026
Banfield,6,5,1,0,03/06/2026
DM Corte de Pasto,1,1,0,0,03/06/2026
DM Ecopunto,3,2,0,1,03/06/2026
DM Gestion de Plazas,2,2,0,0,03/06/2026
DM Mant. Hidrico,3,3,0,0,03/06/2026
Ingeniero Budge,5,5,0,0,03/06/2026
Llavallol,7,6,0,1,03/06/2026
Lomas,10,4,1,5,03/06/2026
Parque Baron,4,4,0,0,03/06/2026
San jose,8,6,0,2,03/06/2026
Santa Catalina,10,5,0,5,03/06/2026
Santa Marta,3,3,0,0,03/06/2026
Secretaria ,1,0,0,1,03/06/2026
Subse Servicios Urbanos,11,6,0,5,03/06/2026
Subse Ambiente,3,2,1,0,03/06/2026
Subse Cambio Climatico,10,6,0,4,03/06/2026
Temperley,7,7,0,0,03/06/2026
Turdera,2,2,0,0,03/06/2026
Villa Albertina,6,3,0,3,03/06/2026
Villa Centenario,4,3,0,1,03/06/2026
Villa Fiorito,6,4,0,2,03/06/2026
Villa Lamadrid,4,1,0,3,03/06/2026
Banfield,6,5,1,0,04/06/2026
DM Corte de Pasto,1,1,0,0,04/06/2026
DM Ecopunto,3,2,0,1,04/06/2026
DM Gestion de Plazas,2,1,1,0,04/06/2026
DM Mant. Hidrico,3,3,0,0,04/06/2026
Ingeniero Budge,5,5,0,0,04/06/2026
Llavallol,7,6,0,1,04/06/2026
Lomas,10,4,1,5,04/06/2026
Parque Baron,4,4,0,0,04/06/2026
San jose,8,6,0,2,04/06/2026
Santa Catalina,10,5,0,5,04/06/2026
Santa Marta,3,3,0,0,04/06/2026
Secretaria ,1,0,0,1,04/06/2026
Subse Servicios Urbanos,11,6,0,5,04/06/2026
Subse Ambiente,3,2,1,0,04/06/2026
Subse Cambio Climatico,10,6,0,4,04/06/2026
Temperley,7,7,0,0,04/06/2026
Turdera,2,2,0,0,04/06/2026
Villa Albertina,6,3,0,3,04/06/2026
Villa Centenario,4,3,0,1,04/06/2026
Villa Fiorito,6,4,0,2,04/06/2026
Villa Lamadrid,4,2,0,2,04/06/2026
Banfield,6,6,0,0,07/06/2026
DM Corte de Pasto,1,0,1,0,07/06/2026
DM Ecopunto,3,2,0,1,07/06/2026
DM Gestion de Plazas,2,1,0,1,07/06/2026
DM Mant. Hidrico,3,3,0,0,07/06/2026
Ingeniero Budge,5,0,5,0,07/06/2026
Llavallol,7,6,0,1,07/06/2026
Lomas,10,4,2,4,07/06/2026
Parque Baron,4,4,0,0,07/06/2026
San jose,8,6,0,2,07/06/2026
Santa Catalina,10,0,6,4,07/06/2026
Santa Marta,3,3,0,0,07/06/2026
Secretaria ,1,0,0,1,07/06/2026
Subse Servicios Urbanos,11,7,0,4,07/06/2026
Subse Ambiente,3,1,2,0,07/06/2026
Subse Cambio Climatico,10,1,6,3,07/06/2026
Temperley,7,6,0,1,07/06/2026
Turdera,2,2,0,0,07/06/2026
Villa Albertina,6,2,1,3,07/06/2026
Villa Centenario,4,2,0,2,07/06/2026
Villa Fiorito,6,4,0,2,07/06/2026
Villa Lamadrid,4,2,0,2,07/06/2026
Banfield,6,6,0,0,08/06/2026
DM Corte de Pasto,1,0,1,0,08/06/2026
DM Ecopunto,3,1,1,1,08/06/2026
DM Gestion de Plazas,2,1,1,0,08/06/2026
DM Mant. Hidrico,3,3,0,0,08/06/2026
Ingeniero Budge,5,4,1,0,08/06/2026
Llavallol,7,6,0,1,08/06/2026
Lomas,10,6,0,4,08/06/2026
Parque Baron,4,4,0,0,08/06/2026
San jose,8,6,0,2,08/06/2026
Santa Catalina,10,6,0,4,08/06/2026
Santa Marta,3,3,0,0,08/06/2026
Secretaria ,1,0,0,1,08/06/2026
Subse Servicios Urbanos,11,7,0,4,08/06/2026
Subse Ambiente,3,1,2,0,08/06/2026
Subse Cambio Climatico,10,1,6,3,08/06/2026
Temperley,7,6,0,1,08/06/2026
Turdera,2,2,0,0,08/06/2026
Villa Albertina,6,2,1,3,08/06/2026
Villa Centenario,4,3,0,1,08/06/2026
Villa Fiorito,6,4,0,2,08/06/2026
Villa Lamadrid,4,2,0,2,08/06/2026
Banfield,6,6,0,0,09/06/2026
DM Corte de Pasto,1,1,0,0,09/06/2026
DM Ecopunto,3,2,0,1,09/06/2026
DM Gestion de Plazas,2,2,0,0,09/06/2026
DM Mant. Hidrico,3,3,0,0,09/06/2026
Ingeniero Budge,5,4,1,0,09/06/2026
Llavallol,7,6,0,1,09/06/2026
Lomas,10,6,1,3,09/06/2026
Parque Baron,4,4,0,0,09/06/2026
San jose,8,5,0,3,09/06/2026
Santa Catalina,10,5,0,5,09/06/2026
Santa Marta,3,3,0,0,09/06/2026
Secretaria ,1,0,0,1,09/06/2026
Subse Servicios Urbanos,11,6,0,5,09/06/2026
Subse Ambiente,3,2,1,0,09/06/2026
Subse Cambio Climatico,10,7,0,3,09/06/2026
Temperley,7,6,0,1,09/06/2026
Turdera,2,2,0,0,09/06/2026
Villa Albertina,6,3,0,3,09/06/2026
Villa Centenario,4,3,0,1,09/06/2026
Villa Fiorito,6,3,1,2,09/06/2026
Villa Lamadrid,4,2,0,2,09/06/2026
Banfield,6,5,0,1,10/06/2026
DM Corte de Pasto,1,1,0,0,10/06/2026
DM Ecopunto,3,2,0,1,10/06/2026
DM Gestion de Plazas,2,2,0,0,10/06/2026
DM Mant. Hidrico,3,3,0,0,10/06/2026
Ingeniero Budge,5,4,1,0,10/06/2026
Llavallol,7,6,0,1,10/06/2026
Lomas,10,6,1,3,10/06/2026
Parque Baron,4,4,0,0,10/06/2026
San jose,8,4,1,3,10/06/2026
Santa Catalina,10,5,1,4,10/06/2026
Santa Marta,3,3,0,0,10/06/2026
Secretaria ,1,0,0,1,10/06/2026
Subse Servicios Urbanos,11,7,0,4,10/06/2026
Subse Ambiente,3,1,2,0,10/06/2026
Subse Cambio Climatico,10,7,0,3,10/06/2026
Temperley,7,7,0,0,10/06/2026
Turdera,2,2,0,0,10/06/2026
Villa Albertina,6,3,0,3,10/06/2026
Villa Centenario,4,3,0,1,10/06/2026
Villa Fiorito,6,3,1,2,10/06/2026
Villa Lamadrid,4,2,0,2,10/06/2026
Banfield,6,5,0,1,11/06/2026
DM Corte de Pasto,1,1,0,0,11/06/2026
DM Ecopunto,3,1,1,1,11/06/2026
DM Gestion de Plazas,2,2,0,0,11/06/2026
DM Mant. Hidrico,3,3,0,0,11/06/2026
Ingeniero Budge,5,4,1,0,11/06/2026
Llavallol,7,5,0,2,11/06/2026
Lomas,10,6,1,3,11/06/2026
Parque Baron,4,4,0,0,11/06/2026
San jose,8,5,1,2,11/06/2026
Santa Catalina,10,5,2,3,11/06/2026
Santa Marta,3,3,0,0,11/06/2026
Secretaria ,1,0,0,1,11/06/2026
Subse Servicios Urbanos,11,7,0,4,11/06/2026
Subse Ambiente,3,2,1,0,11/06/2026
Subse Cambio Climatico,10,8,0,2,11/06/2026
Temperley,7,7,0,0,11/06/2026
Turdera,2,2,0,0,11/06/2026
Villa Albertina,6,2,1,3,11/06/2026
Villa Centenario,4,3,0,1,11/06/2026
Villa Fiorito,6,4,1,1,11/06/2026
Villa Lamadrid,4,2,0,2,11/06/2026
Banfield,6,5,0,1,15/06/2026
DM Corte de Pasto,1,1,0,0,15/06/2026
DM Ecopunto,3,2,0,1,15/06/2026
DM Gestion de Plazas,2,2,0,0,15/06/2026
DM Mant. Hidrico,3,3,0,0,15/06/2026
Ingeniero Budge,5,5,0,0,15/06/2026
Llavallol,7,4,0,3,15/06/2026
Lomas,10,5,1,4,15/06/2026
Parque Baron,4,4,0,0,15/06/2026
San jose,8,6,0,2,15/06/2026
Santa Catalina,10,5,1,4,15/06/2026
Santa Marta,3,3,0,0,15/06/2026
Secretaria ,1,0,0,1,15/06/2026
Subse Servicios Urbanos,11,7,0,4,15/06/2026
Subse Ambiente,3,1,2,0,15/06/2026
Subse Cambio Climatico,10,7,0,3,15/06/2026
Temperley,7,7,0,0,15/06/2026
Turdera,2,2,0,0,15/06/2026
Villa Albertina,6,3,0,3,15/06/2026
Villa Centenario,4,3,0,1,15/06/2026
Villa Fiorito,6,5,0,1,15/06/2026
Villa Lamadrid,4,2,0,2,15/06/2026
Banfield,6,5,0,1,16/06/2026
DM Corte de Pasto,1,1,0,0,16/06/2026
DM Ecopunto,3,2,0,1,16/06/2026
DM Gestion de Plazas,2,1,1,0,16/06/2026
DM Mant. Hidrico,3,3,0,0,16/06/2026
Ingeniero Budge,5,5,0,0,16/06/2026
Llavallol,7,4,0,3,16/06/2026
Lomas,10,6,1,3,16/06/2026
Parque Baron,4,4,0,0,16/06/2026
San jose,8,6,0,2,16/06/2026
Santa Catalina,10,6,0,4,16/06/2026
Santa Marta,3,2,0,1,16/06/2026
Secretaria ,1,0,0,1,16/06/2026
Subse Servicios Urbanos,11,7,0,4,16/06/2026
Subse Ambiente,3,2,1,0,16/06/2026
Subse Cambio Climatico,10,7,0,3,16/06/2026
Temperley,7,7,0,0,16/06/2026
Turdera,2,2,0,0,16/06/2026
Villa Albertina,6,3,0,3,16/06/2026
Villa Centenario,4,3,0,1,16/06/2026
Villa Fiorito,6,5,0,1,16/06/2026
Villa Lamadrid,4,2,0,2,16/06/2026
Banfield,6,5,0,1,17/06/2026
DM Corte de Pasto,1,1,0,0,17/06/2026
DM Ecopunto,3,2,0,1,17/06/2026
DM Gestion de Plazas,2,1,1,0,17/06/2026
DM Mant. Hidrico,3,3,0,0,17/06/2026
Ingeniero Budge,5,5,0,0,17/06/2026
Llavallol,7,4,0,3,17/06/2026
Lomas,10,6,1,3,17/06/2026
Parque Baron,4,4,0,0,17/06/2026
San jose,8,6,0,2,17/06/2026
Santa Catalina,10,6,0,4,17/06/2026
Santa Marta,3,2,0,1,17/06/2026
Secretaria ,1,0,0,1,17/06/2026
Subse Servicios Urbanos,11,7,0,4,17/06/2026
Subse Ambiente,3,3,0,0,17/06/2026
Subse Cambio Climatico,10,7,0,3,17/06/2026
Temperley,7,6,1,0,17/06/2026
Turdera,2,2,0,0,17/06/2026
Villa Albertina,6,3,0,3,17/06/2026
Villa Centenario,4,3,0,1,17/06/2026
Villa Fiorito,6,5,0,1,17/06/2026
Villa Lamadrid,4,2,0,2,17/06/2026
Banfield,6,5,0,1,18/06/2026
DM Corte de Pasto,1,1,0,0,18/06/2026
DM Ecopunto,3,2,0,1,18/06/2026
DM Gestion de Plazas,2,2,0,0,18/06/2026
DM Mant. Hidrico,3,3,0,0,18/06/2026
Ingeniero Budge,5,4,1,0,18/06/2026
Llavallol,7,6,0,1,18/06/2026
Lomas,10,6,1,3,18/06/2026
Parque Baron,4,4,0,0,18/06/2026
San jose,8,4,2,2,18/06/2026
Santa Catalina,10,7,0,3,18/06/2026
Santa Marta,3,2,0,1,18/06/2026
Secretaria ,1,0,0,1,18/06/2026
Subse Servicios Urbanos,11,7,0,4,18/06/2026
Subse Ambiente,3,2,1,0,18/06/2026
Subse Cambio Climatico,10,7,1,2,18/06/2026
Temperley,7,6,1,0,18/06/2026
Turdera,2,2,0,0,18/06/2026
Villa Albertina,6,2,1,3,18/06/2026
Villa Centenario,4,2,0,2,18/06/2026
Villa Fiorito,6,5,0,1,18/06/2026
Villa Lamadrid,4,2,0,2,18/06/2026
Banfield,6,4,0,2,21/06/2026
DM Corte de Pasto,1,1,0,0,21/06/2026
DM Ecopunto,3,2,0,1,21/06/2026
DM Gestion de Plazas,2,2,0,0,21/06/2026
DM Mant. Hidrico,3,3,0,0,21/06/2026
Ingeniero Budge,5,5,0,0,21/06/2026
Llavallol,7,5,1,1,21/06/2026
Lomas,10,6,1,3,21/06/2026
Parque Baron,4,4,0,0,21/06/2026
San jose,8,6,0,2,21/06/2026
Santa Catalina,10,5,1,4,21/06/2026
Santa Marta,3,3,0,0,21/06/2026
Secretaria ,1,0,0,1,21/06/2026
Subse Servicios Urbanos,11,5,1,5,21/06/2026
Subse Ambiente,3,1,2,0,21/06/2026
Subse Cambio Climatico,10,7,1,2,21/06/2026
Temperley,7,6,1,0,21/06/2026
Turdera,2,2,0,0,21/06/2026
Villa Albertina,6,0,3,3,21/06/2026
Villa Centenario,4,1,1,2,21/06/2026
Villa Fiorito,6,5,0,1,21/06/2026
Villa Lamadrid,4,1,1,2,21/06/2026
Banfield,6,4,0,2,22/06/2026
DM Corte de Pasto,1,1,0,0,22/06/2026
DM Ecopunto,3,2,0,1,22/06/2026
DM Gestion de Plazas,2,2,0,0,22/06/2026
DM Mant. Hidrico,3,3,0,0,22/06/2026
Ingeniero Budge,5,5,0,0,22/06/2026
Llavallol,7,6,0,1,22/06/2026
Lomas,10,5,1,4,22/06/2026
Parque Baron,4,4,0,0,22/06/2026
San jose,8,6,0,2,22/06/2026
Santa Catalina,10,5,1,4,22/06/2026
Santa Marta,3,3,0,0,22/06/2026
Secretaria ,1,0,0,1,22/06/2026
Subse Servicios Urbanos,11,5,0,6,22/06/2026
Subse Ambiente,3,2,1,0,22/06/2026
Subse Cambio Climatico,10,8,0,2,22/06/2026
Temperley,7,7,0,0,22/06/2026
Turdera,2,2,0,0,22/06/2026
Villa Albertina,6,1,2,3,22/06/2026
Villa Centenario,4,2,0,2,22/06/2026
Villa Fiorito,6,4,0,2,22/06/2026
Villa Lamadrid,4,1,1,2,22/06/2026
Banfield,6,3,1,2,23/06/2026
DM Corte de Pasto,1,1,0,0,23/06/2026
DM Ecopunto,3,2,0,1,23/06/2026
DM Gestion de Plazas,2,1,0,1,23/06/2026
DM Mant. Hidrico,3,3,0,0,23/06/2026
Ingeniero Budge,5,4,1,0,23/06/2026
Llavallol,7,6,0,1,23/06/2026
Lomas,10,5,1,4,23/06/2026
Parque Baron,4,4,0,0,23/06/2026
San jose,8,5,1,2,23/06/2026
Santa Catalina,10,6,1,3,23/06/2026
Santa Marta,3,3,0,0,23/06/2026
Secretaria ,1,0,0,1,23/06/2026
Subse Servicios Urbanos,11,4,0,7,23/06/2026
Subse Ambiente,3,1,2,0,23/06/2026
Subse Cambio Climatico,10,8,0,2,23/06/2026
Temperley,7,7,0,0,23/06/2026
Turdera,2,2,0,0,23/06/2026
Villa Albertina,6,3,0,3,23/06/2026
Villa Centenario,4,2,0,2,23/06/2026
Villa Fiorito,6,4,1,1,23/06/2026
Villa Lamadrid,4,1,1,2,23/06/2026
Banfield,6,4,0,2,24/06/2026
DM Corte de Pasto,1,1,0,0,24/06/2026
DM Ecopunto,3,1,0,2,24/06/2026
DM Gestion de Plazas,2,2,0,0,24/06/2026
DM Mant. Hidrico,3,3,0,0,24/06/2026
Ingeniero Budge,5,3,2,0,24/06/2026
Llavallol,7,6,0,1,24/06/2026
Lomas,10,5,1,4,24/06/2026
Parque Baron,4,4,0,0,24/06/2026
San jose,8,5,0,3,24/06/2026
Santa Catalina,10,5,0,5,24/06/2026
Santa Marta,3,3,0,0,24/06/2026
Secretaria ,1,0,0,1,24/06/2026
Subse Servicios Urbanos,11,3,1,7,24/06/2026
Subse Ambiente,3,1,2,0,24/06/2026
Subse Cambio Climatico,10,8,0,2,24/06/2026
Temperley,7,6,1,0,24/06/2026
Turdera,2,2,0,0,24/06/2026
Villa Albertina,6,3,0,3,24/06/2026
Villa Centenario,4,3,0,1,24/06/2026
Villa Fiorito,6,5,0,1,24/06/2026
Villa Lamadrid,4,1,1,2,24/06/2026
Banfield,6,4,0,2,25/06/2026
DM Corte de Pasto,1,1,0,0,25/06/2026
DM Ecopunto,3,1,0,2,25/06/2026
DM Gestion de Plazas,2,2,0,0,25/06/2026
DM Mant. Hidrico,3,3,0,0,25/06/2026
Ingeniero Budge,5,5,0,0,25/06/2026
Llavallol,7,6,0,1,25/06/2026
Lomas,10,4,1,5,25/06/2026
Parque Baron,4,4,0,0,25/06/2026
San jose,8,5,0,3,25/06/2026
Santa Catalina,10,5,0,5,25/06/2026
Santa Marta,3,3,0,0,25/06/2026
Secretaria ,1,0,0,1,25/06/2026
Subse Servicios Urbanos,11,1,0,10,25/06/2026
Subse Ambiente,3,2,1,0,25/06/2026
Subse Cambio Climatico,10,7,0,3,25/06/2026
Temperley,7,7,0,0,25/06/2026
Turdera,2,2,0,0,25/06/2026
Villa Albertina,6,3,0,3,25/06/2026
Villa Centenario,4,3,1,0,25/06/2026
Villa Fiorito,6,5,0,1,25/06/2026
Villa Lamadrid,4,1,1,2,25/06/2026
Banfield,6,5,0,1,28/06/2026
DM Corte de Pasto,1,1,0,0,28/06/2026
DM Ecopunto,3,1,0,2,28/06/2026
DM Gestion de Plazas,2,2,0,0,28/06/2026
DM Mant. Hidrico,3,3,0,0,28/06/2026
Ingeniero Budge,5,4,1,0,28/06/2026
Llavallol,7,6,0,1,28/06/2026
Lomas,10,5,1,4,28/06/2026
Parque Baron,4,4,0,0,28/06/2026
San jose,8,5,0,3,28/06/2026
Santa Catalina,10,5,0,5,28/06/2026
Santa Marta,3,3,0,0,28/06/2026
Secretaria ,1,0,0,1,28/06/2026
Subse Servicios Urbanos,11,4,0,7,28/06/2026
Subse Ambiente,3,2,1,0,28/06/2026
Subse Cambio Climatico,10,8,0,2,28/06/2026
Temperley,7,7,0,0,28/06/2026
Turdera,2,2,0,0,28/06/2026
Villa Albertina,6,3,0,3,28/06/2026
Villa Centenario,4,3,0,1,28/06/2026
Villa Fiorito,6,4,0,2,28/06/2026
Villa Lamadrid,4,1,1,2,28/06/2026
Banfield,6,5,0,1,29/06/2026
DM Corte de Pasto,1,1,0,0,29/06/2026
DM Ecopunto,3,1,0,2,29/06/2026
DM Gestion de Plazas,2,1,1,0,29/06/2026
DM Mant. Hidrico,3,3,0,0,29/06/2026
Ingeniero Budge,5,3,1,1,29/06/2026
Llavallol,7,6,0,1,29/06/2026
Lomas,10,5,1,4,29/06/2026
Parque Baron,4,4,0,0,29/06/2026
San jose,8,5,0,3,29/06/2026
Santa Catalina,10,5,0,5,29/06/2026
Santa Marta,3,3,0,0,29/06/2026
Secretaria ,1,0,0,1,29/06/2026
Subse Servicios Urbanos,11,4,0,7,29/06/2026
Subse Ambiente,3,3,0,0,29/06/2026
Subse Cambio Climatico,10,6,0,4,29/06/2026
Temperley,7,6,0,1,29/06/2026
Turdera,2,2,0,0,29/06/2026
Villa Albertina,6,3,0,3,29/06/2026
Villa Centenario,4,3,0,1,29/06/2026
Villa Fiorito,6,4,0,2,29/06/2026
Villa Lamadrid,4,1,1,2,29/06/2026
Banfield,6,5,0,1,30/06/2026
DM Corte de Pasto,1,1,0,0,30/06/2026
DM Ecopunto,3,1,0,2,30/06/2026
DM Gestion de Plazas,2,1,1,0,30/06/2026
DM Mant. Hidrico,3,3,0,0,30/06/2026
Ingeniero Budge,5,3,0,2,30/06/2026
Llavallol,7,6,0,1,30/06/2026
Lomas,10,5,2,3,30/06/2026
Parque Baron,4,4,0,0,30/06/2026
San jose,8,4,1,3,30/06/2026
Santa Catalina,10,5,0,5,30/06/2026
Santa Marta,3,3,0,0,30/06/2026
Secretaria ,1,0,0,1,30/06/2026
Subse Servicios Urbanos,11,4,1,6,30/06/2026
Subse Ambiente,3,2,1,0,30/06/2026
Subse Cambio Climatico,10,6,0,4,30/06/2026
Temperley,7,6,0,1,30/06/2026
Turdera,2,2,0,0,30/06/2026
Villa Albertina,6,2,1,3,30/06/2026
Villa Centenario,4,3,0,1,30/06/2026
Villa Fiorito,6,4,1,1,30/06/2026
Villa Lamadrid,4,1,1,2,30/06/2026
Banfield,6,4,1,1,01/07/2026
DM Corte de Pasto,1,1,0,0,01/07/2026
DM Ecopunto,3,2,0,1,01/07/2026
DM Gestion de Plazas,2,2,0,0,01/07/2026
DM Mant. Hidrico,3,3,0,0,01/07/2026
Ingeniero Budge,5,2,1,2,01/07/2026
Llavallol,7,6,0,1,01/07/2026
Lomas,10,5,1,4,01/07/2026
Parque Baron,4,4,0,0,01/07/2026
San jose,8,4,1,3,01/07/2026
Santa Catalina,10,6,0,4,01/07/2026
Santa Marta,3,1,2,0,01/07/2026
Secretaria ,1,0,0,1,01/07/2026
Subse Servicios Urbanos,11,4,1,6,01/07/2026
Subse Ambiente,3,3,0,0,01/07/2026
Subse Cambio Climatico,10,5,2,3,01/07/2026
Temperley,7,7,0,0,01/07/2026
Turdera,2,2,0,0,01/07/2026
Villa Albertina,6,3,0,3,01/07/2026
Villa Centenario,4,3,0,1,01/07/2026
Villa Fiorito,6,5,0,1,01/07/2026
Villa Lamadrid,4,1,1,2,01/07/2026
Banfield,6,4,1,1,02/07/2026
DM Corte de Pasto,1,1,0,0,02/07/2026
DM Ecopunto,3,2,0,1,02/07/2026
DM Gestion de Plazas,2,2,0,0,02/07/2026
DM Mant. Hidrico,3,2,0,1,02/07/2026
Ingeniero Budge,5,2,1,2,02/07/2026
Llavallol,7,5,1,1,02/07/2026
Lomas,10,5,1,4,02/07/2026
Parque Baron,4,4,0,0,02/07/2026
San jose,8,4,1,3,02/07/2026
Santa Catalina,10,6,0,4,02/07/2026
Santa Marta,3,2,1,0,02/07/2026
Secretaria ,1,0,0,1,02/07/2026
Subse Servicios Urbanos,11,5,0,6,02/07/2026
Subse Ambiente,3,2,1,0,02/07/2026
Subse Cambio Climatico,10,4,2,4,02/07/2026
Temperley,7,7,0,0,02/07/2026
Turdera,2,2,0,0,02/07/2026
Villa Albertina,6,2,1,3,02/07/2026
Villa Centenario,4,3,0,1,02/07/2026
Villa Fiorito,6,5,0,1,02/07/2026
Villa Lamadrid,4,1,0,3,02/07/2026
Banfield,6,5,0,1,05/07/2026
DM Corte de Pasto,1,1,0,0,05/07/2026
DM Ecopunto,3,2,0,1,05/07/2026
DM Gestion de Plazas,2,2,0,0,05/07/2026
DM Mant. Hidrico,5,0,1,4,05/07/2026
Ingeniero Budge,5,3,1,1,05/07/2026
Llavallol,7,5,0,2,05/07/2026
Lomas,10,5,1,4,05/07/2026
Parque Baron,4,4,0,0,05/07/2026
San jose,8,5,0,3,05/07/2026
Santa Catalina,10,6,0,4,05/07/2026
Santa Marta,3,3,0,0,05/07/2026
Secretaria ,1,0,0,1,05/07/2026
Subse Servicios Urbanos,11,4,1,6,05/07/2026
Subse Ambiente,3,1,2,0,05/07/2026
Subse Cambio Climatico,10,5,0,5,05/07/2026
Temperley,7,7,0,0,05/07/2026
Turdera,2,2,0,0,05/07/2026
Villa Albertina,6,3,0,3,05/07/2026
Villa Centenario,4,3,1,0,05/07/2026
Villa Fiorito,6,3,2,1,05/07/2026
Villa Lamadrid,4,1,0,3,05/07/2026
Banfield,6,5,0,1,06/07/2026
DM Corte de Pasto,1,1,0,0,06/07/2026
DM Ecopunto,3,2,0,1,06/07/2026
DM Gestion de Plazas,2,2,0,0,06/07/2026
DM Mant. Hidrico,3,2,0,1,06/07/2026
Ingeniero Budge,5,4,0,1,06/07/2026
Llavallol,7,6,0,1,06/07/2026
Lomas,10,5,1,4,06/07/2026
Parque Baron,4,4,0,0,06/07/2026
San jose,8,5,0,3,06/07/2026
Santa Catalina,10,7,0,3,06/07/2026
Santa Marta,3,3,0,0,06/07/2026
Secretaria ,1,0,0,1,06/07/2026
Subse Servicios Urbanos,11,3,1,7,06/07/2026
Subse Ambiente,3,1,1,1,06/07/2026
Subse Cambio Climatico,10,6,0,4,06/07/2026
Temperley,7,7,0,0,06/07/2026
Turdera,2,2,0,0,06/07/2026
Villa Albertina,6,3,0,3,06/07/2026
Villa Centenario,4,3,0,1,06/07/2026
Villa Fiorito,6,3,0,3,06/07/2026
Villa Lamadrid,4,1,0,3,06/07/2026
Banfield,6,5,0,1,07/07/2026
DM Corte de Pasto,1,1,0,0,07/07/2026
DM Ecopunto,3,1,1,1,07/07/2026
DM Gestion de Plazas,2,1,0,1,07/07/2026
DM Mant. Hidrico,3,3,0,0,07/07/2026
Ingeniero Budge,5,4,0,1,07/07/2026
Llavallol,7,6,0,1,07/07/2026
Lomas,10,5,1,4,07/07/2026
Parque Baron,4,4,0,0,07/07/2026
San jose,8,5,0,3,07/07/2026
Santa Catalina,10,7,0,3,07/07/2026
Santa Marta,3,3,0,0,07/07/2026
Secretaria ,1,0,0,1,07/07/2026
Subse Servicios Urbanos,11,3,1,7,07/07/2026
Subse Ambiente,3,1,1,1,07/07/2026
Subse Cambio Climatico,10,6,0,4,07/07/2026
Temperley,7,6,0,1,07/07/2026
Turdera,2,1,0,1,07/07/2026
Villa Albertina,6,2,1,3,07/07/2026
Villa Centenario,4,3,0,1,07/07/2026
Villa Fiorito,6,3,0,3,07/07/2026
Villa Lamadrid,4,1,0,3,07/07/2026
Banfield,6,5,0,1,12/07/2026
DM Corte de Pasto,1,1,0,0,12/07/2026
DM Ecopunto,3,2,1,0,12/07/2026
DM Gestion de Plazas,2,1,1,0,12/07/2026
DM Mant. Hidrico,3,3,0,0,12/07/2026
Ingeniero Budge,5,2,2,1,12/07/2026
Llavallol,7,5,0,2,12/07/2026
Lomas,10,5,1,4,12/07/2026
Parque Baron,4,4,0,0,12/07/2026
San jose,8,5,0,3,12/07/2026
Santa Catalina,10,6,1,3,12/07/2026
Santa Marta,3,3,0,0,12/07/2026
Secretaria ,1,0,0,1,12/07/2026
Subse Servicios Urbanos,11,3,1,7,12/07/2026
Subse Ambiente,3,1,1,1,12/07/2026
Subse Cambio Climatico,10,6,0,4,12/07/2026
Temperley,7,6,0,1,12/07/2026
Turdera,2,1,0,1,12/07/2026
Villa Albertina,6,3,0,3,12/07/2026
Villa Centenario,4,2,1,1,12/07/2026
Villa Fiorito,6,3,0,3,12/07/2026
Villa Lamadrid,4,1,0,3,12/07/2026
Banfield,6,5,0,1,13/07/2026
DM Corte de Pasto,1,1,0,0,13/07/2026
DM Ecopunto,3,2,0,1,13/07/2026
DM Gestion de Plazas,2,2,0,0,13/07/2026
DM Mant. Hidrico,3,3,0,0,13/07/2026
Ingeniero Budge,5,2,2,1,13/07/2026
Llavallol,7,5,0,2,13/07/2026
Lomas,10,5,1,4,13/07/2026
Parque Baron,4,4,0,0,13/07/2026
San jose,8,5,0,3,13/07/2026
Santa Catalina,10,7,0,3,13/07/2026
Santa Marta,3,3,0,0,13/07/2026
Secretaria ,1,0,0,1,13/07/2026
Subse Servicios Urbanos,11,3,1,7,13/07/2026
Subse Ambiente,3,2,1,0,13/07/2026
Subse Cambio Climatico,10,6,0,4,13/07/2026
Temperley,7,6,0,1,13/07/2026
Turdera,2,1,0,1,13/07/2026
Villa Albertina,6,3,0,3,13/07/2026
Villa Centenario,4,2,1,1,13/07/2026
Villa Fiorito,6,3,0,3,13/07/2026
Villa Lamadrid,4,1,0,3,13/07/2026
Banfield,6,4,0,2,14/07/2026
DM Corte de Pasto,1,1,0,0,14/07/2026
DM Ecopunto,3,2,0,1,14/07/2026
DM Gestion de Plazas,2,2,0,0,14/07/2026
DM Mant. Hidrico,3,1,0,2,14/07/2026
Ingeniero Budge,5,3,1,1,14/07/2026
Llavallol,7,5,1,1,14/07/2026
Lomas,10,5,1,4,14/07/2026
Parque Baron,4,4,0,0,14/07/2026
San jose,8,5,0,3,14/07/2026
Santa Catalina,10,7,0,3,14/07/2026
Santa Marta,3,3,0,0,14/07/2026
Secretaria ,1,0,0,1,14/07/2026
Subse Servicios Urbanos,11,3,1,7,14/07/2026
Subse Ambiente,3,2,1,0,14/07/2026
Subse Cambio Climatico,10,6,0,4,14/07/2026
Temperley,7,6,0,1,14/07/2026
Turdera,2,2,0,0,14/07/2026
Villa Albertina,6,3,0,3,14/07/2026
Villa Centenario,4,3,0,1,14/07/2026
Villa Fiorito,6,4,0,2,14/07/2026
Villa Lamadrid,4,1,0,3,14/07/2026
Banfield,6,5,0,1,15/07/2026
DM Corte de Pasto,1,1,0,0,15/07/2026
DM Ecopunto,3,2,0,1,15/07/2026
DM Gestion de Plazas,2,2,0,0,15/07/2026
DM Mant. Hidrico,4,0,0,4,15/07/2026
Ingeniero Budge,5,5,0,0,15/07/2026
Llavallol,7,6,0,1,15/07/2026
Lomas,10,7,1,2,15/07/2026
Parque Baron,4,4,0,0,15/07/2026
San jose,8,6,0,2,15/07/2026
Santa Catalina,10,5,3,2,15/07/2026
Santa Marta,3,3,0,0,15/07/2026
Secretaria ,1,1,0,0,15/07/2026
Subse Servicios Urbanos,11,7,0,4,15/07/2026
Subse Ambiente,3,3,0,0,15/07/2026
Subse Cambio Climatico,10,5,1,4,15/07/2026
Temperley,7,6,0,1,15/07/2026
Turdera,2,2,0,0,15/07/2026
Villa Albertina,6,3,0,3,15/07/2026
Villa Centenario,4,4,0,0,15/07/2026
Villa Fiorito,6,4,0,2,15/07/2026
Villa Lamadrid,4,2,0,2,15/07/2026
Banfield,6,4,1,1,16/07/2026
DM Corte de Pasto,1,1,0,0,16/07/2026
DM Ecopunto,3,2,0,1,16/07/2026
DM Gestion de Plazas,2,2,0,0,16/07/2026
DM Mant. Hidrico,4,4,0,0,16/07/2026
Ingeniero Budge,5,2,2,1,16/07/2026
Llavallol,7,6,0,1,16/07/2026
Lomas,10,5,1,4,16/07/2026
Parque Baron,4,4,0,0,16/07/2026
San jose,8,5,0,3,16/07/2026
Santa Catalina,10,4,2,4,16/07/2026
Santa Marta,3,3,0,0,16/07/2026
Secretaria ,1,0,0,1,16/07/2026
Subse Servicios Urbanos,11,3,1,7,16/07/2026
Subse Ambiente,4,0,4,0,16/07/2026
Subse Cambio Climatico,10,7,0,3,16/07/2026
Temperley,7,6,0,1,16/07/2026
Turdera,2,2,0,0,16/07/2026
Villa Albertina,6,2,0,4,16/07/2026
Villa Centenario,4,3,1,0,16/07/2026
Villa Fiorito,6,4,0,2,16/07/2026
Villa Lamadrid,4,1,0,3,16/07/2026